OrderID,OrderDate,CustomerID,ProductID,Quantity,DiscountRate,UnitCost,ListPrice,Category,GrossSales,DiscountValue,NetSales,COGS,ShippingCost,PaymentCost
O500000,2025-09-29,C10770,P2003,1,0.15,103.86,246.21,Sports,246.21,36.93,209.28,103.86,6.36,4.16
O500001,2025-11-18,C10318,P2049,1,0.0,75.64,173.14,Apparel,173.14,0.0,173.14,75.64,7.44,4.34
O500002,2025-01-17,C11032,P2060,1,0.1,91.93,225.41,Sports,225.41,22.54,202.87,91.93,3.09,3.82
O500003,2026-01-22,C10579,P2066,1,0.15,21.23,45.94,Beauty,45.94,6.89,39.05,21.23,4.34,1.06
O500004,2025-10-08,C10403,P2066,3,0.1,21.23,45.94,Beauty,137.82,13.78,124.04,63.69,6.55,2.38
O500005,2025-04-04,C10313,P2020,1,0.1,96.28,147.84,Home,147.84,14.78,133.06,96.28,5.32,2.89
O500006,2025-02-01,C10286,P2070,2,0.15,80.41,185.88,Sports,371.76,55.76,316.0,160.82,3.38,7.53
O500007,2025-09-18,C11185,P2020,2,0.0,96.28,147.84,Home,295.68,0.0,295.68,192.56,7.06,5.81
O500008,2025-06-14,C10831,P2065,2,0.15,74.22,160.54,Electronics,321.08,48.16,272.92,148.44,5.86,8.35
O500009,2026-02-08,C10344,P2031,1,0.15,54.53,117.07,Sports,117.07,17.56,99.51,54.53,5.06,2.2
O500010,2025-03-18,C10556,P2076,1,0.05,94.33,153.36,Apparel,153.36,7.67,145.69,94.33,6.12,4.58
O500011,2026-02-16,C10377,P2072,1,0.15,85.85,152.66,Sports,152.66,22.9,129.76,85.85,5.46,3.22
O500012,2025-10-25,C10929,P2076,2,0.05,94.33,153.36,Apparel,306.72,15.34,291.38,188.66,6.45,6.98
O500013,2025-12-07,C10490,P2016,3,0.1,23.99,66.65,Electronics,199.95,20.0,179.96,71.97,3.07,4.96
O500014,2026-04-06,C10765,P2014,3,0.0,105.6,279.48,Beauty,838.44,0.0,838.44,316.8,4.69,17.61
O500015,2026-03-24,C10731,P2068,1,0.15,54.46,128.05,Home,128.05,19.21,108.84,54.46,5.86,2.98
O500016,2025-04-11,C10832,P2040,3,0.05,46.24,112.16,Electronics,336.48,16.82,319.66,138.72,2.5,5.77
O500017,2025-12-06,C10762,P2012,3,0.15,91.5,250.58,Home,751.74,112.76,638.98,274.5,7.45,18.5
O500018,2026-06-09,C10862,P2015,2,0.15,32.67,56.68,Home,113.36,17.0,96.36,65.34,5.02,3.04
O500019,2025-09-23,C10456,P2007,1,0.15,81.19,138.2,Apparel,138.2,20.73,117.47,81.19,4.04,2.81
O500020,2026-01-13,C10697,P2002,1,0.0,36.16,61.12,Beauty,61.12,0.0,61.12,36.16,2.73,1.19
O500021,2025-11-29,C10647,P2017,2,0.25,42.64,69.06,Apparel,138.12,34.53,103.59,85.28,4.56,2.6
O500022,2026-06-06,C10056,P2067,2,0.15,89.48,177.38,Sports,354.76,53.21,301.55,178.96,5.04,8.66
O500023,2025-05-23,C10597,P2016,2,0.0,23.99,66.65,Electronics,133.3,0.0,133.3,47.98,4.25,4.22
O500024,2026-06-23,C10101,P2027,1,0.15,39.51,103.84,Electronics,103.84,15.58,88.26,39.51,3.53,2.37
O500025,2026-03-06,C11076,P2025,1,0.25,59.62,149.3,Electronics,149.3,37.33,111.98,59.62,4.19,2.04
O500026,2025-05-07,C10406,P2035,3,0.0,33.04,85.13,Beauty,255.39,0.0,255.39,99.12,7.15,7.61
O500027,2025-11-14,C10307,P2070,1,0.15,80.41,185.88,Sports,185.88,27.88,158.0,80.41,3.98,3.0
O500028,2025-10-02,C10793,P2062,3,0.15,69.71,151.88,Beauty,455.64,68.35,387.29,209.13,6.24,9.53
O500029,2026-04-20,C10421,P2054,1,0.05,19.42,50.24,Beauty,50.24,2.51,47.73,19.42,5.21,1.23
O500030,2026-05-22,C11006,P2035,1,0.0,33.04,85.13,Beauty,85.13,0.0,85.13,33.04,5.16,1.59
O500031,2025-02-15,C10014,P2021,2,0.15,75.19,147.18,Electronics,294.36,44.15,250.21,150.38,7.12,6.51
O500032,2026-05-30,C11075,P2030,3,0.05,81.44,160.67,Electronics,482.01,24.1,457.91,244.32,6.49,11.8
O500033,2026-01-11,C10953,P2028,1,0.2,49.21,76.08,Beauty,76.08,15.22,60.86,49.21,3.45,1.75
O500034,2025-02-06,C11177,P2039,1,0.1,88.55,225.55,Beauty,225.55,22.56,203.0,88.55,3.81,4.16
O500035,2026-06-08,C10756,P2045,3,0.05,54.87,109.92,Sports,329.76,16.49,313.27,164.61,6.23,9.74
O500036,2025-10-29,C10927,P2066,3,0.1,21.23,45.94,Beauty,137.82,13.78,124.04,63.69,5.37,3.35
O500037,2025-07-10,C10645,P2008,1,0.1,64.11,126.24,Beauty,126.24,12.62,113.62,64.11,5.02,2.81
O500038,2026-06-03,C10317,P2036,1,0.0,79.57,186.92,Apparel,186.92,0.0,186.92,79.57,3.73,3.76
O500039,2025-03-21,C10822,P2042,2,0.2,21.36,43.17,Sports,86.34,17.27,69.07,42.72,2.75,1.59
O500040,2025-11-02,C10693,P2007,1,0.25,81.19,138.2,Apparel,138.2,34.55,103.65,81.19,6.24,3.29
O500041,2025-01-31,C10187,P2049,3,0.1,75.64,173.14,Apparel,519.42,51.94,467.48,226.92,4.83,13.43
O500042,2025-04-26,C11066,P2036,2,0.05,79.57,186.92,Apparel,373.84,18.69,355.15,159.14,5.43,6.74
O500043,2025-01-18,C10097,P2065,2,0.1,74.22,160.54,Electronics,321.08,32.11,288.97,148.44,6.82,6.92
O500044,2026-03-10,C10434,P2007,1,0.2,81.19,138.2,Apparel,138.2,27.64,110.56,81.19,6.05,2.22
O500045,2025-07-02,C11053,P2020,1,0.0,96.28,147.84,Home,147.84,0.0,147.84,96.28,4.97,4.05
O500046,2026-03-06,C10200,P2016,1,0.0,23.99,66.65,Electronics,66.65,0.0,66.65,23.99,5.6,1.33
O500047,2025-08-09,C10102,P2033,2,0.0,102.58,280.83,Apparel,561.66,0.0,561.66,205.16,3.33,17.71
O500048,2026-05-02,C10729,P2064,2,0.0,92.82,194.3,Sports,388.6,0.0,388.6,185.64,4.62,9.81
O500049,2026-01-11,C10321,P2001,1,0.05,67.86,159.31,Electronics,159.31,7.97,151.34,67.86,5.3,2.92
O500050,2025-11-10,C10163,P2078,3,0.1,80.99,151.9,Beauty,455.7,45.57,410.13,242.97,2.5,8.05
O500051,2026-03-18,C11108,P2023,1,0.15,99.43,207.17,Apparel,207.17,31.08,176.09,99.43,6.08,5.31
O500052,2025-07-01,C10242,P2055,2,0.05,14.94,29.55,Sports,59.1,2.96,56.14,29.88,4.4,1.59
O500053,2026-01-27,C10367,P2040,1,0.15,46.24,112.16,Electronics,112.16,16.82,95.34,46.24,3.65,2.25
O500054,2025-07-29,C10080,P2016,1,0.05,23.99,66.65,Electronics,66.65,3.33,63.32,23.99,3.1,1.64
O500055,2026-01-08,C10934,P2032,2,0.2,83.59,176.17,Apparel,352.34,70.47,281.87,167.18,5.11,6.77
O500056,2025-08-17,C11002,P2055,2,0.0,14.94,29.55,Sports,59.1,0.0,59.1,29.88,4.84,1.38
O500057,2025-04-24,C10297,P2021,1,0.1,75.19,147.18,Electronics,147.18,14.72,132.46,75.19,3.32,2.8
O500058,2026-04-21,C10986,P2079,1,0.0,76.11,150.73,Apparel,150.73,0.0,150.73,76.11,3.74,3.26
O500059,2025-11-13,C10325,P2074,1,0.1,60.53,130.38,Sports,130.38,13.04,117.34,60.53,6.38,2.44
O500060,2025-08-29,C10727,P2077,1,0.1,99.36,190.12,Apparel,190.12,19.01,171.11,99.36,5.08,4.87
O500061,2026-05-28,C10583,P2049,1,0.1,75.64,173.14,Apparel,173.14,17.31,155.83,75.64,3.87,4.62
O500062,2026-03-17,C10837,P2026,1,0.0,25.88,63.53,Beauty,63.53,0.0,63.53,25.88,5.1,1.98
O500063,2025-03-13,C10372,P2039,2,0.15,88.55,225.55,Beauty,451.1,67.67,383.44,177.1,3.27,10.8
O500064,2025-09-08,C10559,P2040,1,0.05,46.24,112.16,Electronics,112.16,5.61,106.55,46.24,7.77,3.0
O500065,2025-06-22,C10079,P2041,2,0.15,53.15,104.66,Apparel,209.32,31.4,177.92,106.3,3.52,4.17
O500066,2026-02-01,C10256,P2001,3,0.0,67.86,159.31,Electronics,477.93,0.0,477.93,203.58,2.84,12.42
O500067,2025-02-27,C10646,P2020,2,0.05,96.28,147.84,Home,295.68,14.78,280.9,192.56,3.14,6.09
O500068,2026-01-19,C10944,P2070,1,0.1,80.41,185.88,Sports,185.88,18.59,167.29,80.41,5.52,5.27
O500069,2025-03-21,C10036,P2053,1,0.0,95.73,175.96,Electronics,175.96,0.0,175.96,95.73,5.57,4.6
O500070,2026-03-05,C10787,P2023,2,0.1,99.43,207.17,Apparel,414.34,41.43,372.91,198.86,5.93,11.39
O500071,2026-04-11,C10741,P2047,2,0.1,23.95,36.37,Sports,72.74,7.27,65.47,47.9,4.0,2.03
O500072,2026-03-05,C10208,P2012,1,0.2,91.5,250.58,Home,250.58,50.12,200.46,91.5,6.18,4.05
O500073,2026-06-23,C10899,P2016,1,0.25,23.99,66.65,Electronics,66.65,16.66,49.99,23.99,4.55,1.02
O500074,2025-10-13,C10815,P2073,3,0.15,103.53,278.8,Apparel,836.4,125.46,710.94,310.59,5.04,18.83
O500075,2026-01-28,C10547,P2071,2,0.0,72.34,202.22,Beauty,404.44,0.0,404.44,144.68,5.28,8.67
O500076,2025-02-09,C10920,P2040,2,0.05,46.24,112.16,Electronics,224.32,11.22,213.1,92.48,7.79,5.31
O500077,2025-06-15,C11033,P2005,1,0.05,21.42,39.38,Sports,39.38,1.97,37.41,21.42,3.87,1.07
O500078,2025-03-13,C10474,P2040,1,0.05,46.24,112.16,Electronics,112.16,5.61,106.55,46.24,3.74,2.77
O500079,2025-09-11,C10347,P2079,1,0.05,76.11,150.73,Apparel,150.73,7.54,143.19,76.11,5.02,3.3
O500080,2025-01-30,C11058,P2026,1,0.0,25.88,63.53,Beauty,63.53,0.0,63.53,25.88,4.82,1.33
O500081,2025-08-01,C11100,P2011,1,0.0,25.59,43.62,Electronics,43.62,0.0,43.62,25.59,3.93,1.27
O500082,2025-05-10,C11000,P2016,3,0.1,23.99,66.65,Electronics,199.95,20.0,179.96,71.97,5.22,4.26
O500083,2025-04-21,C10907,P2048,3,0.05,26.01,65.12,Home,195.36,9.77,185.59,78.03,5.72,5.02
O500084,2026-06-10,C10008,P2025,2,0.05,59.62,149.3,Electronics,298.6,14.93,283.67,119.24,6.89,8.69
O500085,2025-03-16,C10583,P2021,1,0.1,75.19,147.18,Electronics,147.18,14.72,132.46,75.19,8.52,3.11
O500086,2025-07-07,C10178,P2010,1,0.1,105.58,212.84,Electronics,212.84,21.28,191.56,105.58,6.07,3.57
O500087,2026-06-20,C10652,P2038,2,0.1,61.98,100.85,Sports,201.7,20.17,181.53,123.96,5.99,4.06
O500088,2025-08-15,C10364,P2038,2,0.0,61.98,100.85,Sports,201.7,0.0,201.7,123.96,5.28,3.78
O500089,2025-07-15,C10744,P2070,2,0.1,80.41,185.88,Sports,371.76,37.18,334.58,160.82,5.67,7.18
O500090,2025-04-07,C10758,P2025,1,0.15,59.62,149.3,Electronics,149.3,22.4,126.91,59.62,2.91,3.95
O500091,2026-03-27,C10083,P2048,3,0.05,26.01,65.12,Home,195.36,9.77,185.59,78.03,7.88,4.23
O500092,2025-05-08,C10952,P2034,3,0.1,84.74,206.91,Electronics,620.73,62.07,558.66,254.22,4.48,17.36
O500093,2025-09-07,C10629,P2005,1,0.15,21.42,39.38,Sports,39.38,5.91,33.47,21.42,5.29,0.88
O500094,2026-02-17,C10728,P2008,1,0.1,64.11,126.24,Beauty,126.24,12.62,113.62,64.11,3.17,2.73
O500095,2025-05-21,C10055,P2025,3,0.1,59.62,149.3,Electronics,447.9,44.79,403.11,178.86,6.72,12.23
O500096,2025-02-20,C10365,P2061,2,0.0,92.46,150.56,Sports,301.12,0.0,301.12,184.92,5.32,7.01
O500097,2025-12-25,C10942,P2000,3,0.1,20.01,46.3,Beauty,138.9,13.89,125.01,60.03,3.69,3.14
O500098,2025-10-21,C10175,P2003,1,0.15,103.86,246.21,Sports,246.21,36.93,209.28,103.86,2.5,4.68
O500099,2026-02-04,C10066,P2055,2,0.0,14.94,29.55,Sports,59.1,0.0,59.1,29.88,5.7,1.51
O500100,2026-05-08,C10248,P2069,2,0.1,90.63,175.87,Apparel,351.74,35.17,316.57,181.26,7.88,6.8
O500101,2025-10-03,C10534,P2026,2,0.0,25.88,63.53,Beauty,127.06,0.0,127.06,51.76,6.1,2.35
O500102,2025-10-26,C10692,P2020,2,0.0,96.28,147.84,Home,295.68,0.0,295.68,192.56,4.72,6.21
O500103,2026-01-21,C10249,P2072,2,0.0,85.85,152.66,Sports,305.32,0.0,305.32,171.7,4.14,8.49
O500104,2025-10-31,C10390,P2048,1,0.15,26.01,65.12,Home,65.12,9.77,55.35,26.01,5.11,1.67
O500105,2025-06-16,C10552,P2012,2,0.1,91.5,250.58,Home,501.16,50.12,451.04,183.0,4.8,13.4
O500106,2026-04-30,C10326,P2030,1,0.2,81.44,160.67,Electronics,160.67,32.13,128.54,81.44,3.66,3.52
O500107,2025-06-01,C10933,P2071,1,0.0,72.34,202.22,Beauty,202.22,0.0,202.22,72.34,4.03,4.87
O500108,2026-02-25,C10444,P2019,2,0.05,28.46,61.03,Sports,122.06,6.1,115.96,56.92,4.65,2.9
O500109,2025-05-05,C10188,P2052,3,0.05,85.13,212.17,Beauty,636.51,31.83,604.68,255.39,6.04,11.44
O500110,2025-12-02,C10683,P2046,1,0.0,41.9,79.58,Sports,79.58,0.0,79.58,41.9,6.39,2.39
O500111,2026-05-12,C10236,P2079,1,0.15,76.11,150.73,Apparel,150.73,22.61,128.12,76.11,2.58,3.99
O500112,2026-01-22,C10673,P2060,2,0.2,91.93,225.41,Sports,450.82,90.16,360.66,183.86,3.3,9.1
O500113,2025-09-18,C10185,P2060,3,0.0,91.93,225.41,Sports,676.23,0.0,676.23,275.79,7.04,12.83
O500114,2025-01-28,C11081,P2025,2,0.0,59.62,149.3,Electronics,298.6,0.0,298.6,119.24,3.98,8.88
O500115,2025-06-21,C10831,P2057,1,0.1,24.55,53.8,Beauty,53.8,5.38,48.42,24.55,5.21,1.26
O500116,2025-11-21,C11061,P2059,2,0.0,74.58,192.13,Electronics,384.26,0.0,384.26,149.16,5.33,7.39
O500117,2026-06-14,C10142,P2030,2,0.15,81.44,160.67,Electronics,321.34,48.2,273.14,162.88,6.54,6.51
O500118,2026-02-28,C10890,P2028,1,0.0,49.21,76.08,Beauty,76.08,0.0,76.08,49.21,6.94,1.85
O500119,2025-01-15,C10701,P2024,1,0.0,38.64,85.56,Electronics,85.56,0.0,85.56,38.64,4.74,2.7
O500120,2026-01-22,C10110,P2018,3,0.05,23.1,60.58,Apparel,181.74,9.09,172.65,69.3,5.36,4.53
O500121,2025-12-20,C10995,P2026,2,0.05,25.88,63.53,Beauty,127.06,6.35,120.71,51.76,4.45,2.19
O500122,2026-01-18,C10591,P2015,2,0.2,32.67,56.68,Home,113.36,22.67,90.69,65.34,4.08,1.76
O500123,2025-01-17,C10175,P2076,1,0.0,94.33,153.36,Apparel,153.36,0.0,153.36,94.33,3.71,4.55
O500124,2025-05-15,C10215,P2011,2,0.1,25.59,43.62,Electronics,87.24,8.72,78.52,51.18,3.73,1.76
O500125,2026-01-24,C10006,P2060,3,0.05,91.93,225.41,Sports,676.23,33.81,642.42,275.79,3.52,20.41
O500126,2025-04-09,C11108,P2032,3,0.0,83.59,176.17,Apparel,528.51,0.0,528.51,250.77,4.44,9.59
O500127,2026-06-15,C10210,P2003,2,0.25,103.86,246.21,Sports,492.42,123.1,369.32,207.72,3.42,9.25
O500128,2026-04-05,C10465,P2010,1,0.05,105.58,212.84,Electronics,212.84,10.64,202.2,105.58,5.75,4.05
O500129,2025-06-03,C10225,P2036,2,0.0,79.57,186.92,Apparel,373.84,0.0,373.84,159.14,3.84,9.6
O500130,2025-09-20,C11135,P2050,2,0.1,47.62,83.27,Beauty,166.54,16.65,149.89,95.24,3.93,3.99
O500131,2026-05-23,C10177,P2070,3,0.15,80.41,185.88,Sports,557.64,83.65,473.99,241.23,3.81,9.26
O500132,2026-06-17,C11075,P2025,3,0.1,59.62,149.3,Electronics,447.9,44.79,403.11,178.86,6.35,7.92
O500133,2025-10-19,C10602,P2004,2,0.15,82.13,229.05,Sports,458.1,68.72,389.38,164.26,5.39,7.6
O500134,2026-04-30,C10014,P2004,1,0.0,82.13,229.05,Sports,229.05,0.0,229.05,82.13,4.74,4.18
O500135,2025-08-18,C11145,P2051,1,0.1,21.09,56.25,Home,56.25,5.62,50.62,21.09,6.6,1.07
O500136,2025-03-25,C10794,P2061,1,0.0,92.46,150.56,Sports,150.56,0.0,150.56,92.46,5.47,4.5
O500137,2025-07-30,C10143,P2060,3,0.15,91.93,225.41,Sports,676.23,101.43,574.8,275.79,7.89,13.77
O500138,2026-02-07,C11009,P2050,2,0.05,47.62,83.27,Beauty,166.54,8.33,158.21,95.24,7.75,3.39
O500139,2025-03-10,C10718,P2007,1,0.15,81.19,138.2,Apparel,138.2,20.73,117.47,81.19,4.4,2.96
O500140,2025-12-12,C11129,P2024,2,0.1,38.64,85.56,Electronics,171.12,17.11,154.01,77.28,4.54,3.33
O500141,2026-02-09,C10144,P2072,2,0.0,85.85,152.66,Sports,305.32,0.0,305.32,171.7,3.21,8.18
O500142,2025-12-31,C10479,P2054,3,0.1,19.42,50.24,Beauty,150.72,15.07,135.65,58.26,4.54,2.54
O500143,2025-09-18,C11094,P2002,1,0.1,36.16,61.12,Beauty,61.12,6.11,55.01,36.16,3.43,1.25
O500144,2025-06-26,C11186,P2057,1,0.0,24.55,53.8,Beauty,53.8,0.0,53.8,24.55,6.33,1.11
O500145,2025-06-26,C10365,P2038,2,0.0,61.98,100.85,Sports,201.7,0.0,201.7,123.96,3.06,5.56
O500146,2025-10-08,C11170,P2072,2,0.0,85.85,152.66,Sports,305.32,0.0,305.32,171.7,2.5,7.66
O500147,2025-06-30,C10603,P2029,1,0.25,30.95,55.54,Apparel,55.54,13.88,41.66,30.95,2.73,0.82
O500148,2025-12-28,C10443,P2039,3,0.1,88.55,225.55,Beauty,676.65,67.67,608.99,265.65,5.93,13.36
O500149,2026-01-08,C10844,P2059,1,0.1,74.58,192.13,Electronics,192.13,19.21,172.92,74.58,4.57,3.21
O500150,2026-03-05,C10282,P2024,1,0.0,38.64,85.56,Electronics,85.56,0.0,85.56,38.64,5.14,1.92
O500151,2025-02-07,C11116,P2065,1,0.0,74.22,160.54,Electronics,160.54,0.0,160.54,74.22,6.04,3.41
O500152,2025-09-20,C10177,P2057,2,0.05,24.55,53.8,Beauty,107.6,5.38,102.22,49.1,4.44,2.45
O500153,2025-07-29,C10246,P2038,1,0.15,61.98,100.85,Sports,100.85,15.13,85.72,61.98,2.5,2.06
O500154,2025-05-29,C11068,P2077,2,0.1,99.36,190.12,Apparel,380.24,38.02,342.22,198.72,5.14,10.79
O500155,2025-02-26,C10220,P2050,3,0.0,47.62,83.27,Beauty,249.81,0.0,249.81,142.86,3.59,5.52
O500156,2026-06-16,C11087,P2022,1,0.15,39.69,79.46,Beauty,79.46,11.92,67.54,39.69,6.46,2.15
O500157,2025-06-13,C10323,P2038,1,0.05,61.98,100.85,Sports,100.85,5.04,95.81,61.98,5.85,1.73
O500158,2026-03-21,C10280,P2040,1,0.0,46.24,112.16,Electronics,112.16,0.0,112.16,46.24,5.2,2.02
O500159,2026-02-14,C11050,P2024,2,0.15,38.64,85.56,Electronics,171.12,25.67,145.45,77.28,4.58,4.23
O500160,2025-06-21,C11080,P2031,3,0.2,54.53,117.07,Sports,351.21,70.24,280.97,163.59,5.63,6.19
O500161,2025-02-18,C10400,P2058,1,0.0,56.31,124.87,Electronics,124.87,0.0,124.87,56.31,7.7,2.44
O500162,2025-09-17,C10400,P2049,1,0.0,75.64,173.14,Apparel,173.14,0.0,173.14,75.64,5.57,4.7
O500163,2025-10-20,C10890,P2077,1,0.1,99.36,190.12,Apparel,190.12,19.01,171.11,99.36,5.76,4.29
O500164,2026-02-02,C10452,P2075,2,0.05,49.49,125.61,Electronics,251.22,12.56,238.66,98.98,5.13,6.58
O500165,2025-04-19,C10034,P2024,1,0.05,38.64,85.56,Electronics,85.56,4.28,81.28,38.64,6.23,1.99
O500166,2026-04-04,C10190,P2040,3,0.1,46.24,112.16,Electronics,336.48,33.65,302.83,138.72,3.9,7.28
O500167,2026-02-06,C10175,P2078,1,0.0,80.99,151.9,Beauty,151.9,0.0,151.9,80.99,3.06,4.26
O500168,2025-08-22,C10032,P2014,3,0.1,105.6,279.48,Beauty,838.44,83.84,754.6,316.8,6.94,15.83
O500169,2025-12-06,C10561,P2014,2,0.1,105.6,279.48,Beauty,558.96,55.9,503.06,211.2,4.72,10.92
O500170,2025-11-24,C10008,P2049,1,0.0,75.64,173.14,Apparel,173.14,0.0,173.14,75.64,5.56,4.49
O500171,2025-04-11,C10979,P2041,1,0.05,53.15,104.66,Apparel,104.66,5.23,99.43,53.15,3.1,2.77
O500172,2025-01-04,C10747,P2078,1,0.05,80.99,151.9,Beauty,151.9,7.6,144.3,80.99,4.97,4.22
O500173,2025-08-20,C10327,P2012,2,0.15,91.5,250.58,Home,501.16,75.17,425.99,183.0,5.9,13.03
O500174,2026-01-09,C11156,P2001,1,0.0,67.86,159.31,Electronics,159.31,0.0,159.31,67.86,6.38,3.63
O500175,2025-09-29,C10643,P2049,1,0.2,75.64,173.14,Apparel,173.14,34.63,138.51,75.64,3.27,2.64
O500176,2025-10-12,C10247,P2063,1,0.1,107.79,241.07,Sports,241.07,24.11,216.96,107.79,5.2,5.2
O500177,2025-03-28,C10414,P2054,3,0.0,19.42,50.24,Beauty,150.72,0.0,150.72,58.26,3.85,4.05
O500178,2025-01-28,C10066,P2054,1,0.2,19.42,50.24,Beauty,50.24,10.05,40.19,19.42,8.72,0.94
O500179,2025-04-14,C10131,P2069,1,0.0,90.63,175.87,Apparel,175.87,0.0,175.87,90.63,4.8,3.21
O500180,2025-07-07,C10313,P2043,2,0.1,34.43,56.92,Electronics,113.84,11.38,102.46,68.86,6.05,2.42
O500181,2025-02-15,C10463,P2051,2,0.1,21.09,56.25,Home,112.5,11.25,101.25,42.18,2.77,1.98
O500182,2026-04-05,C10652,P2046,2,0.05,41.9,79.58,Sports,159.16,7.96,151.2,83.8,2.67,4.07
O500183,2025-08-23,C10050,P2027,1,0.2,39.51,103.84,Electronics,103.84,20.77,83.07,39.51,5.4,1.74
O500184,2026-04-09,C10953,P2060,2,0.0,91.93,225.41,Sports,450.82,0.0,450.82,183.86,4.73,8.31
O500185,2025-01-13,C10307,P2028,3,0.05,49.21,76.08,Beauty,228.24,11.41,216.83,147.63,4.3,5.11
O500186,2025-03-28,C11131,P2038,1,0.05,61.98,100.85,Sports,100.85,5.04,95.81,61.98,5.61,2.15
O500187,2026-06-05,C10016,P2076,1,0.2,94.33,153.36,Apparel,153.36,30.67,122.69,94.33,7.16,3.05
O500188,2025-08-11,C10720,P2047,2,0.0,23.95,36.37,Sports,72.74,0.0,72.74,47.9,3.13,2.15
O500189,2025-01-08,C11139,P2010,1,0.0,105.58,212.84,Electronics,212.84,0.0,212.84,105.58,5.23,3.89
O500190,2025-05-01,C10593,P2048,1,0.15,26.01,65.12,Home,65.12,9.77,55.35,26.01,5.85,1.04
O500191,2026-06-27,C10634,P2053,1,0.2,95.73,175.96,Electronics,175.96,35.19,140.77,95.73,5.95,3.07
O500192,2026-02-07,C10642,P2056,2,0.05,12.18,29.13,Home,58.26,2.91,55.35,24.36,4.97,1.32
O500193,2025-03-15,C10949,P2056,2,0.0,12.18,29.13,Home,58.26,0.0,58.26,24.36,5.07,1.18
O500194,2026-03-23,C10907,P2050,1,0.15,47.62,83.27,Beauty,83.27,12.49,70.78,47.62,6.66,1.75
O500195,2025-09-27,C10776,P2077,2,0.15,99.36,190.12,Apparel,380.24,57.04,323.2,198.72,5.71,7.53
O500196,2026-06-06,C10161,P2013,1,0.25,14.91,32.18,Beauty,32.18,8.04,24.14,14.91,6.52,0.7
O500197,2025-12-31,C10751,P2013,2,0.15,14.91,32.18,Beauty,64.36,9.65,54.71,29.82,5.72,1.23
O500198,2026-04-05,C11151,P2046,1,0.25,41.9,79.58,Sports,79.58,19.9,59.68,41.9,6.01,1.18
O500199,2025-06-19,C10156,P2065,2,0.1,74.22,160.54,Electronics,321.08,32.11,288.97,148.44,5.3,8.52
O500200,2025-07-31,C10539,P2036,2,0.0,79.57,186.92,Apparel,373.84,0.0,373.84,159.14,7.06,11.15
O500201,2025-10-27,C10445,P2009,2,0.1,89.03,195.13,Home,390.26,39.03,351.23,178.06,3.33,6.69
O500202,2026-03-18,C10352,P2061,3,0.1,92.46,150.56,Sports,451.68,45.17,406.51,277.38,6.09,11.52
O500203,2026-01-03,C10963,P2064,1,0.05,92.82,194.3,Sports,194.3,9.72,184.58,92.82,2.5,4.78
O500204,2025-12-09,C10242,P2039,2,0.0,88.55,225.55,Beauty,451.1,0.0,451.1,177.1,5.43,12.32
O500205,2025-03-25,C10155,P2030,2,0.05,81.44,160.67,Electronics,321.34,16.07,305.27,162.88,3.58,7.54
O500206,2025-02-03,C10831,P2041,1,0.1,53.15,104.66,Apparel,104.66,10.47,94.19,53.15,3.1,1.79
O500207,2025-01-02,C10450,P2050,3,0.1,47.62,83.27,Beauty,249.81,24.98,224.83,142.86,2.5,6.71
O500208,2025-11-11,C10346,P2013,2,0.2,14.91,32.18,Beauty,64.36,12.87,51.49,29.82,6.19,1.12
O500209,2025-07-24,C10754,P2059,3,0.2,74.58,192.13,Electronics,576.39,115.28,461.11,223.74,3.76,13.91
O500210,2026-05-11,C10838,P2079,1,0.0,76.11,150.73,Apparel,150.73,0.0,150.73,76.11,5.91,2.75
O500211,2025-04-28,C10592,P2044,2,0.15,96.39,166.51,Electronics,333.02,49.95,283.07,192.78,2.63,5.49
O500212,2025-01-26,C10551,P2042,2,0.2,21.36,43.17,Sports,86.34,17.27,69.07,42.72,3.58,1.91
O500213,2025-04-07,C10952,P2035,1,0.15,33.04,85.13,Beauty,85.13,12.77,72.36,33.04,7.33,1.59
O500214,2025-08-14,C10038,P2069,1,0.05,90.63,175.87,Apparel,175.87,8.79,167.08,90.63,3.56,3.73
O500215,2026-06-03,C10515,P2057,1,0.1,24.55,53.8,Beauty,53.8,5.38,48.42,24.55,5.15,1.18
O500216,2025-01-20,C10888,P2009,3,0.25,89.03,195.13,Home,585.39,146.35,439.04,267.09,5.99,9.41
O500217,2025-04-27,C11162,P2019,1,0.0,28.46,61.03,Sports,61.03,0.0,61.03,28.46,6.97,1.5
O500218,2026-06-13,C10989,P2041,1,0.2,53.15,104.66,Apparel,104.66,20.93,83.73,53.15,2.5,2.29
O500219,2026-01-25,C10321,P2048,3,0.0,26.01,65.12,Home,195.36,0.0,195.36,78.03,4.29,4.1
O500220,2025-03-10,C10784,P2079,2,0.15,76.11,150.73,Apparel,301.46,45.22,256.24,152.22,5.26,5.4
O500221,2025-07-09,C10612,P2037,2,0.05,19.43,42.14,Home,84.28,4.21,80.07,38.86,5.1,2.48
O500222,2026-02-16,C10186,P2056,1,0.15,12.18,29.13,Home,29.13,4.37,24.76,12.18,7.25,0.66
O500223,2025-12-02,C10045,P2003,1,0.1,103.86,246.21,Sports,246.21,24.62,221.59,103.86,3.55,4.05
O500224,2025-08-20,C10017,P2007,2,0.1,81.19,138.2,Apparel,276.4,27.64,248.76,162.38,4.61,4.49
O500225,2025-11-04,C10158,P2052,1,0.1,85.13,212.17,Beauty,212.17,21.22,190.95,85.13,5.58,3.52
O500226,2025-06-15,C10358,P2029,1,0.1,30.95,55.54,Apparel,55.54,5.55,49.99,30.95,4.72,0.99
O500227,2025-10-14,C10539,P2062,1,0.2,69.71,151.88,Beauty,151.88,30.38,121.5,69.71,4.53,2.27
O500228,2025-02-07,C10245,P2051,2,0.2,21.09,56.25,Home,112.5,22.5,90.0,42.18,2.58,2.53
O500229,2026-06-29,C10286,P2015,2,0.1,32.67,56.68,Home,113.36,11.34,102.02,65.34,6.09,3.06
O500230,2025-09-22,C10540,P2025,1,0.2,59.62,149.3,Electronics,149.3,29.86,119.44,59.62,3.31,3.42
O500231,2026-02-28,C10241,P2014,1,0.05,105.6,279.48,Beauty,279.48,13.97,265.51,105.6,3.86,8.31
O500232,2026-05-21,C11154,P2006,3,0.25,90.83,200.16,Electronics,600.48,150.12,450.36,272.49,4.0,10.58
O500233,2025-11-20,C10258,P2047,3,0.0,23.95,36.37,Sports,109.11,0.0,109.11,71.85,3.39,3.2
O500234,2026-03-31,C10596,P2049,3,0.05,75.64,173.14,Apparel,519.42,25.97,493.45,226.92,5.28,14.16
O500235,2026-01-22,C10704,P2066,1,0.1,21.23,45.94,Beauty,45.94,4.59,41.35,21.23,5.08,1.24
O500236,2025-01-21,C10455,P2014,1,0.1,105.6,279.48,Beauty,279.48,27.95,251.53,105.6,7.07,7.2
O500237,2025-10-23,C11062,P2044,2,0.15,96.39,166.51,Electronics,333.02,49.95,283.07,192.78,5.54,7.6
O500238,2025-08-21,C10230,P2012,2,0.15,91.5,250.58,Home,501.16,75.17,425.99,183.0,7.9,7.96
O500239,2025-09-26,C10031,P2062,2,0.1,69.71,151.88,Beauty,303.76,30.38,273.38,139.42,5.55,7.03
O500240,2026-04-03,C11159,P2002,2,0.05,36.16,61.12,Beauty,122.24,6.11,116.13,72.32,3.54,2.32
O500241,2025-06-21,C10091,P2060,3,0.0,91.93,225.41,Sports,676.23,0.0,676.23,275.79,3.92,20.3
O500242,2026-06-05,C11130,P2003,2,0.15,103.86,246.21,Sports,492.42,73.86,418.56,207.72,3.96,11.54
O500243,2025-05-28,C10229,P2023,1,0.1,99.43,207.17,Apparel,207.17,20.72,186.45,99.43,3.01,3.79
O500244,2025-07-04,C10293,P2060,3,0.0,91.93,225.41,Sports,676.23,0.0,676.23,275.79,4.33,21.63
O500245,2025-11-22,C11057,P2046,1,0.1,41.9,79.58,Sports,79.58,7.96,71.62,41.9,4.53,1.87
O500246,2026-01-30,C10337,P2038,1,0.1,61.98,100.85,Sports,100.85,10.09,90.76,61.98,3.74,2.04
O500247,2025-02-06,C10973,P2069,1,0.1,90.63,175.87,Apparel,175.87,17.59,158.28,90.63,4.19,4.01
O500248,2026-03-14,C10541,P2021,2,0.0,75.19,147.18,Electronics,294.36,0.0,294.36,150.38,4.21,8.89
O500249,2026-04-08,C10282,P2032,1,0.1,83.59,176.17,Apparel,176.17,17.62,158.55,83.59,2.5,3.71
O500250,2026-02-27,C10116,P2014,1,0.15,105.6,279.48,Beauty,279.48,41.92,237.56,105.6,2.86,6.27
O500251,2026-06-05,C10691,P2050,1,0.1,47.62,83.27,Beauty,83.27,8.33,74.94,47.62,4.55,1.77
O500252,2025-06-01,C11124,P2008,1,0.1,64.11,126.24,Beauty,126.24,12.62,113.62,64.11,5.73,3.06
O500253,2025-03-22,C10912,P2058,1,0.0,56.31,124.87,Electronics,124.87,0.0,124.87,56.31,4.07,2.97
O500254,2026-05-21,C10569,P2004,3,0.0,82.13,229.05,Sports,687.15,0.0,687.15,246.39,6.82,20.4
O500255,2025-05-31,C10624,P2041,2,0.15,53.15,104.66,Apparel,209.32,31.4,177.92,106.3,4.25,3.58
O500256,2025-12-12,C10587,P2007,1,0.15,81.19,138.2,Apparel,138.2,20.73,117.47,81.19,3.69,2.88
O500257,2025-01-29,C10161,P2016,1,0.1,23.99,66.65,Electronics,66.65,6.67,59.99,23.99,3.97,1.26
O500258,2025-06-03,C10568,P2046,2,0.05,41.9,79.58,Sports,159.16,7.96,151.2,83.8,4.03,3.34
O500259,2025-09-22,C10978,P2028,3,0.1,49.21,76.08,Beauty,228.24,22.82,205.42,147.63,5.57,4.05
O500260,2026-05-30,C11114,P2025,2,0.0,59.62,149.3,Electronics,298.6,0.0,298.6,119.24,6.89,6.49
O500261,2025-06-01,C10073,P2050,3,0.05,47.62,83.27,Beauty,249.81,12.49,237.32,142.86,9.46,5.08
O500262,2025-10-25,C10940,P2014,2,0.05,105.6,279.48,Beauty,558.96,27.95,531.01,211.2,5.12,14.55
O500263,2026-04-13,C10326,P2021,2,0.1,75.19,147.18,Electronics,294.36,29.44,264.92,150.38,7.26,7.2
O500264,2025-07-16,C10938,P2058,1,0.25,56.31,124.87,Electronics,124.87,31.22,93.65,56.31,5.41,1.9
O500265,2025-05-18,C10055,P2054,1,0.0,19.42,50.24,Beauty,50.24,0.0,50.24,19.42,6.05,1.57
O500266,2025-07-28,C10915,P2019,2,0.15,28.46,61.03,Sports,122.06,18.31,103.75,56.92,5.06,2.08
O500267,2025-10-25,C10290,P2015,1,0.1,32.67,56.68,Home,56.68,5.67,51.01,32.67,2.5,1.54
O500268,2025-05-11,C10496,P2045,1,0.05,54.87,109.92,Sports,109.92,5.5,104.42,54.87,7.65,2.37
O500269,2025-05-14,C10628,P2032,1,0.15,83.59,176.17,Apparel,176.17,26.43,149.74,83.59,6.14,2.74
O500270,2025-06-06,C10692,P2023,2,0.15,99.43,207.17,Apparel,414.34,62.15,352.19,198.86,4.05,8.98
O500271,2026-02-26,C10352,P2077,2,0.25,99.36,190.12,Apparel,380.24,95.06,285.18,198.72,5.38,5.86
O500272,2026-04-04,C10227,P2012,1,0.0,91.5,250.58,Home,250.58,0.0,250.58,91.5,3.23,7.97
O500273,2026-03-07,C10068,P2075,1,0.05,49.49,125.61,Electronics,125.61,6.28,119.33,49.49,5.28,2.48
O500274,2026-05-24,C10830,P2008,2,0.15,64.11,126.24,Beauty,252.48,37.87,214.61,128.22,5.8,4.52
O500275,2025-08-21,C10806,P2078,2,0.15,80.99,151.9,Beauty,303.8,45.57,258.23,161.98,5.7,6.66
O500276,2025-07-18,C10620,P2017,1,0.2,42.64,69.06,Apparel,69.06,13.81,55.25,42.64,6.28,1.26
O500277,2025-11-23,C10040,P2001,1,0.15,67.86,159.31,Electronics,159.31,23.9,135.41,67.86,4.16,3.55
O500278,2026-06-25,C10294,P2014,2,0.15,105.6,279.48,Beauty,558.96,83.84,475.12,211.2,6.84,13.08
O500279,2025-11-27,C11132,P2072,1,0.05,85.85,152.66,Sports,152.66,7.63,145.03,85.85,4.31,3.79
O500280,2025-06-04,C10378,P2035,1,0.2,33.04,85.13,Beauty,85.13,17.03,68.1,33.04,3.54,1.72
O500281,2026-02-08,C10593,P2002,2,0.1,36.16,61.12,Beauty,122.24,12.22,110.02,72.32,3.76,2.75
O500282,2025-03-10,C10487,P2018,1,0.0,23.1,60.58,Apparel,60.58,0.0,60.58,23.1,3.76,1.15
O500283,2025-11-19,C10912,P2005,1,0.15,21.42,39.38,Sports,39.38,5.91,33.47,21.42,5.69,0.96
O500284,2025-02-20,C10701,P2008,1,0.05,64.11,126.24,Beauty,126.24,6.31,119.93,64.11,5.2,3.51
O500285,2025-12-11,C11099,P2053,1,0.15,95.73,175.96,Electronics,175.96,26.39,149.57,95.73,5.02,4.06
O500286,2026-01-03,C10694,P2006,1,0.0,90.83,200.16,Electronics,200.16,0.0,200.16,90.83,3.52,5.49
O500287,2026-04-12,C10808,P2078,2,0.0,80.99,151.9,Beauty,303.8,0.0,303.8,161.98,6.41,9.42
O500288,2025-11-01,C10111,P2044,1,0.0,96.39,166.51,Electronics,166.51,0.0,166.51,96.39,4.48,3.27
O500289,2026-06-13,C10666,P2052,1,0.2,85.13,212.17,Beauty,212.17,42.43,169.74,85.13,2.56,3.16
O500290,2025-09-25,C10883,P2034,1,0.25,84.74,206.91,Electronics,206.91,51.73,155.18,84.74,2.5,3.77
O500291,2026-04-18,C10385,P2063,1,0.1,107.79,241.07,Sports,241.07,24.11,216.96,107.79,6.8,6.07
O500292,2025-02-23,C10156,P2018,3,0.1,23.1,60.58,Apparel,181.74,18.17,163.57,69.3,6.0,5.01
O500293,2025-01-26,C10753,P2002,1,0.1,36.16,61.12,Beauty,61.12,6.11,55.01,36.16,3.31,1.21
O500294,2025-10-07,C10424,P2077,3,0.05,99.36,190.12,Apparel,570.36,28.52,541.84,298.08,2.5,15.08
O500295,2025-08-18,C10656,P2078,2,0.15,80.99,151.9,Beauty,303.8,45.57,258.23,161.98,6.27,6.0
O500296,2025-05-16,C10881,P2077,2,0.0,99.36,190.12,Apparel,380.24,0.0,380.24,198.72,9.04,9.69
O500297,2025-08-18,C10607,P2061,2,0.15,92.46,150.56,Sports,301.12,45.17,255.95,184.92,6.83,5.33
O500298,2025-10-19,C10272,P2067,1,0.05,89.48,177.38,Sports,177.38,8.87,168.51,89.48,2.5,3.3
O500299,2026-01-31,C10618,P2049,1,0.15,75.64,173.14,Apparel,173.14,25.97,147.17,75.64,4.39,2.88
O500300,2025-04-12,C10930,P2013,1,0.2,14.91,32.18,Beauty,32.18,6.44,25.74,14.91,6.32,0.53
O500301,2026-06-19,C10139,P2017,1,0.1,42.64,69.06,Apparel,69.06,6.91,62.15,42.64,6.48,1.61
O500302,2025-01-17,C10203,P2067,2,0.05,89.48,177.38,Sports,354.76,17.74,337.02,178.96,5.55,10.26
O500303,2025-12-17,C10210,P2053,2,0.2,95.73,175.96,Electronics,351.92,70.38,281.54,191.46,4.31,6.16
O500304,2026-04-09,C11054,P2030,2,0.1,81.44,160.67,Electronics,321.34,32.13,289.21,162.88,5.72,8.43
O500305,2026-02-14,C10621,P2037,1,0.05,19.43,42.14,Home,42.14,2.11,40.03,19.43,4.01,1.1
O500306,2026-05-03,C11088,P2002,3,0.0,36.16,61.12,Beauty,183.36,0.0,183.36,108.48,4.02,4.3
O500307,2025-06-02,C10617,P2061,2,0.1,92.46,150.56,Sports,301.12,30.11,271.01,184.92,6.85,5.86
O500308,2025-05-05,C10483,P2003,1,0.1,103.86,246.21,Sports,246.21,24.62,221.59,103.86,6.25,6.04
O500309,2025-06-29,C11066,P2006,2,0.05,90.83,200.16,Electronics,400.32,20.02,380.3,181.66,2.5,8.37
O500310,2026-02-24,C10490,P2013,2,0.15,14.91,32.18,Beauty,64.36,9.65,54.71,29.82,6.37,1.11
O500311,2026-04-01,C10424,P2007,2,0.1,81.19,138.2,Apparel,276.4,27.64,248.76,162.38,3.18,6.39
O500312,2025-05-18,C10745,P2009,1,0.05,89.03,195.13,Home,195.13,9.76,185.37,89.03,6.0,3.4
O500313,2026-04-18,C10051,P2017,1,0.1,42.64,69.06,Apparel,69.06,6.91,62.15,42.64,4.58,1.43
O500314,2026-01-01,C10630,P2060,2,0.1,91.93,225.41,Sports,450.82,45.08,405.74,183.86,6.07,11.89
O500315,2026-04-04,C11127,P2019,1,0.1,28.46,61.03,Sports,61.03,6.1,54.93,28.46,7.18,1.15
O500316,2025-10-08,C10421,P2058,1,0.0,56.31,124.87,Electronics,124.87,0.0,124.87,56.31,4.95,2.75
O500317,2025-11-09,C10983,P2045,1,0.15,54.87,109.92,Sports,109.92,16.49,93.43,54.87,5.82,1.89
O500318,2025-04-20,C11167,P2034,1,0.05,84.74,206.91,Electronics,206.91,10.35,196.56,84.74,6.04,4.27
O500319,2025-09-30,C11150,P2050,1,0.2,47.62,83.27,Beauty,83.27,16.65,66.62,47.62,4.85,1.57
O500320,2025-11-08,C10133,P2012,1,0.2,91.5,250.58,Home,250.58,50.12,200.46,91.5,5.57,4.32
O500321,2025-01-19,C11138,P2079,3,0.15,76.11,150.73,Apparel,452.19,67.83,384.36,228.33,4.16,8.38
O500322,2025-07-09,C10137,P2079,2,0.0,76.11,150.73,Apparel,301.46,0.0,301.46,152.22,5.11,6.94
O500323,2025-08-14,C10469,P2003,1,0.05,103.86,246.21,Sports,246.21,12.31,233.9,103.86,3.09,7.2
O500324,2025-10-13,C10005,P2039,1,0.05,88.55,225.55,Beauty,225.55,11.28,214.27,88.55,5.96,6.08
O500325,2025-02-24,C10340,P2031,1,0.05,54.53,117.07,Sports,117.07,5.85,111.22,54.53,7.46,3.45
O500326,2026-04-08,C10418,P2021,1,0.15,75.19,147.18,Electronics,147.18,22.08,125.1,75.19,2.72,3.39
O500327,2025-01-13,C10291,P2044,1,0.15,96.39,166.51,Electronics,166.51,24.98,141.53,96.39,5.88,2.75
O500328,2025-04-10,C10279,P2071,1,0.05,72.34,202.22,Beauty,202.22,10.11,192.11,72.34,3.89,4.3
O500329,2025-11-21,C10824,P2074,1,0.05,60.53,130.38,Sports,130.38,6.52,123.86,60.53,2.99,3.0
O500330,2026-04-02,C10133,P2024,1,0.05,38.64,85.56,Electronics,85.56,4.28,81.28,38.64,3.63,1.99
O500331,2025-07-26,C10389,P2075,1,0.0,49.49,125.61,Electronics,125.61,0.0,125.61,49.49,5.24,3.93
O500332,2026-02-24,C10581,P2066,2,0.1,21.23,45.94,Beauty,91.88,9.19,82.69,42.46,4.31,1.88
O500333,2026-03-17,C10773,P2064,2,0.2,92.82,194.3,Sports,388.6,77.72,310.88,185.64,6.88,7.79
O500334,2025-06-24,C11080,P2008,1,0.15,64.11,126.24,Beauty,126.24,18.94,107.3,64.11,2.5,2.52
O500335,2026-03-26,C10664,P2037,1,0.1,19.43,42.14,Home,42.14,4.21,37.93,19.43,4.01,0.89
O500336,2025-11-06,C10739,P2045,2,0.05,54.87,109.92,Sports,219.84,10.99,208.85,109.74,4.66,5.28
O500337,2025-07-29,C10642,P2043,1,0.05,34.43,56.92,Electronics,56.92,2.85,54.07,34.43,6.31,1.28
O500338,2025-03-06,C10670,P2034,2,0.0,84.74,206.91,Electronics,413.82,0.0,413.82,169.48,3.4,10.31
O500339,2025-06-26,C10771,P2051,1,0.0,21.09,56.25,Home,56.25,0.0,56.25,21.09,2.61,1.68
O500340,2025-05-03,C11087,P2029,2,0.2,30.95,55.54,Apparel,111.08,22.22,88.86,61.9,5.33,2.55
O500341,2025-03-05,C10145,P2069,2,0.1,90.63,175.87,Apparel,351.74,35.17,316.57,181.26,7.1,9.29
O500342,2025-09-28,C10120,P2079,1,0.05,76.11,150.73,Apparel,150.73,7.54,143.19,76.11,4.46,3.05
O500343,2025-02-02,C10550,P2049,3,0.15,75.64,173.14,Apparel,519.42,77.91,441.51,226.92,6.17,13.27
O500344,2025-04-28,C10548,P2075,1,0.2,49.49,125.61,Electronics,125.61,25.12,100.49,49.49,4.09,2.44
O500345,2025-08-03,C10983,P2040,1,0.1,46.24,112.16,Electronics,112.16,11.22,100.94,46.24,4.19,3.2
O500346,2026-03-15,C10356,P2050,1,0.0,47.62,83.27,Beauty,83.27,0.0,83.27,47.62,5.1,1.88
O500347,2025-12-23,C10825,P2002,2,0.05,36.16,61.12,Beauty,122.24,6.11,116.13,72.32,2.5,3.62
O500348,2025-08-17,C10532,P2054,3,0.1,19.42,50.24,Beauty,150.72,15.07,135.65,58.26,6.51,3.99
O500349,2025-07-02,C10729,P2074,1,0.0,60.53,130.38,Sports,130.38,0.0,130.38,60.53,8.11,3.2
O500350,2026-02-04,C10680,P2065,2,0.1,74.22,160.54,Electronics,321.08,32.11,288.97,148.44,6.67,8.59
O500351,2025-04-18,C10329,P2052,1,0.1,85.13,212.17,Beauty,212.17,21.22,190.95,85.13,5.27,4.86
O500352,2026-03-26,C10310,P2007,1,0.15,81.19,138.2,Apparel,138.2,20.73,117.47,81.19,4.71,2.46
O500353,2026-02-21,C10244,P2014,2,0.0,105.6,279.48,Beauty,558.96,0.0,558.96,211.2,5.5,17.23
O500354,2025-01-16,C10431,P2022,1,0.1,39.69,79.46,Beauty,79.46,7.95,71.51,39.69,6.02,1.43
O500355,2025-08-05,C11083,P2071,2,0.0,72.34,202.22,Beauty,404.44,0.0,404.44,144.68,4.62,12.84
O500356,2025-05-24,C10930,P2006,1,0.1,90.83,200.16,Electronics,200.16,20.02,180.14,90.83,4.57,5.48
O500357,2026-01-10,C11156,P2077,1,0.1,99.36,190.12,Apparel,190.12,19.01,171.11,99.36,4.51,4.11
O500358,2026-03-15,C10935,P2072,2,0.05,85.85,152.66,Sports,305.32,15.27,290.05,171.7,6.86,6.81
O500359,2026-04-09,C10000,P2017,2,0.05,42.64,69.06,Apparel,138.12,6.91,131.21,85.28,6.04,2.8
O500360,2025-04-08,C10325,P2047,2,0.1,23.95,36.37,Sports,72.74,7.27,65.47,47.9,3.4,1.89
O500361,2025-06-25,C10281,P2008,1,0.1,64.11,126.24,Beauty,126.24,12.62,113.62,64.11,3.81,3.44
O500362,2025-09-07,C10535,P2046,1,0.05,41.9,79.58,Sports,79.58,3.98,75.6,41.9,6.52,1.8
O500363,2025-09-28,C10124,P2057,1,0.0,24.55,53.8,Beauty,53.8,0.0,53.8,24.55,3.79,1.48
O500364,2025-11-19,C10054,P2043,2,0.0,34.43,56.92,Electronics,113.84,0.0,113.84,68.86,5.18,3.13
O500365,2026-01-05,C11181,P2026,1,0.1,25.88,63.53,Beauty,63.53,6.35,57.18,25.88,4.24,1.14
O500366,2025-11-09,C10172,P2017,3,0.2,42.64,69.06,Apparel,207.18,41.44,165.74,127.92,4.96,3.79
O500367,2026-05-01,C10128,P2054,1,0.1,19.42,50.24,Beauty,50.24,5.02,45.22,19.42,5.04,1.28
O500368,2025-09-18,C10322,P2034,2,0.0,84.74,206.91,Electronics,413.82,0.0,413.82,169.48,4.25,11.64
O500369,2025-04-18,C10693,P2006,1,0.1,90.83,200.16,Electronics,200.16,20.02,180.14,90.83,5.36,4.3
O500370,2025-07-26,C10423,P2009,1,0.0,89.03,195.13,Home,195.13,0.0,195.13,89.03,3.87,3.53
O500371,2025-09-25,C10795,P2007,2,0.2,81.19,138.2,Apparel,276.4,55.28,221.12,162.38,6.89,6.45
O500372,2025-02-07,C11084,P2057,2,0.25,24.55,53.8,Beauty,107.6,26.9,80.7,49.1,5.57,1.61
O500373,2025-07-18,C10552,P2034,2,0.0,84.74,206.91,Electronics,413.82,0.0,413.82,169.48,5.34,10.38
O500374,2025-01-17,C10932,P2002,2,0.0,36.16,61.12,Beauty,122.24,0.0,122.24,72.32,5.03,2.42
O500375,2025-07-31,C10716,P2024,2,0.05,38.64,85.56,Electronics,171.12,8.56,162.56,77.28,5.02,3.69
O500376,2025-02-22,C10998,P2050,3,0.05,47.62,83.27,Beauty,249.81,12.49,237.32,142.86,4.56,5.12
O500377,2025-08-16,C11070,P2034,1,0.15,84.74,206.91,Electronics,206.91,31.04,175.87,84.74,4.19,4.45
O500378,2026-06-18,C10549,P2059,3,0.1,74.58,192.13,Electronics,576.39,57.64,518.75,223.74,5.93,10.71
O500379,2026-02-17,C11184,P2061,1,0.1,92.46,150.56,Sports,150.56,15.06,135.5,92.46,4.29,2.59
O500380,2026-06-08,C10640,P2074,2,0.15,60.53,130.38,Sports,260.76,39.11,221.65,121.06,8.53,6.75
O500381,2025-01-03,C10286,P2063,2,0.1,107.79,241.07,Sports,482.14,48.21,433.93,215.58,2.5,11.72
O500382,2025-03-22,C10524,P2070,1,0.0,80.41,185.88,Sports,185.88,0.0,185.88,80.41,5.83,5.27
O500383,2025-11-27,C10117,P2041,1,0.0,53.15,104.66,Apparel,104.66,0.0,104.66,53.15,6.71,2.45
O500384,2026-01-06,C11070,P2023,1,0.1,99.43,207.17,Apparel,207.17,20.72,186.45,99.43,6.93,3.52
O500385,2025-02-21,C10896,P2072,1,0.1,85.85,152.66,Sports,152.66,15.27,137.39,85.85,4.01,3.28
O500386,2025-09-10,C10021,P2021,3,0.15,75.19,147.18,Electronics,441.54,66.23,375.31,225.57,2.51,7.78
O500387,2026-04-07,C10041,P2016,1,0.1,23.99,66.65,Electronics,66.65,6.67,59.99,23.99,6.53,1.27
O500388,2026-03-13,C10474,P2072,2,0.0,85.85,152.66,Sports,305.32,0.0,305.32,171.7,5.99,8.33
O500389,2026-01-30,C10889,P2036,3,0.05,79.57,186.92,Apparel,560.76,28.04,532.72,238.71,6.11,14.92
O500390,2025-12-23,C10647,P2054,1,0.1,19.42,50.24,Beauty,50.24,5.02,45.22,19.42,3.93,0.97
O500391,2025-01-11,C11173,P2061,1,0.05,92.46,150.56,Sports,150.56,7.53,143.03,92.46,4.64,4.2
O500392,2025-10-08,C10168,P2035,1,0.1,33.04,85.13,Beauty,85.13,8.51,76.62,33.04,3.52,2.14
O500393,2025-04-17,C11169,P2043,2,0.0,34.43,56.92,Electronics,113.84,0.0,113.84,68.86,3.58,2.81
O500394,2025-07-20,C10434,P2029,3,0.1,30.95,55.54,Apparel,166.62,16.66,149.96,92.85,4.63,4.35
O500395,2025-03-23,C10423,P2076,1,0.25,94.33,153.36,Apparel,153.36,38.34,115.02,94.33,3.01,3.59
O500396,2025-10-15,C10126,P2028,2,0.0,49.21,76.08,Beauty,152.16,0.0,152.16,98.42,8.86,2.75
O500397,2026-02-22,C10582,P2020,1,0.1,96.28,147.84,Home,147.84,14.78,133.06,96.28,3.76,3.85
O500398,2025-05-13,C10519,P2001,2,0.0,67.86,159.31,Electronics,318.62,0.0,318.62,135.72,6.52,9.46
O500399,2025-10-15,C11123,P2005,3,0.15,21.42,39.38,Sports,118.14,17.72,100.42,64.26,2.78,3.09
O500400,2025-04-09,C10305,P2008,1,0.1,64.11,126.24,Beauty,126.24,12.62,113.62,64.11,5.49,2.89
O500401,2025-12-05,C10972,P2047,2,0.0,23.95,36.37,Sports,72.74,0.0,72.74,47.9,2.88,1.4
O500402,2026-01-25,C10783,P2008,3,0.15,64.11,126.24,Beauty,378.72,56.81,321.91,192.33,6.49,9.51
O500403,2025-12-24,C10508,P2063,2,0.0,107.79,241.07,Sports,482.14,0.0,482.14,215.58,3.63,12.83
O500404,2025-01-25,C10366,P2006,1,0.15,90.83,200.16,Electronics,200.16,30.02,170.14,90.83,4.27,3.32
O500405,2026-03-21,C10097,P2013,2,0.1,14.91,32.18,Beauty,64.36,6.44,57.92,29.82,5.5,1.63
O500406,2025-10-29,C11033,P2070,1,0.1,80.41,185.88,Sports,185.88,18.59,167.29,80.41,3.02,3.48
O500407,2025-05-01,C10558,P2048,2,0.0,26.01,65.12,Home,130.24,0.0,130.24,52.02,3.07,4.09
O500408,2026-01-02,C10096,P2055,2,0.25,14.94,29.55,Sports,59.1,14.78,44.32,29.88,6.08,1.09
O500409,2025-08-29,C10785,P2034,1,0.15,84.74,206.91,Electronics,206.91,31.04,175.87,84.74,5.46,5.21
O500410,2025-05-24,C10150,P2018,1,0.2,23.1,60.58,Apparel,60.58,12.12,48.46,23.1,3.9,1.06
O500411,2026-05-19,C10098,P2053,1,0.0,95.73,175.96,Electronics,175.96,0.0,175.96,95.73,4.11,3.39
O500412,2025-07-12,C10443,P2076,2,0.2,94.33,153.36,Apparel,306.72,61.34,245.38,188.66,6.87,6.38
O500413,2025-11-03,C10707,P2076,2,0.2,94.33,153.36,Apparel,306.72,61.34,245.38,188.66,8.09,7.42
O500414,2025-08-25,C10152,P2033,1,0.0,102.58,280.83,Apparel,280.83,0.0,280.83,102.58,4.79,5.77
O500415,2026-06-11,C10407,P2038,2,0.0,61.98,100.85,Sports,201.7,0.0,201.7,123.96,4.69,5.61
O500416,2025-06-26,C10365,P2015,3,0.05,32.67,56.68,Home,170.04,8.5,161.54,98.01,4.47,3.86
O500417,2025-05-23,C10789,P2071,2,0.1,72.34,202.22,Beauty,404.44,40.44,364.0,144.68,2.88,8.73
O500418,2025-08-01,C10970,P2066,3,0.25,21.23,45.94,Beauty,137.82,34.46,103.36,63.69,6.71,2.07
O500419,2025-10-31,C10123,P2020,1,0.1,96.28,147.84,Home,147.84,14.78,133.06,96.28,6.63,3.99
O500420,2025-06-04,C10191,P2029,2,0.0,30.95,55.54,Apparel,111.08,0.0,111.08,61.9,5.41,3.01
O500421,2026-03-28,C10780,P2071,2,0.0,72.34,202.22,Beauty,404.44,0.0,404.44,144.68,6.39,8.66
O500422,2026-01-02,C10367,P2066,2,0.05,21.23,45.94,Beauty,91.88,4.59,87.29,42.46,3.08,1.96
O500423,2026-01-17,C10059,P2041,1,0.25,53.15,104.66,Apparel,104.66,26.16,78.5,53.15,4.85,1.59
O500424,2025-04-09,C10753,P2052,1,0.05,85.13,212.17,Beauty,212.17,10.61,201.56,85.13,5.96,5.24
O500425,2026-02-15,C10241,P2053,1,0.2,95.73,175.96,Electronics,175.96,35.19,140.77,95.73,2.5,3.43
O500426,2026-01-11,C10626,P2017,2,0.15,42.64,69.06,Apparel,138.12,20.72,117.4,85.28,5.86,3.2
O500427,2025-08-11,C10305,P2007,1,0.1,81.19,138.2,Apparel,138.2,13.82,124.38,81.19,5.93,3.2
O500428,2025-06-03,C10295,P2074,2,0.25,60.53,130.38,Sports,260.76,65.19,195.57,121.06,5.15,6.06
O500429,2025-05-25,C10491,P2071,3,0.1,72.34,202.22,Beauty,606.66,60.67,545.99,217.02,7.36,12.25
O500430,2025-09-19,C10003,P2068,1,0.15,54.46,128.05,Home,128.05,19.21,108.84,54.46,4.31,3.17
O500431,2026-06-30,C11131,P2076,2,0.0,94.33,153.36,Apparel,306.72,0.0,306.72,188.66,6.25,7.85
O500432,2025-07-08,C10216,P2008,1,0.1,64.11,126.24,Beauty,126.24,12.62,113.62,64.11,5.75,2.65
O500433,2025-10-24,C11159,P2052,1,0.25,85.13,212.17,Beauty,212.17,53.04,159.13,85.13,7.38,4.15
O500434,2026-06-01,C10191,P2065,2,0.1,74.22,160.54,Electronics,321.08,32.11,288.97,148.44,6.41,7.38
O500435,2025-09-06,C10805,P2048,2,0.25,26.01,65.12,Home,130.24,32.56,97.68,52.02,4.42,1.78
O500436,2025-05-20,C11090,P2003,3,0.05,103.86,246.21,Sports,738.63,36.93,701.7,311.58,7.82,18.79
O500437,2026-04-23,C11108,P2034,3,0.2,84.74,206.91,Electronics,620.73,124.15,496.58,254.22,5.56,13.34
O500438,2025-10-18,C10615,P2003,3,0.0,103.86,246.21,Sports,738.63,0.0,738.63,311.58,6.94,22.76
O500439,2025-05-26,C10731,P2020,2,0.25,96.28,147.84,Home,295.68,73.92,221.76,192.56,3.84,4.12
O500440,2025-07-22,C10913,P2009,1,0.05,89.03,195.13,Home,195.13,9.76,185.37,89.03,4.42,3.93
O500441,2026-04-18,C10742,P2028,3,0.15,49.21,76.08,Beauty,228.24,34.24,194.0,147.63,2.5,4.4
O500442,2025-09-14,C10226,P2007,2,0.0,81.19,138.2,Apparel,276.4,0.0,276.4,162.38,4.46,8.05
O500443,2025-06-19,C10347,P2039,2,0.2,88.55,225.55,Beauty,451.1,90.22,360.88,177.1,6.86,11.34
O500444,2026-02-18,C10458,P2022,1,0.0,39.69,79.46,Beauty,79.46,0.0,79.46,39.69,3.91,2.11
O500445,2025-05-08,C10355,P2024,2,0.05,38.64,85.56,Electronics,171.12,8.56,162.56,77.28,4.44,3.4
O500446,2025-09-30,C10060,P2022,1,0.05,39.69,79.46,Beauty,79.46,3.97,75.49,39.69,6.07,1.99
O500447,2025-04-12,C10592,P2030,1,0.1,81.44,160.67,Electronics,160.67,16.07,144.6,81.44,4.68,2.65
O500448,2025-12-09,C10777,P2046,1,0.0,41.9,79.58,Sports,79.58,0.0,79.58,41.9,3.94,2.25
O500449,2026-05-27,C10157,P2073,3,0.0,103.53,278.8,Apparel,836.4,0.0,836.4,310.59,5.26,21.43
O500450,2026-03-05,C10808,P2005,3,0.0,21.42,39.38,Sports,118.14,0.0,118.14,64.26,3.13,2.4
O500451,2025-10-18,C10235,P2054,3,0.05,19.42,50.24,Beauty,150.72,7.54,143.18,58.26,4.53,3.17
O500452,2025-12-14,C11199,P2053,2,0.15,95.73,175.96,Electronics,351.92,52.79,299.13,191.46,3.55,8.28
O500453,2025-03-15,C11150,P2049,1,0.15,75.64,173.14,Apparel,173.14,25.97,147.17,75.64,4.24,4.64
O500454,2025-07-25,C10407,P2069,2,0.15,90.63,175.87,Apparel,351.74,52.76,298.98,181.26,4.38,8.93
O500455,2025-07-08,C10080,P2002,1,0.15,36.16,61.12,Beauty,61.12,9.17,51.95,36.16,6.04,1.61
O500456,2025-07-17,C10750,P2028,3,0.05,49.21,76.08,Beauty,228.24,11.41,216.83,147.63,5.2,6.64
O500457,2026-06-13,C10079,P2041,1,0.1,53.15,104.66,Apparel,104.66,10.47,94.19,53.15,5.22,1.8
O500458,2025-08-03,C10353,P2078,2,0.0,80.99,151.9,Beauty,303.8,0.0,303.8,161.98,4.64,6.45
O500459,2025-12-23,C10889,P2075,3,0.05,49.49,125.61,Electronics,376.83,18.84,357.99,148.47,5.83,8.11
O500460,2025-11-24,C10513,P2036,1,0.0,79.57,186.92,Apparel,186.92,0.0,186.92,79.57,5.32,4.39
O500461,2026-02-12,C10432,P2044,2,0.1,96.39,166.51,Electronics,333.02,33.3,299.72,192.78,4.91,8.74
O500462,2025-07-26,C10458,P2062,2,0.0,69.71,151.88,Beauty,303.76,0.0,303.76,139.42,3.27,6.19
O500463,2026-05-06,C10707,P2025,3,0.05,59.62,149.3,Electronics,447.9,22.4,425.51,178.86,6.45,12.79
O500464,2026-05-30,C10253,P2041,1,0.0,53.15,104.66,Apparel,104.66,0.0,104.66,53.15,3.64,3.34
O500465,2026-03-24,C10961,P2073,1,0.0,103.53,278.8,Apparel,278.8,0.0,278.8,103.53,3.43,6.76
O500466,2025-02-08,C10714,P2048,2,0.05,26.01,65.12,Home,130.24,6.51,123.73,52.02,6.38,3.26
O500467,2026-01-01,C10349,P2039,1,0.15,88.55,225.55,Beauty,225.55,33.83,191.72,88.55,5.21,4.19
O500468,2026-05-25,C10309,P2064,2,0.2,92.82,194.3,Sports,388.6,77.72,310.88,185.64,7.43,7.05
O500469,2025-10-29,C10735,P2079,2,0.0,76.11,150.73,Apparel,301.46,0.0,301.46,152.22,5.9,8.57
O500470,2026-05-09,C10638,P2061,3,0.1,92.46,150.56,Sports,451.68,45.17,406.51,277.38,3.24,11.47
O500471,2025-06-06,C10734,P2007,2,0.1,81.19,138.2,Apparel,276.4,27.64,248.76,162.38,5.99,4.86
O500472,2025-10-18,C10779,P2006,1,0.1,90.83,200.16,Electronics,200.16,20.02,180.14,90.83,7.91,4.6
O500473,2025-08-05,C10470,P2021,1,0.15,75.19,147.18,Electronics,147.18,22.08,125.1,75.19,3.82,3.77
O500474,2025-07-14,C10591,P2069,2,0.05,90.63,175.87,Apparel,351.74,17.59,334.15,181.26,2.68,6.49
O500475,2026-05-21,C10703,P2022,1,0.0,39.69,79.46,Beauty,79.46,0.0,79.46,39.69,7.09,2.05
O500476,2025-08-20,C10177,P2048,1,0.0,26.01,65.12,Home,65.12,0.0,65.12,26.01,5.21,1.83
O500477,2025-03-25,C10601,P2072,1,0.0,85.85,152.66,Sports,152.66,0.0,152.66,85.85,5.94,2.91
O500478,2025-11-12,C10886,P2003,1,0.25,103.86,246.21,Sports,246.21,61.55,184.66,103.86,4.68,3.95
O500479,2025-08-11,C10874,P2033,2,0.15,102.58,280.83,Apparel,561.66,84.25,477.41,205.16,5.38,9.09
O500480,2026-03-03,C10613,P2000,3,0.25,20.01,46.3,Beauty,138.9,34.72,104.17,60.03,7.49,2.25
O500481,2026-02-15,C10312,P2047,1,0.0,23.95,36.37,Sports,36.37,0.0,36.37,23.95,5.67,0.7
O500482,2025-07-30,C10469,P2054,3,0.0,19.42,50.24,Beauty,150.72,0.0,150.72,58.26,5.69,2.89
O500483,2025-04-25,C10406,P2072,1,0.05,85.85,152.66,Sports,152.66,7.63,145.03,85.85,5.37,3.45
O500484,2025-09-06,C10495,P2061,1,0.2,92.46,150.56,Sports,150.56,30.11,120.45,92.46,8.51,2.7
O500485,2025-11-26,C10313,P2063,3,0.1,107.79,241.07,Sports,723.21,72.32,650.89,323.37,5.78,19.14
O500486,2025-03-10,C11000,P2064,1,0.0,92.82,194.3,Sports,194.3,0.0,194.3,92.82,6.96,3.79
O500487,2026-06-17,C10561,P2064,1,0.15,92.82,194.3,Sports,194.3,29.14,165.16,92.82,5.45,4.63
O500488,2025-08-30,C10643,P2036,1,0.05,79.57,186.92,Apparel,186.92,9.35,177.57,79.57,5.45,3.25
O500489,2025-09-15,C10957,P2056,2,0.25,12.18,29.13,Home,58.26,14.56,43.7,24.36,3.46,0.99
O500490,2026-01-04,C10386,P2035,2,0.15,33.04,85.13,Beauty,170.26,25.54,144.72,66.08,3.52,3.28
O500491,2025-06-15,C10829,P2055,1,0.15,14.94,29.55,Sports,29.55,4.43,25.12,14.94,2.5,0.46
O500492,2025-09-24,C10021,P2049,3,0.0,75.64,173.14,Apparel,519.42,0.0,519.42,226.92,5.5,10.74
O500493,2026-05-18,C10198,P2020,1,0.1,96.28,147.84,Home,147.84,14.78,133.06,96.28,4.28,3.51
O500494,2026-01-03,C10324,P2052,1,0.0,85.13,212.17,Beauty,212.17,0.0,212.17,85.13,7.07,5.82
O500495,2026-01-19,C10714,P2056,2,0.15,12.18,29.13,Home,58.26,8.74,49.52,24.36,6.91,0.98
O500496,2025-01-14,C10165,P2073,1,0.05,103.53,278.8,Apparel,278.8,13.94,264.86,103.53,4.06,5.97
O500497,2026-03-11,C11132,P2068,1,0.2,54.46,128.05,Home,128.05,25.61,102.44,54.46,4.93,2.31
O500498,2026-04-14,C10220,P2007,1,0.15,81.19,138.2,Apparel,138.2,20.73,117.47,81.19,4.9,3.57
O500499,2025-11-16,C10705,P2043,1,0.15,34.43,56.92,Electronics,56.92,8.54,48.38,34.43,3.78,1.31
O500500,2026-03-08,C10911,P2076,1,0.0,94.33,153.36,Apparel,153.36,0.0,153.36,94.33,6.44,3.59
O500501,2025-03-26,C10818,P2063,2,0.05,107.79,241.07,Sports,482.14,24.11,458.03,215.58,2.73,13.58
O500502,2025-10-28,C10698,P2056,2,0.1,12.18,29.13,Home,58.26,5.83,52.43,24.36,5.39,1.63
O500503,2025-01-12,C10011,P2079,2,0.05,76.11,150.73,Apparel,301.46,15.07,286.39,152.22,5.38,8.84
O500504,2025-07-09,C10359,P2077,1,0.1,99.36,190.12,Apparel,190.12,19.01,171.11,99.36,5.45,3.85
O500505,2025-01-23,C10416,P2062,2,0.0,69.71,151.88,Beauty,303.76,0.0,303.76,139.42,3.81,6.61
O500506,2025-05-09,C10137,P2029,3,0.0,30.95,55.54,Apparel,166.62,0.0,166.62,92.85,2.5,5.29
O500507,2025-05-03,C10556,P2029,2,0.0,30.95,55.54,Apparel,111.08,0.0,111.08,61.9,6.53,3.47
O500508,2026-04-30,C10267,P2006,1,0.0,90.83,200.16,Electronics,200.16,0.0,200.16,90.83,6.34,5.4
O500509,2025-04-05,C10368,P2077,1,0.15,99.36,190.12,Apparel,190.12,28.52,161.6,99.36,6.07,3.37
O500510,2026-01-18,C11169,P2078,1,0.05,80.99,151.9,Beauty,151.9,7.6,144.3,80.99,3.07,4.41
O500511,2025-07-14,C11060,P2067,3,0.0,89.48,177.38,Sports,532.14,0.0,532.14,268.44,9.01,12.09
O500512,2025-08-09,C10337,P2074,3,0.05,60.53,130.38,Sports,391.14,19.56,371.58,181.59,4.66,6.81
O500513,2026-02-24,C11024,P2057,1,0.15,24.55,53.8,Beauty,53.8,8.07,45.73,24.55,5.36,1.26
O500514,2025-04-10,C11071,P2024,1,0.0,38.64,85.56,Electronics,85.56,0.0,85.56,38.64,8.05,2.0
O500515,2026-01-13,C11199,P2020,2,0.1,96.28,147.84,Home,295.68,29.57,266.11,192.56,6.89,7.69
O500516,2025-06-21,C10975,P2042,1,0.25,21.36,43.17,Sports,43.17,10.79,32.38,21.36,7.24,0.64
O500517,2025-06-15,C11129,P2076,2,0.15,94.33,153.36,Apparel,306.72,46.01,260.71,188.66,7.22,6.48
O500518,2025-12-03,C10516,P2035,1,0.05,33.04,85.13,Beauty,85.13,4.26,80.87,33.04,4.07,1.79
O500519,2025-01-28,C10186,P2001,3,0.1,67.86,159.31,Electronics,477.93,47.79,430.14,203.58,4.33,12.14
O500520,2026-03-10,C11132,P2014,2,0.25,105.6,279.48,Beauty,558.96,139.74,419.22,211.2,6.04,10.7
O500521,2026-01-27,C10954,P2070,1,0.05,80.41,185.88,Sports,185.88,9.29,176.59,80.41,3.93,3.33
O500522,2025-03-04,C10363,P2040,2,0.15,46.24,112.16,Electronics,224.32,33.65,190.67,92.48,5.16,3.55
O500523,2025-04-04,C10818,P2029,1,0.1,30.95,55.54,Apparel,55.54,5.55,49.99,30.95,6.53,1.57
O500524,2026-06-13,C11014,P2069,1,0.05,90.63,175.87,Apparel,175.87,8.79,167.08,90.63,3.33,4.64
O500525,2025-03-20,C10319,P2020,1,0.0,96.28,147.84,Home,147.84,0.0,147.84,96.28,6.52,3.71
O500526,2026-03-05,C10634,P2014,1,0.1,105.6,279.48,Beauty,279.48,27.95,251.53,105.6,5.35,6.64
O500527,2025-10-25,C10273,P2070,2,0.05,80.41,185.88,Sports,371.76,18.59,353.17,160.82,4.05,9.31
O500528,2025-05-11,C10735,P2008,2,0.15,64.11,126.24,Beauty,252.48,37.87,214.61,128.22,4.7,5.69
O500529,2025-09-28,C10229,P2070,1,0.1,80.41,185.88,Sports,185.88,18.59,167.29,80.41,6.6,3.12
O500530,2025-06-25,C10694,P2011,1,0.0,25.59,43.62,Electronics,43.62,0.0,43.62,25.59,6.06,1.1
O500531,2025-01-07,C11024,P2028,1,0.0,49.21,76.08,Beauty,76.08,0.0,76.08,49.21,4.96,2.01
O500532,2025-06-25,C10679,P2033,3,0.1,102.58,280.83,Apparel,842.49,84.25,758.24,307.74,3.95,21.53
O500533,2025-05-09,C10537,P2049,2,0.1,75.64,173.14,Apparel,346.28,34.63,311.65,151.28,4.48,7.13
O500534,2026-04-05,C11139,P2021,1,0.0,75.19,147.18,Electronics,147.18,0.0,147.18,75.19,5.55,4.19
O500535,2025-03-24,C10526,P2062,1,0.1,69.71,151.88,Beauty,151.88,15.19,136.69,69.71,5.09,4.26
O500536,2026-02-13,C10638,P2068,1,0.1,54.46,128.05,Home,128.05,12.81,115.24,54.46,4.1,3.1
O500537,2025-04-02,C10637,P2071,1,0.05,72.34,202.22,Beauty,202.22,10.11,192.11,72.34,5.37,4.76
O500538,2025-10-16,C10314,P2077,1,0.1,99.36,190.12,Apparel,190.12,19.01,171.11,99.36,8.21,4.55
O500539,2025-07-22,C10924,P2023,3,0.0,99.43,207.17,Apparel,621.51,0.0,621.51,298.29,4.1,13.21
O500540,2025-12-28,C10126,P2054,1,0.0,19.42,50.24,Beauty,50.24,0.0,50.24,19.42,2.5,1.47
O500541,2025-12-28,C10848,P2033,2,0.05,102.58,280.83,Apparel,561.66,28.08,533.58,205.16,5.01,15.8
O500542,2026-01-27,C10347,P2042,1,0.1,21.36,43.17,Sports,43.17,4.32,38.85,21.36,6.46,1.13
O500543,2025-05-06,C10037,P2067,2,0.1,89.48,177.38,Sports,354.76,35.48,319.28,178.96,5.05,9.67
O500544,2025-12-20,C11133,P2042,1,0.1,21.36,43.17,Sports,43.17,4.32,38.85,21.36,5.55,1.15
O500545,2026-01-08,C10895,P2051,1,0.0,21.09,56.25,Home,56.25,0.0,56.25,21.09,5.72,1.67
O500546,2025-07-06,C10819,P2077,1,0.0,99.36,190.12,Apparel,190.12,0.0,190.12,99.36,4.99,4.02
O500547,2025-08-25,C10782,P2070,1,0.1,80.41,185.88,Sports,185.88,18.59,167.29,80.41,4.52,5.31
O500548,2025-10-18,C10327,P2039,1,0.25,88.55,225.55,Beauty,225.55,56.39,169.16,88.55,6.33,3.93
O500549,2025-04-23,C11043,P2050,1,0.0,47.62,83.27,Beauty,83.27,0.0,83.27,47.62,4.87,2.42
O500550,2025-12-03,C10545,P2020,1,0.1,96.28,147.84,Home,147.84,14.78,133.06,96.28,5.13,4.18
O500551,2025-06-11,C11004,P2006,1,0.2,90.83,200.16,Electronics,200.16,40.03,160.13,90.83,5.35,4.78
O500552,2025-03-05,C10409,P2013,2,0.15,14.91,32.18,Beauty,64.36,9.65,54.71,29.82,5.85,1.28
O500553,2025-10-05,C10402,P2077,3,0.0,99.36,190.12,Apparel,570.36,0.0,570.36,298.08,5.92,14.55
O500554,2025-11-20,C11170,P2010,2,0.25,105.58,212.84,Electronics,425.68,106.42,319.26,211.16,7.21,9.37
O500555,2025-12-30,C10165,P2000,1,0.0,20.01,46.3,Beauty,46.3,0.0,46.3,20.01,4.5,0.84
O500556,2025-02-03,C10017,P2055,1,0.1,14.94,29.55,Sports,29.55,2.96,26.6,14.94,5.24,0.84
O500557,2025-05-27,C11167,P2060,3,0.2,91.93,225.41,Sports,676.23,135.25,540.98,275.79,4.3,14.54
O500558,2025-11-12,C10156,P2072,3,0.1,85.85,152.66,Sports,457.98,45.8,412.18,257.55,6.59,11.82
O500559,2025-07-10,C10164,P2035,1,0.15,33.04,85.13,Beauty,85.13,12.77,72.36,33.04,5.37,1.46
O500560,2026-05-28,C10033,P2016,2,0.2,23.99,66.65,Electronics,133.3,26.66,106.64,47.98,8.05,2.9
O500561,2025-08-22,C10087,P2054,2,0.0,19.42,50.24,Beauty,100.48,0.0,100.48,38.84,4.49,2.39
O500562,2025-06-07,C10311,P2008,3,0.15,64.11,126.24,Beauty,378.72,56.81,321.91,192.33,4.6,6.9
O500563,2025-02-05,C10039,P2044,1,0.15,96.39,166.51,Electronics,166.51,24.98,141.53,96.39,3.28,4.1
O500564,2026-03-08,C10410,P2038,2,0.05,61.98,100.85,Sports,201.7,10.09,191.61,123.96,5.08,4.34
O500565,2026-01-03,C10157,P2001,2,0.1,67.86,159.31,Electronics,318.62,31.86,286.76,135.72,5.23,8.49
O500566,2026-05-01,C10997,P2017,2,0.15,42.64,69.06,Apparel,138.12,20.72,117.4,85.28,5.15,2.95
O500567,2026-06-16,C10313,P2032,2,0.1,83.59,176.17,Apparel,352.34,35.23,317.11,167.18,5.81,6.57
O500568,2025-10-03,C10625,P2075,1,0.0,49.49,125.61,Electronics,125.61,0.0,125.61,49.49,6.06,2.91
O500569,2025-11-10,C10594,P2024,1,0.2,38.64,85.56,Electronics,85.56,17.11,68.45,38.64,3.1,2.05
O500570,2025-05-01,C10576,P2060,1,0.1,91.93,225.41,Sports,225.41,22.54,202.87,91.93,4.26,5.23
O500571,2026-04-29,C11045,P2025,2,0.2,59.62,149.3,Electronics,298.6,59.72,238.88,119.24,4.61,7.04
O500572,2025-07-09,C10654,P2070,2,0.15,80.41,185.88,Sports,371.76,55.76,316.0,160.82,2.5,7.87
O500573,2025-09-20,C10913,P2010,1,0.05,105.58,212.84,Electronics,212.84,10.64,202.2,105.58,5.68,4.19
O500574,2025-02-25,C10517,P2079,2,0.1,76.11,150.73,Apparel,301.46,30.15,271.31,152.22,6.95,7.96
O500575,2025-07-11,C10182,P2025,1,0.05,59.62,149.3,Electronics,149.3,7.47,141.84,59.62,5.77,3.91
O500576,2025-12-17,C10847,P2036,1,0.1,79.57,186.92,Apparel,186.92,18.69,168.23,79.57,3.13,3.84
O500577,2025-09-05,C10505,P2053,1,0.1,95.73,175.96,Electronics,175.96,17.6,158.36,95.73,3.71,4.37
O500578,2026-05-09,C10555,P2010,2,0.15,105.58,212.84,Electronics,425.68,63.85,361.83,211.16,5.81,10.75
O500579,2025-07-26,C10110,P2023,2,0.2,99.43,207.17,Apparel,414.34,82.87,331.47,198.86,5.13,7.87
O500580,2026-02-06,C10229,P2007,2,0.1,81.19,138.2,Apparel,276.4,27.64,248.76,162.38,5.5,5.36
O500581,2026-02-11,C10592,P2076,2,0.0,94.33,153.36,Apparel,306.72,0.0,306.72,188.66,5.43,6.9
O500582,2026-06-05,C10430,P2052,1,0.05,85.13,212.17,Beauty,212.17,10.61,201.56,85.13,5.48,3.82
O500583,2026-05-12,C10219,P2003,2,0.15,103.86,246.21,Sports,492.42,73.86,418.56,207.72,3.9,10.19
O500584,2025-01-23,C10817,P2061,3,0.15,92.46,150.56,Sports,451.68,67.75,383.93,277.38,5.59,8.1
O500585,2025-06-04,C10203,P2021,1,0.1,75.19,147.18,Electronics,147.18,14.72,132.46,75.19,7.61,3.59
O500586,2026-05-12,C11133,P2047,1,0.05,23.95,36.37,Sports,36.37,1.82,34.55,23.95,3.64,0.83
O500587,2025-01-12,C10050,P2077,1,0.0,99.36,190.12,Apparel,190.12,0.0,190.12,99.36,5.04,5.07
O500588,2025-07-24,C10251,P2013,3,0.1,14.91,32.18,Beauty,96.54,9.65,86.89,44.73,5.91,2.6
O500589,2025-09-24,C10666,P2008,1,0.05,64.11,126.24,Beauty,126.24,6.31,119.93,64.11,5.1,3.62
O500590,2025-12-09,C11087,P2054,1,0.1,19.42,50.24,Beauty,50.24,5.02,45.22,19.42,4.77,1.11
O500591,2026-04-13,C11014,P2072,2,0.0,85.85,152.66,Sports,305.32,0.0,305.32,171.7,5.66,5.59
O500592,2025-12-08,C10413,P2052,3,0.05,85.13,212.17,Beauty,636.51,31.83,604.68,255.39,4.93,17.83
O500593,2026-02-19,C10842,P2031,1,0.1,54.53,117.07,Sports,117.07,11.71,105.36,54.53,2.71,3.36
O500594,2025-12-25,C10822,P2033,3,0.0,102.58,280.83,Apparel,842.49,0.0,842.49,307.74,5.82,15.94
O500595,2025-08-13,C10439,P2051,2,0.0,21.09,56.25,Home,112.5,0.0,112.5,42.18,5.64,2.94
O500596,2025-07-15,C10132,P2061,2,0.15,92.46,150.56,Sports,301.12,45.17,255.95,184.92,3.82,7.57
O500597,2025-01-04,C10210,P2060,1,0.05,91.93,225.41,Sports,225.41,11.27,214.14,91.93,4.16,6.62
O500598,2025-10-03,C10373,P2014,3,0.2,105.6,279.48,Beauty,838.44,167.69,670.75,316.8,2.5,20.32
O500599,2025-12-29,C10798,P2031,1,0.2,54.53,117.07,Sports,117.07,23.41,93.66,54.53,3.87,2.69
O500600,2025-06-21,C11111,P2021,1,0.0,75.19,147.18,Electronics,147.18,0.0,147.18,75.19,4.05,4.19
O500601,2025-04-14,C11065,P2077,1,0.2,99.36,190.12,Apparel,190.12,38.02,152.1,99.36,4.27,4.54
O500602,2025-09-13,C10323,P2077,1,0.0,99.36,190.12,Apparel,190.12,0.0,190.12,99.36,3.43,4.3
O500603,2026-03-24,C10478,P2071,3,0.0,72.34,202.22,Beauty,606.66,0.0,606.66,217.02,4.47,16.75
O500604,2025-08-26,C11113,P2031,2,0.0,54.53,117.07,Sports,234.14,0.0,234.14,109.06,5.39,4.61
O500605,2025-02-12,C10720,P2049,2,0.0,75.64,173.14,Apparel,346.28,0.0,346.28,151.28,5.64,10.15
O500606,2025-05-10,C10535,P2049,1,0.1,75.64,173.14,Apparel,173.14,17.31,155.83,75.64,4.4,4.88
O500607,2025-06-18,C10124,P2000,1,0.15,20.01,46.3,Beauty,46.3,6.94,39.35,20.01,5.76,1.13
O500608,2025-12-01,C11099,P2063,2,0.2,107.79,241.07,Sports,482.14,96.43,385.71,215.58,4.04,7.97
O500609,2025-10-06,C10292,P2069,1,0.1,90.63,175.87,Apparel,175.87,17.59,158.28,90.63,4.03,4.99
O500610,2025-01-03,C11157,P2026,1,0.2,25.88,63.53,Beauty,63.53,12.71,50.82,25.88,3.91,1.55
O500611,2025-06-30,C10159,P2042,2,0.0,21.36,43.17,Sports,86.34,0.0,86.34,42.72,9.59,2.5
O500612,2025-08-04,C10368,P2072,2,0.0,85.85,152.66,Sports,305.32,0.0,305.32,171.7,5.28,7.79
O500613,2025-06-20,C10952,P2042,2,0.15,21.36,43.17,Sports,86.34,12.95,73.39,42.72,4.33,1.88
O500614,2026-02-21,C10196,P2026,2,0.2,25.88,63.53,Beauty,127.06,25.41,101.65,51.76,5.39,2.57
O500615,2025-03-30,C10499,P2050,1,0.1,47.62,83.27,Beauty,83.27,8.33,74.94,47.62,6.83,1.48
O500616,2025-05-25,C10574,P2037,1,0.1,19.43,42.14,Home,42.14,4.21,37.93,19.43,6.09,1.03
O500617,2025-06-16,C10153,P2022,1,0.1,39.69,79.46,Beauty,79.46,7.95,71.51,39.69,6.11,2.16
O500618,2025-12-03,C10133,P2022,3,0.2,39.69,79.46,Beauty,238.38,47.68,190.7,119.07,6.15,4.59
O500619,2026-05-25,C10421,P2068,3,0.1,54.46,128.05,Home,384.15,38.42,345.74,163.38,3.38,7.93
O500620,2026-05-16,C10690,P2001,1,0.0,67.86,159.31,Electronics,159.31,0.0,159.31,67.86,2.5,3.46
O500621,2026-06-25,C10855,P2014,2,0.05,105.6,279.48,Beauty,558.96,27.95,531.01,211.2,3.95,12.96
O500622,2025-12-19,C10803,P2040,1,0.1,46.24,112.16,Electronics,112.16,11.22,100.94,46.24,7.11,2.34
O500623,2025-07-22,C10779,P2014,1,0.1,105.6,279.48,Beauty,279.48,27.95,251.53,105.6,5.54,6.88
O500624,2026-06-14,C10324,P2041,1,0.05,53.15,104.66,Apparel,104.66,5.23,99.43,53.15,4.48,2.94
O500625,2025-03-23,C10944,P2060,1,0.0,91.93,225.41,Sports,225.41,0.0,225.41,91.93,5.42,5.33
O500626,2026-02-06,C11016,P2055,2,0.1,14.94,29.55,Sports,59.1,5.91,53.19,29.88,2.86,1.14
O500627,2026-05-09,C10914,P2002,3,0.25,36.16,61.12,Beauty,183.36,45.84,137.52,108.48,6.71,4.3
O500628,2025-03-22,C10437,P2030,2,0.15,81.44,160.67,Electronics,321.34,48.2,273.14,162.88,6.17,5.27
O500629,2025-09-09,C10533,P2030,2,0.0,81.44,160.67,Electronics,321.34,0.0,321.34,162.88,6.62,8.93
O500630,2026-02-23,C11051,P2013,1,0.2,14.91,32.18,Beauty,32.18,6.44,25.74,14.91,6.86,0.77
O500631,2025-06-22,C10693,P2040,1,0.2,46.24,112.16,Electronics,112.16,22.43,89.73,46.24,3.59,2.69
O500632,2026-06-23,C10983,P2013,2,0.15,14.91,32.18,Beauty,64.36,9.65,54.71,29.82,7.26,1.7
O500633,2026-02-27,C10327,P2069,3,0.0,90.63,175.87,Apparel,527.61,0.0,527.61,271.89,5.7,10.52
O500634,2025-09-25,C11111,P2049,3,0.0,75.64,173.14,Apparel,519.42,0.0,519.42,226.92,4.18,14.46
O500635,2026-02-14,C11031,P2002,2,0.15,36.16,61.12,Beauty,122.24,18.34,103.9,72.32,6.33,2.48
O500636,2026-05-29,C10400,P2026,1,0.1,25.88,63.53,Beauty,63.53,6.35,57.18,25.88,5.42,1.49
O500637,2025-12-21,C10743,P2066,1,0.0,21.23,45.94,Beauty,45.94,0.0,45.94,21.23,5.36,0.93
O500638,2026-04-19,C11055,P2029,1,0.0,30.95,55.54,Apparel,55.54,0.0,55.54,30.95,6.96,1.64
O500639,2026-06-27,C10290,P2078,2,0.15,80.99,151.9,Beauty,303.8,45.57,258.23,161.98,4.33,6.3
O500640,2026-03-17,C10508,P2061,3,0.2,92.46,150.56,Sports,451.68,90.34,361.34,277.38,3.64,9.5
O500641,2026-02-14,C10880,P2008,2,0.1,64.11,126.24,Beauty,252.48,25.25,227.23,128.22,3.31,6.57
O500642,2026-05-21,C10000,P2004,2,0.2,82.13,229.05,Sports,458.1,91.62,366.48,164.26,3.58,8.69
O500643,2025-07-03,C10997,P2068,1,0.2,54.46,128.05,Home,128.05,25.61,102.44,54.46,7.87,2.91
O500644,2025-03-20,C10002,P2066,1,0.2,21.23,45.94,Beauty,45.94,9.19,36.75,21.23,6.49,0.8
O500645,2025-07-06,C10330,P2045,1,0.1,54.87,109.92,Sports,109.92,10.99,98.93,54.87,6.9,2.19
O500646,2026-05-11,C11007,P2040,1,0.0,46.24,112.16,Electronics,112.16,0.0,112.16,46.24,3.18,2.18
O500647,2025-02-09,C10316,P2076,1,0.15,94.33,153.36,Apparel,153.36,23.0,130.36,94.33,10.18,3.49
O500648,2025-05-27,C10418,P2070,1,0.05,80.41,185.88,Sports,185.88,9.29,176.59,80.41,5.37,5.11
O500649,2025-06-18,C11160,P2070,1,0.15,80.41,185.88,Sports,185.88,27.88,158.0,80.41,6.03,4.54
O500650,2026-06-24,C10413,P2068,2,0.0,54.46,128.05,Home,256.1,0.0,256.1,108.92,4.02,4.83
O500651,2025-05-21,C10247,P2041,1,0.15,53.15,104.66,Apparel,104.66,15.7,88.96,53.15,5.29,2.24
O500652,2025-01-13,C10243,P2003,3,0.1,103.86,246.21,Sports,738.63,73.86,664.77,311.58,3.96,20.08
O500653,2026-05-30,C10314,P2025,2,0.05,59.62,149.3,Electronics,298.6,14.93,283.67,119.24,8.33,8.52
O500654,2026-02-28,C10615,P2021,1,0.0,75.19,147.18,Electronics,147.18,0.0,147.18,75.19,6.65,3.14
O500655,2025-06-20,C11163,P2027,1,0.15,39.51,103.84,Electronics,103.84,15.58,88.26,39.51,3.54,1.62
O500656,2025-07-19,C10994,P2060,1,0.1,91.93,225.41,Sports,225.41,22.54,202.87,91.93,5.14,4.09
O500657,2026-01-28,C10841,P2001,3,0.0,67.86,159.31,Electronics,477.93,0.0,477.93,203.58,2.83,9.6
O500658,2025-08-14,C10718,P2052,3,0.0,85.13,212.17,Beauty,636.51,0.0,636.51,255.39,3.76,16.98
O500659,2025-09-13,C10529,P2044,3,0.1,96.39,166.51,Electronics,499.53,49.95,449.58,289.17,6.89,12.76
O500660,2025-09-02,C10403,P2052,1,0.1,85.13,212.17,Beauty,212.17,21.22,190.95,85.13,6.78,6.0
O500661,2025-04-02,C11009,P2001,2,0.05,67.86,159.31,Electronics,318.62,15.93,302.69,135.72,4.15,8.06
O500662,2026-02-09,C10827,P2026,3,0.15,25.88,63.53,Beauty,190.59,28.59,162.0,77.64,7.89,3.56
O500663,2026-03-29,C10712,P2032,1,0.2,83.59,176.17,Apparel,176.17,35.23,140.94,83.59,6.37,3.79
O500664,2025-02-09,C10441,P2079,2,0.05,76.11,150.73,Apparel,301.46,15.07,286.39,152.22,3.77,5.81
O500665,2026-03-22,C10704,P2015,2,0.1,32.67,56.68,Home,113.36,11.34,102.02,65.34,4.82,2.95
O500666,2025-02-28,C10861,P2012,1,0.0,91.5,250.58,Home,250.58,0.0,250.58,91.5,5.09,5.5
O500667,2026-01-30,C11183,P2073,1,0.0,103.53,278.8,Apparel,278.8,0.0,278.8,103.53,4.56,8.12
O500668,2025-04-23,C10892,P2042,2,0.0,21.36,43.17,Sports,86.34,0.0,86.34,42.72,7.56,1.73
O500669,2025-03-09,C10546,P2054,1,0.1,19.42,50.24,Beauty,50.24,5.02,45.22,19.42,5.9,1.11
O500670,2025-01-21,C11043,P2015,2,0.05,32.67,56.68,Home,113.36,5.67,107.69,65.34,5.82,2.97
O500671,2026-02-16,C10259,P2021,3,0.2,75.19,147.18,Electronics,441.54,88.31,353.23,225.57,4.54,11.19
O500672,2025-12-12,C10317,P2029,2,0.15,30.95,55.54,Apparel,111.08,16.66,94.42,61.9,6.62,2.52
O500673,2025-12-03,C10144,P2054,3,0.0,19.42,50.24,Beauty,150.72,0.0,150.72,58.26,5.14,3.08
O500674,2025-08-13,C10524,P2022,1,0.1,39.69,79.46,Beauty,79.46,7.95,71.51,39.69,3.83,1.61
O500675,2025-01-02,C10890,P2017,3,0.15,42.64,69.06,Apparel,207.18,31.08,176.1,127.92,5.36,4.76
O500676,2026-02-03,C10795,P2005,3,0.25,21.42,39.38,Sports,118.14,29.54,88.61,64.26,6.81,2.26
O500677,2026-04-07,C10691,P2067,1,0.05,89.48,177.38,Sports,177.38,8.87,168.51,89.48,2.5,4.58
O500678,2026-05-06,C10784,P2004,2,0.15,82.13,229.05,Sports,458.1,68.72,389.38,164.26,6.84,7.74
O500679,2026-02-21,C10639,P2070,1,0.1,80.41,185.88,Sports,185.88,18.59,167.29,80.41,3.15,5.3
O500680,2025-12-15,C10959,P2074,3,0.15,60.53,130.38,Sports,391.14,58.67,332.47,181.59,7.05,7.53
O500681,2025-05-20,C10785,P2030,1,0.05,81.44,160.67,Electronics,160.67,8.03,152.64,81.44,4.9,4.09
O500682,2025-11-22,C10391,P2028,2,0.2,49.21,76.08,Beauty,152.16,30.43,121.73,98.42,4.72,3.89
O500683,2026-06-01,C10862,P2028,1,0.1,49.21,76.08,Beauty,76.08,7.61,68.47,49.21,5.63,1.7
O500684,2025-05-12,C11097,P2000,2,0.25,20.01,46.3,Beauty,92.6,23.15,69.45,40.02,5.23,1.28
O500685,2025-01-21,C10410,P2077,1,0.1,99.36,190.12,Apparel,190.12,19.01,171.11,99.36,5.47,3.2
O500686,2025-11-27,C10550,P2023,2,0.1,99.43,207.17,Apparel,414.34,41.43,372.91,198.86,6.39,10.02
O500687,2025-02-06,C10526,P2059,3,0.0,74.58,192.13,Electronics,576.39,0.0,576.39,223.74,5.43,16.92
O500688,2025-04-27,C10091,P2073,1,0.1,103.53,278.8,Apparel,278.8,27.88,250.92,103.53,2.5,5.71
O500689,2026-01-03,C10264,P2005,2,0.0,21.42,39.38,Sports,78.76,0.0,78.76,42.84,3.46,1.69
O500690,2025-08-16,C10415,P2076,1,0.2,94.33,153.36,Apparel,153.36,30.67,122.69,94.33,4.69,3.01
O500691,2025-03-30,C10552,P2028,3,0.0,49.21,76.08,Beauty,228.24,0.0,228.24,147.63,3.72,4.79
O500692,2025-08-10,C11105,P2041,3,0.0,53.15,104.66,Apparel,313.98,0.0,313.98,159.45,7.35,6.99
O500693,2025-11-16,C10060,P2014,1,0.1,105.6,279.48,Beauty,279.48,27.95,251.53,105.6,5.3,6.12
O500694,2025-04-14,C10418,P2070,1,0.0,80.41,185.88,Sports,185.88,0.0,185.88,80.41,3.11,5.01
O500695,2026-06-08,C10662,P2043,1,0.2,34.43,56.92,Electronics,56.92,11.38,45.54,34.43,7.01,0.85
O500696,2025-05-05,C10579,P2048,2,0.0,26.01,65.12,Home,130.24,0.0,130.24,52.02,5.59,2.81
O500697,2026-01-11,C10131,P2016,2,0.2,23.99,66.65,Electronics,133.3,26.66,106.64,47.98,3.54,2.39
O500698,2025-03-27,C10120,P2001,1,0.1,67.86,159.31,Electronics,159.31,15.93,143.38,67.86,5.67,2.77
O500699,2026-05-02,C11059,P2063,3,0.1,107.79,241.07,Sports,723.21,72.32,650.89,323.37,6.35,16.98
O500700,2025-06-10,C10549,P2031,2,0.2,54.53,117.07,Sports,234.14,46.83,187.31,109.06,5.68,3.78
O500701,2026-02-28,C10778,P2054,2,0.0,19.42,50.24,Beauty,100.48,0.0,100.48,38.84,3.89,2.88
O500702,2025-06-16,C11064,P2034,2,0.1,84.74,206.91,Electronics,413.82,41.38,372.44,169.48,4.51,7.51
O500703,2026-01-23,C10659,P2045,1,0.1,54.87,109.92,Sports,109.92,10.99,98.93,54.87,3.3,2.71
O500704,2025-03-17,C11137,P2012,3,0.0,91.5,250.58,Home,751.74,0.0,751.74,274.5,3.62,17.86
O500705,2026-02-26,C11155,P2061,3,0.15,92.46,150.56,Sports,451.68,67.75,383.93,277.38,3.13,12.14
O500706,2025-03-25,C10052,P2023,1,0.2,99.43,207.17,Apparel,207.17,41.43,165.74,99.43,5.94,4.38
O500707,2026-03-13,C10681,P2008,3,0.15,64.11,126.24,Beauty,378.72,56.81,321.91,192.33,8.94,9.48
O500708,2025-08-15,C10591,P2034,3,0.0,84.74,206.91,Electronics,620.73,0.0,620.73,254.22,5.15,12.28
O500709,2026-03-23,C10409,P2057,1,0.1,24.55,53.8,Beauty,53.8,5.38,48.42,24.55,8.02,1.48
O500710,2025-09-05,C10726,P2045,2,0.2,54.87,109.92,Sports,219.84,43.97,175.87,109.74,6.99,4.35
O500711,2025-11-22,C10262,P2058,2,0.25,56.31,124.87,Electronics,249.74,62.44,187.3,112.62,2.55,5.6
O500712,2025-08-20,C10695,P2060,1,0.1,91.93,225.41,Sports,225.41,22.54,202.87,91.93,5.44,5.13
O500713,2025-11-13,C10265,P2077,1,0.0,99.36,190.12,Apparel,190.12,0.0,190.12,99.36,3.66,3.5
O500714,2026-06-24,C10042,P2005,2,0.1,21.42,39.38,Sports,78.76,7.88,70.88,42.84,7.3,1.76
O500715,2025-10-23,C10929,P2066,1,0.0,21.23,45.94,Beauty,45.94,0.0,45.94,21.23,5.92,1.02
O500716,2025-06-29,C10029,P2077,3,0.15,99.36,190.12,Apparel,570.36,85.55,484.81,298.08,5.6,12.81
O500717,2026-01-21,C10130,P2033,2,0.05,102.58,280.83,Apparel,561.66,28.08,533.58,205.16,7.46,15.14
O500718,2025-11-20,C10316,P2015,2,0.05,32.67,56.68,Home,113.36,5.67,107.69,65.34,4.0,2.58
O500719,2026-02-09,C10319,P2033,1,0.0,102.58,280.83,Apparel,280.83,0.0,280.83,102.58,6.46,8.42
O500720,2025-11-01,C10788,P2078,2,0.2,80.99,151.9,Beauty,303.8,60.76,243.04,161.98,4.44,7.42
O500721,2026-04-24,C10911,P2040,2,0.05,46.24,112.16,Electronics,224.32,11.22,213.1,92.48,5.61,5.99
O500722,2026-04-11,C10894,P2007,1,0.15,81.19,138.2,Apparel,138.2,20.73,117.47,81.19,2.63,3.41
O500723,2025-01-06,C10425,P2019,3,0.05,28.46,61.03,Sports,183.09,9.15,173.94,85.38,7.35,3.67
O500724,2026-03-31,C10944,P2075,2,0.2,49.49,125.61,Electronics,251.22,50.24,200.98,98.98,3.27,4.71
O500725,2025-01-24,C10578,P2006,1,0.0,90.83,200.16,Electronics,200.16,0.0,200.16,90.83,6.69,6.3
O500726,2025-02-16,C10719,P2059,2,0.05,74.58,192.13,Electronics,384.26,19.21,365.05,149.16,6.01,8.95
O500727,2025-09-14,C11184,P2028,2,0.0,49.21,76.08,Beauty,152.16,0.0,152.16,98.42,3.31,4.24
O500728,2025-01-06,C10652,P2064,1,0.0,92.82,194.3,Sports,194.3,0.0,194.3,92.82,6.73,4.22
O500729,2025-06-23,C10851,P2048,2,0.0,26.01,65.12,Home,130.24,0.0,130.24,52.02,3.6,3.31
O500730,2025-09-07,C10244,P2052,1,0.15,85.13,212.17,Beauty,212.17,31.83,180.34,85.13,7.43,4.29
O500731,2026-03-29,C10607,P2073,1,0.1,103.53,278.8,Apparel,278.8,27.88,250.92,103.53,4.59,5.13
O500732,2026-04-28,C10160,P2030,2,0.0,81.44,160.67,Electronics,321.34,0.0,321.34,162.88,7.19,9.51
O500733,2026-01-07,C10558,P2001,1,0.05,67.86,159.31,Electronics,159.31,7.97,151.34,67.86,5.68,4.38
O500734,2025-08-21,C11109,P2000,1,0.1,20.01,46.3,Beauty,46.3,4.63,41.67,20.01,4.21,1.08
O500735,2025-07-15,C10018,P2046,1,0.0,41.9,79.58,Sports,79.58,0.0,79.58,41.9,8.22,2.52
O500736,2026-05-21,C11196,P2027,2,0.1,39.51,103.84,Electronics,207.68,20.77,186.91,79.02,3.18,4.17
O500737,2025-06-30,C10993,P2032,1,0.2,83.59,176.17,Apparel,176.17,35.23,140.94,83.59,4.77,3.64
O500738,2025-08-20,C11090,P2010,2,0.15,105.58,212.84,Electronics,425.68,63.85,361.83,211.16,6.98,10.43
O500739,2026-04-02,C10147,P2038,1,0.1,61.98,100.85,Sports,100.85,10.09,90.76,61.98,7.91,2.61
O500740,2025-03-02,C11035,P2045,2,0.15,54.87,109.92,Sports,219.84,32.98,186.86,109.74,6.92,4.14
O500741,2025-02-11,C10506,P2006,3,0.1,90.83,200.16,Electronics,600.48,60.05,540.43,272.49,2.5,10.52
O500742,2025-05-24,C10228,P2020,2,0.1,96.28,147.84,Home,295.68,29.57,266.11,192.56,5.72,5.23
O500743,2026-06-25,C11057,P2072,3,0.15,85.85,152.66,Sports,457.98,68.7,389.28,257.55,5.72,7.28
O500744,2025-12-24,C10393,P2042,1,0.0,21.36,43.17,Sports,43.17,0.0,43.17,21.36,4.4,1.32
O500745,2025-07-29,C10365,P2068,2,0.0,54.46,128.05,Home,256.1,0.0,256.1,108.92,5.63,6.01
O500746,2025-06-28,C10457,P2077,1,0.15,99.36,190.12,Apparel,190.12,28.52,161.6,99.36,6.67,3.6
O500747,2025-05-29,C10200,P2019,2,0.0,28.46,61.03,Sports,122.06,0.0,122.06,56.92,8.49,2.43
O500748,2026-01-18,C10621,P2049,1,0.1,75.64,173.14,Apparel,173.14,17.31,155.83,75.64,4.11,3.61
O500749,2026-01-09,C11054,P2028,3,0.0,49.21,76.08,Beauty,228.24,0.0,228.24,147.63,6.43,6.42
O500750,2025-05-25,C11082,P2030,1,0.15,81.44,160.67,Electronics,160.67,24.1,136.57,81.44,4.54,3.94
O500751,2025-08-25,C11057,P2029,1,0.0,30.95,55.54,Apparel,55.54,0.0,55.54,30.95,4.42,1.06
O500752,2026-04-03,C10927,P2031,1,0.0,54.53,117.07,Sports,117.07,0.0,117.07,54.53,5.19,3.45
O500753,2026-03-09,C10292,P2018,1,0.1,23.1,60.58,Apparel,60.58,6.06,54.52,23.1,6.59,1.09
O500754,2025-05-12,C10825,P2074,1,0.1,60.53,130.38,Sports,130.38,13.04,117.34,60.53,3.71,3.38
O500755,2025-10-03,C10569,P2061,1,0.15,92.46,150.56,Sports,150.56,22.58,127.98,92.46,2.59,3.37
O500756,2025-09-17,C10850,P2066,1,0.15,21.23,45.94,Beauty,45.94,6.89,39.05,21.23,4.56,1.14
O500757,2026-05-10,C10066,P2016,2,0.0,23.99,66.65,Electronics,133.3,0.0,133.3,47.98,3.66,4.0
O500758,2025-01-08,C10645,P2010,3,0.2,105.58,212.84,Electronics,638.52,127.7,510.82,316.74,8.51,13.32
O500759,2026-04-25,C10278,P2000,1,0.1,20.01,46.3,Beauty,46.3,4.63,41.67,20.01,3.06,1.05
O500760,2025-11-24,C10960,P2022,1,0.0,39.69,79.46,Beauty,79.46,0.0,79.46,39.69,5.7,2.09
O500761,2025-06-18,C10495,P2001,2,0.15,67.86,159.31,Electronics,318.62,47.79,270.83,135.72,8.01,6.46
O500762,2025-04-21,C11186,P2064,1,0.2,92.82,194.3,Sports,194.3,38.86,155.44,92.82,6.83,4.88
O500763,2025-07-21,C10736,P2045,1,0.05,54.87,109.92,Sports,109.92,5.5,104.42,54.87,7.73,3.32
O500764,2025-09-04,C10588,P2031,1,0.05,54.53,117.07,Sports,117.07,5.85,111.22,54.53,7.93,3.33
O500765,2025-06-15,C10969,P2026,3,0.05,25.88,63.53,Beauty,190.59,9.53,181.06,77.64,4.59,3.69
O500766,2025-11-02,C10297,P2038,1,0.2,61.98,100.85,Sports,100.85,20.17,80.68,61.98,4.9,1.72
O500767,2025-04-06,C10173,P2051,3,0.2,21.09,56.25,Home,168.75,33.75,135.0,63.27,7.48,3.47
O500768,2025-07-22,C11084,P2004,1,0.1,82.13,229.05,Sports,229.05,22.9,206.14,82.13,4.29,4.32
O500769,2025-01-29,C10644,P2014,2,0.1,105.6,279.48,Beauty,558.96,55.9,503.06,211.2,4.85,13.77
O500770,2026-01-06,C10451,P2062,2,0.05,69.71,151.88,Beauty,303.76,15.19,288.57,139.42,2.5,6.13
O500771,2025-05-07,C10710,P2078,1,0.2,80.99,151.9,Beauty,151.9,30.38,121.52,80.99,3.56,2.2
O500772,2026-03-03,C11016,P2027,1,0.05,39.51,103.84,Electronics,103.84,5.19,98.65,39.51,7.36,1.95
O500773,2026-03-11,C10162,P2073,2,0.0,103.53,278.8,Apparel,557.6,0.0,557.6,207.06,3.1,15.92
O500774,2025-01-15,C10618,P2000,1,0.1,20.01,46.3,Beauty,46.3,4.63,41.67,20.01,3.18,1.17
O500775,2025-01-20,C10355,P2041,2,0.1,53.15,104.66,Apparel,209.32,20.93,188.39,106.3,4.6,4.61
O500776,2025-11-02,C10748,P2077,1,0.15,99.36,190.12,Apparel,190.12,28.52,161.6,99.36,3.83,5.11
O500777,2026-02-11,C10434,P2016,2,0.1,23.99,66.65,Electronics,133.3,13.33,119.97,47.98,4.38,2.18
O500778,2025-03-06,C10150,P2037,3,0.2,19.43,42.14,Home,126.42,25.28,101.14,58.29,5.62,1.94
O500779,2025-07-16,C10002,P2067,1,0.05,89.48,177.38,Sports,177.38,8.87,168.51,89.48,7.96,5.28
O500780,2025-06-23,C10222,P2078,3,0.25,80.99,151.9,Beauty,455.7,113.93,341.78,242.97,5.89,6.86
O500781,2026-05-28,C10889,P2061,1,0.05,92.46,150.56,Sports,150.56,7.53,143.03,92.46,4.93,2.9
O500782,2025-12-20,C10535,P2076,2,0.05,94.33,153.36,Apparel,306.72,15.34,291.38,188.66,3.63,7.53
O500783,2026-04-23,C10456,P2016,1,0.1,23.99,66.65,Electronics,66.65,6.67,59.99,23.99,3.71,1.35
O500784,2025-06-20,C10629,P2061,2,0.2,92.46,150.56,Sports,301.12,60.22,240.9,184.92,5.33,5.2
O500785,2025-01-02,C10203,P2067,1,0.05,89.48,177.38,Sports,177.38,8.87,168.51,89.48,5.86,3.5
O500786,2025-10-09,C10681,P2042,3,0.05,21.36,43.17,Sports,129.51,6.48,123.03,64.08,7.58,3.44
O500787,2026-06-22,C11116,P2023,2,0.15,99.43,207.17,Apparel,414.34,62.15,352.19,198.86,4.53,9.08
O500788,2026-05-10,C10769,P2012,1,0.1,91.5,250.58,Home,250.58,25.06,225.52,91.5,3.12,6.06
O500789,2025-05-31,C11100,P2003,1,0.05,103.86,246.21,Sports,246.21,12.31,233.9,103.86,5.94,5.68
O500790,2025-11-20,C10509,P2030,3,0.1,81.44,160.67,Electronics,482.01,48.2,433.81,244.32,4.64,7.96
O500791,2025-01-10,C11069,P2061,1,0.25,92.46,150.56,Sports,150.56,37.64,112.92,92.46,3.57,3.39
O500792,2026-03-10,C10176,P2020,1,0.0,96.28,147.84,Home,147.84,0.0,147.84,96.28,5.89,4.61
O500793,2026-05-06,C10750,P2073,1,0.1,103.53,278.8,Apparel,278.8,27.88,250.92,103.53,7.19,7.7
O500794,2026-04-19,C10252,P2002,2,0.05,36.16,61.12,Beauty,122.24,6.11,116.13,72.32,4.05,2.91
O500795,2026-06-16,C10596,P2049,3,0.0,75.64,173.14,Apparel,519.42,0.0,519.42,226.92,8.54,10.51
O500796,2025-05-22,C10380,P2051,1,0.1,21.09,56.25,Home,56.25,5.62,50.62,21.09,4.24,1.49
O500797,2025-03-19,C10350,P2062,2,0.05,69.71,151.88,Beauty,303.76,15.19,288.57,139.42,7.57,6.51
O500798,2026-03-25,C10394,P2056,3,0.05,12.18,29.13,Home,87.39,4.37,83.02,36.54,5.41,1.84
O500799,2025-11-13,C10017,P2009,2,0.15,89.03,195.13,Home,390.26,58.54,331.72,178.06,3.41,9.68
O500800,2026-04-14,C10414,P2014,1,0.1,105.6,279.48,Beauty,279.48,27.95,251.53,105.6,5.93,6.18
O500801,2026-02-05,C10609,P2072,1,0.0,85.85,152.66,Sports,152.66,0.0,152.66,85.85,3.75,3.79
O500802,2025-10-26,C10821,P2051,1,0.1,21.09,56.25,Home,56.25,5.62,50.62,21.09,3.59,1.36
O500803,2026-03-02,C11122,P2065,1,0.15,74.22,160.54,Electronics,160.54,24.08,136.46,74.22,5.57,3.98
O500804,2025-06-04,C10640,P2058,1,0.1,56.31,124.87,Electronics,124.87,12.49,112.38,56.31,4.9,2.42
O500805,2025-08-11,C10011,P2011,1,0.25,25.59,43.62,Electronics,43.62,10.9,32.71,25.59,2.5,1.04
O500806,2025-12-07,C11146,P2050,1,0.05,47.62,83.27,Beauty,83.27,4.16,79.11,47.62,5.22,1.94
O500807,2025-11-27,C10071,P2042,2,0.15,21.36,43.17,Sports,86.34,12.95,73.39,42.72,4.74,1.91
O500808,2025-02-06,C10333,P2070,3,0.2,80.41,185.88,Sports,557.64,111.53,446.11,241.23,5.18,13.71
O500809,2025-03-06,C10661,P2067,1,0.05,89.48,177.38,Sports,177.38,8.87,168.51,89.48,4.11,3.92
O500810,2025-12-12,C10571,P2031,2,0.15,54.53,117.07,Sports,234.14,35.12,199.02,109.06,2.81,5.86
O500811,2025-07-28,C11190,P2000,2,0.0,20.01,46.3,Beauty,92.6,0.0,92.6,40.02,5.36,2.81
O500812,2025-03-09,C10867,P2062,1,0.2,69.71,151.88,Beauty,151.88,30.38,121.5,69.71,4.95,2.19
O500813,2025-07-28,C10905,P2026,1,0.1,25.88,63.53,Beauty,63.53,6.35,57.18,25.88,4.81,1.35
O500814,2025-02-16,C10777,P2023,1,0.15,99.43,207.17,Apparel,207.17,31.08,176.09,99.43,7.23,3.5
O500815,2025-09-20,C10597,P2038,1,0.15,61.98,100.85,Sports,100.85,15.13,85.72,61.98,6.15,2.34
O500816,2025-05-13,C10783,P2029,2,0.05,30.95,55.54,Apparel,111.08,5.55,105.53,61.9,6.97,2.41
O500817,2025-02-16,C10176,P2076,3,0.2,94.33,153.36,Apparel,460.08,92.02,368.06,282.99,3.36,6.96
O500818,2026-02-21,C10866,P2036,1,0.25,79.57,186.92,Apparel,186.92,46.73,140.19,79.57,6.15,3.95
O500819,2025-02-18,C10134,P2054,3,0.0,19.42,50.24,Beauty,150.72,0.0,150.72,58.26,7.0,3.88
O500820,2025-04-21,C10955,P2062,1,0.0,69.71,151.88,Beauty,151.88,0.0,151.88,69.71,7.04,4.02
O500821,2025-11-03,C11138,P2036,2,0.1,79.57,186.92,Apparel,373.84,37.38,336.46,159.14,7.11,9.35
O500822,2026-05-05,C11093,P2061,1,0.05,92.46,150.56,Sports,150.56,7.53,143.03,92.46,4.46,2.69
O500823,2025-08-16,C10353,P2074,1,0.0,60.53,130.38,Sports,130.38,0.0,130.38,60.53,4.83,2.89
O500824,2026-01-06,C10936,P2054,1,0.05,19.42,50.24,Beauty,50.24,2.51,47.73,19.42,4.87,1.02
O500825,2026-04-20,C11071,P2041,2,0.0,53.15,104.66,Apparel,209.32,0.0,209.32,106.3,4.59,6.64
O500826,2025-11-24,C10011,P2013,1,0.0,14.91,32.18,Beauty,32.18,0.0,32.18,14.91,3.94,0.95
O500827,2025-10-24,C10187,P2027,3,0.0,39.51,103.84,Electronics,311.52,0.0,311.52,118.53,6.06,7.92
O500828,2025-10-25,C11082,P2043,1,0.0,34.43,56.92,Electronics,56.92,0.0,56.92,34.43,5.19,1.29
O500829,2025-07-15,C11037,P2032,1,0.15,83.59,176.17,Apparel,176.17,26.43,149.74,83.59,2.5,3.71
O500830,2025-02-12,C10339,P2068,2,0.15,54.46,128.05,Home,256.1,38.42,217.69,108.92,6.88,4.14
O500831,2026-05-31,C10900,P2057,2,0.1,24.55,53.8,Beauty,107.6,10.76,96.84,49.1,6.24,2.56
O500832,2025-12-20,C10287,P2001,2,0.0,67.86,159.31,Electronics,318.62,0.0,318.62,135.72,5.35,10.09
O500833,2026-02-09,C10367,P2045,1,0.15,54.87,109.92,Sports,109.92,16.49,93.43,54.87,4.32,2.93
O500834,2026-03-22,C10478,P2071,3,0.0,72.34,202.22,Beauty,606.66,0.0,606.66,217.02,4.98,15.48
O500835,2025-01-25,C10198,P2079,1,0.15,76.11,150.73,Apparel,150.73,22.61,128.12,76.11,5.45,3.76
O500836,2025-02-08,C10717,P2025,3,0.15,59.62,149.3,Electronics,447.9,67.18,380.72,178.86,6.27,11.78
O500837,2026-03-22,C10347,P2006,1,0.05,90.83,200.16,Electronics,200.16,10.01,190.15,90.83,4.09,5.98
O500838,2025-06-07,C10316,P2006,1,0.15,90.83,200.16,Electronics,200.16,30.02,170.14,90.83,6.45,5.22
O500839,2026-06-13,C10372,P2049,1,0.15,75.64,173.14,Apparel,173.14,25.97,147.17,75.64,5.1,4.25
O500840,2026-06-23,C10506,P2029,2,0.15,30.95,55.54,Apparel,111.08,16.66,94.42,61.9,4.4,2.27
O500841,2026-05-11,C10066,P2065,3,0.2,74.22,160.54,Electronics,481.62,96.32,385.3,222.66,5.16,8.72
O500842,2026-03-28,C11109,P2066,2,0.1,21.23,45.94,Beauty,91.88,9.19,82.69,42.46,4.74,2.6
O500843,2026-02-03,C11051,P2032,3,0.05,83.59,176.17,Apparel,528.51,26.43,502.08,250.77,9.48,14.1
O500844,2026-03-14,C10453,P2010,1,0.0,105.58,212.84,Electronics,212.84,0.0,212.84,105.58,5.59,6.61
O500845,2025-09-20,C10742,P2040,3,0.1,46.24,112.16,Electronics,336.48,33.65,302.83,138.72,2.95,5.6
O500846,2025-08-16,C10818,P2048,3,0.0,26.01,65.12,Home,195.36,0.0,195.36,78.03,3.18,6.09
O500847,2025-02-06,C10602,P2069,1,0.05,90.63,175.87,Apparel,175.87,8.79,167.08,90.63,2.5,5.3
O500848,2026-04-24,C10232,P2013,2,0.0,14.91,32.18,Beauty,64.36,0.0,64.36,29.82,5.77,1.31
O500849,2026-06-27,C11115,P2051,3,0.15,21.09,56.25,Home,168.75,25.31,143.44,63.27,2.66,3.97
O500850,2025-02-20,C10349,P2022,1,0.0,39.69,79.46,Beauty,79.46,0.0,79.46,39.69,2.5,1.76
O500851,2026-05-09,C10853,P2020,3,0.0,96.28,147.84,Home,443.52,0.0,443.52,288.84,7.25,12.32
O500852,2025-06-06,C10514,P2054,2,0.1,19.42,50.24,Beauty,100.48,10.05,90.43,38.84,2.52,2.0
O500853,2025-06-30,C11117,P2008,2,0.0,64.11,126.24,Beauty,252.48,0.0,252.48,128.22,5.68,7.11
O500854,2025-03-02,C10677,P2009,1,0.05,89.03,195.13,Home,195.13,9.76,185.37,89.03,3.99,3.71
O500855,2025-01-24,C11185,P2068,1,0.0,54.46,128.05,Home,128.05,0.0,128.05,54.46,5.16,2.92
O500856,2025-08-05,C10503,P2006,1,0.0,90.83,200.16,Electronics,200.16,0.0,200.16,90.83,3.55,4.55
O500857,2025-10-07,C10326,P2076,1,0.1,94.33,153.36,Apparel,153.36,15.34,138.02,94.33,4.83,4.01
O500858,2025-03-05,C10683,P2013,1,0.15,14.91,32.18,Beauty,32.18,4.83,27.35,14.91,4.87,0.62
O500859,2026-04-22,C10146,P2009,1,0.25,89.03,195.13,Home,195.13,48.78,146.35,89.03,5.06,3.05
O500860,2025-08-24,C11108,P2053,2,0.1,95.73,175.96,Electronics,351.92,35.19,316.73,191.46,4.26,5.8
O500861,2025-01-20,C10166,P2044,1,0.0,96.39,166.51,Electronics,166.51,0.0,166.51,96.39,4.61,4.81
O500862,2025-07-27,C10852,P2038,2,0.0,61.98,100.85,Sports,201.7,0.0,201.7,123.96,6.75,5.1
O500863,2026-05-01,C10220,P2057,2,0.25,24.55,53.8,Beauty,107.6,26.9,80.7,49.1,6.07,2.14
O500864,2026-06-02,C11117,P2014,1,0.05,105.6,279.48,Beauty,279.48,13.97,265.51,105.6,8.35,5.5
O500865,2025-07-17,C10958,P2002,1,0.2,36.16,61.12,Beauty,61.12,12.22,48.9,36.16,5.83,0.98
O500866,2026-06-24,C10120,P2075,1,0.2,49.49,125.61,Electronics,125.61,25.12,100.49,49.49,6.1,2.85
O500867,2025-08-08,C10934,P2055,1,0.15,14.94,29.55,Sports,29.55,4.43,25.12,14.94,4.37,0.46
O500868,2025-09-22,C10618,P2010,1,0.0,105.58,212.84,Electronics,212.84,0.0,212.84,105.58,6.73,5.78
O500869,2025-04-02,C10850,P2037,1,0.25,19.43,42.14,Home,42.14,10.54,31.6,19.43,2.6,0.67
O500870,2026-05-18,C10342,P2036,3,0.1,79.57,186.92,Apparel,560.76,56.08,504.68,238.71,7.65,14.27
O500871,2025-10-16,C10314,P2057,3,0.05,24.55,53.8,Beauty,161.4,8.07,153.33,73.65,3.78,4.75
O500872,2025-12-18,C10932,P2055,1,0.0,14.94,29.55,Sports,29.55,0.0,29.55,14.94,4.75,0.67
O500873,2026-05-18,C10507,P2056,1,0.0,12.18,29.13,Home,29.13,0.0,29.13,12.18,7.62,0.83
O500874,2025-01-04,C11041,P2041,2,0.25,53.15,104.66,Apparel,209.32,52.33,156.99,106.3,5.44,4.11
O500875,2026-06-07,C10856,P2001,3,0.0,67.86,159.31,Electronics,477.93,0.0,477.93,203.58,5.63,9.92
O500876,2025-09-29,C10676,P2000,1,0.0,20.01,46.3,Beauty,46.3,0.0,46.3,20.01,5.33,1.01
O500877,2025-05-16,C10927,P2003,1,0.2,103.86,246.21,Sports,246.21,49.24,196.97,103.86,5.01,4.96
O500878,2025-07-24,C10397,P2046,1,0.25,41.9,79.58,Sports,79.58,19.9,59.68,41.9,2.5,1.91
O500879,2025-08-02,C10125,P2010,2,0.1,105.58,212.84,Electronics,425.68,42.57,383.11,211.16,4.78,8.12
O500880,2025-04-10,C10916,P2027,1,0.1,39.51,103.84,Electronics,103.84,10.38,93.46,39.51,2.5,2.02
O500881,2025-12-07,C10964,P2030,3,0.05,81.44,160.67,Electronics,482.01,24.1,457.91,244.32,3.64,13.83
O500882,2026-01-25,C10444,P2049,2,0.1,75.64,173.14,Apparel,346.28,34.63,311.65,151.28,3.87,7.96
O500883,2026-06-15,C10087,P2005,3,0.05,21.42,39.38,Sports,118.14,5.91,112.23,64.26,2.83,2.13
O500884,2026-04-07,C10431,P2014,1,0.15,105.6,279.48,Beauty,279.48,41.92,237.56,105.6,4.69,5.38
O500885,2026-01-20,C10420,P2020,2,0.15,96.28,147.84,Home,295.68,44.35,251.33,192.56,6.74,4.55
O500886,2026-05-11,C11185,P2044,1,0.05,96.39,166.51,Electronics,166.51,8.33,158.18,96.39,4.72,4.16
O500887,2025-06-18,C10907,P2018,2,0.1,23.1,60.58,Apparel,121.16,12.12,109.04,46.2,5.68,3.25
O500888,2025-05-15,C10719,P2044,1,0.2,96.39,166.51,Electronics,166.51,33.3,133.21,96.39,5.07,2.86
O500889,2025-12-18,C10902,P2074,1,0.2,60.53,130.38,Sports,130.38,26.08,104.3,60.53,5.74,1.88
O500890,2025-05-10,C10796,P2009,2,0.2,89.03,195.13,Home,390.26,78.05,312.21,178.06,5.66,6.88
O500891,2026-03-05,C10725,P2019,1,0.15,28.46,61.03,Sports,61.03,9.15,51.88,28.46,4.26,1.2
O500892,2026-03-29,C11074,P2003,3,0.05,103.86,246.21,Sports,738.63,36.93,701.7,311.58,6.32,15.37
O500893,2025-03-06,C11075,P2065,1,0.1,74.22,160.54,Electronics,160.54,16.05,144.49,74.22,5.32,4.17
O500894,2025-06-03,C11064,P2003,3,0.15,103.86,246.21,Sports,738.63,110.79,627.84,311.58,4.08,16.42
O500895,2026-06-05,C10031,P2034,1,0.1,84.74,206.91,Electronics,206.91,20.69,186.22,84.74,5.45,5.39
O500896,2026-03-11,C10340,P2047,2,0.05,23.95,36.37,Sports,72.74,3.64,69.1,47.9,5.0,1.6
O500897,2025-07-08,C10614,P2014,1,0.0,105.6,279.48,Beauty,279.48,0.0,279.48,105.6,5.94,6.32
O500898,2025-05-04,C11142,P2060,2,0.1,91.93,225.41,Sports,450.82,45.08,405.74,183.86,4.48,12.97
O500899,2026-04-10,C10354,P2040,1,0.1,46.24,112.16,Electronics,112.16,11.22,100.94,46.24,4.96,2.04
O500900,2026-04-01,C11160,P2003,1,0.15,103.86,246.21,Sports,246.21,36.93,209.28,103.86,4.86,5.59
O500901,2025-10-23,C10875,P2017,1,0.2,42.64,69.06,Apparel,69.06,13.81,55.25,42.64,4.37,1.17
O500902,2025-07-23,C10461,P2058,2,0.1,56.31,124.87,Electronics,249.74,24.97,224.77,112.62,4.53,6.81
O500903,2025-10-13,C10319,P2070,2,0.1,80.41,185.88,Sports,371.76,37.18,334.58,160.82,2.5,8.69
O500904,2026-05-11,C10258,P2027,1,0.0,39.51,103.84,Electronics,103.84,0.0,103.84,39.51,5.83,3.07
O500905,2026-03-20,C10066,P2011,2,0.0,25.59,43.62,Electronics,87.24,0.0,87.24,51.18,4.26,1.97
O500906,2025-10-28,C10614,P2018,1,0.1,23.1,60.58,Apparel,60.58,6.06,54.52,23.1,5.98,1.65
O500907,2025-08-28,C10330,P2014,3,0.1,105.6,279.48,Beauty,838.44,83.84,754.6,316.8,3.79,19.03
O500908,2026-05-29,C10234,P2030,3,0.1,81.44,160.67,Electronics,482.01,48.2,433.81,244.32,8.35,9.74
O500909,2026-02-22,C10525,P2035,2,0.0,33.04,85.13,Beauty,170.26,0.0,170.26,66.08,5.78,4.12
O500910,2025-04-21,C11029,P2021,1,0.2,75.19,147.18,Electronics,147.18,29.44,117.74,75.19,2.73,3.12
O500911,2025-05-16,C10787,P2060,3,0.0,91.93,225.41,Sports,676.23,0.0,676.23,275.79,5.49,14.29
O500912,2025-08-27,C10914,P2034,2,0.0,84.74,206.91,Electronics,413.82,0.0,413.82,169.48,5.06,9.22
O500913,2026-05-31,C11010,P2004,1,0.0,82.13,229.05,Sports,229.05,0.0,229.05,82.13,5.15,6.54
O500914,2025-12-12,C10050,P2033,2,0.25,102.58,280.83,Apparel,561.66,140.42,421.24,205.16,5.61,9.36
O500915,2025-10-31,C10061,P2002,1,0.15,36.16,61.12,Beauty,61.12,9.17,51.95,36.16,2.5,1.25
O500916,2025-10-06,C10500,P2003,1,0.1,103.86,246.21,Sports,246.21,24.62,221.59,103.86,5.34,4.87
O500917,2025-06-08,C11145,P2070,1,0.15,80.41,185.88,Sports,185.88,27.88,158.0,80.41,6.36,3.18
O500918,2025-08-15,C10017,P2000,1,0.0,20.01,46.3,Beauty,46.3,0.0,46.3,20.01,5.19,1.37
O500919,2026-05-07,C10806,P2067,1,0.05,89.48,177.38,Sports,177.38,8.87,168.51,89.48,4.35,5.03
O500920,2025-11-11,C10995,P2057,1,0.0,24.55,53.8,Beauty,53.8,0.0,53.8,24.55,7.29,1.37
O500921,2025-05-26,C10881,P2000,1,0.05,20.01,46.3,Beauty,46.3,2.32,43.98,20.01,4.8,1.13
O500922,2026-01-06,C10519,P2035,3,0.05,33.04,85.13,Beauty,255.39,12.77,242.62,99.12,5.35,5.57
O500923,2026-04-11,C10514,P2041,2,0.0,53.15,104.66,Apparel,209.32,0.0,209.32,106.3,3.6,4.57
O500924,2025-12-31,C10422,P2017,2,0.15,42.64,69.06,Apparel,138.12,20.72,117.4,85.28,4.37,3.49
O500925,2025-05-30,C10343,P2010,3,0.1,105.58,212.84,Electronics,638.52,63.85,574.67,316.74,4.07,14.27
O500926,2025-09-22,C10985,P2042,2,0.15,21.36,43.17,Sports,86.34,12.95,73.39,42.72,3.32,1.71
O500927,2025-03-25,C11188,P2074,1,0.15,60.53,130.38,Sports,130.38,19.56,110.82,60.53,4.47,2.06
O500928,2025-05-26,C10546,P2043,1,0.05,34.43,56.92,Electronics,56.92,2.85,54.07,34.43,6.53,1.39
O500929,2026-03-28,C10070,P2054,2,0.1,19.42,50.24,Beauty,100.48,10.05,90.43,38.84,8.88,2.2
O500930,2025-02-16,C10731,P2055,2,0.0,14.94,29.55,Sports,59.1,0.0,59.1,29.88,4.38,1.27
O500931,2025-07-08,C10182,P2058,2,0.0,56.31,124.87,Electronics,249.74,0.0,249.74,112.62,5.94,4.78
O500932,2025-12-18,C10719,P2050,1,0.1,47.62,83.27,Beauty,83.27,8.33,74.94,47.62,4.49,1.9
O500933,2026-06-09,C10006,P2018,3,0.0,23.1,60.58,Apparel,181.74,0.0,181.74,69.3,6.82,3.5
O500934,2025-07-25,C11081,P2041,2,0.1,53.15,104.66,Apparel,209.32,20.93,188.39,106.3,5.43,5.2
O500935,2026-05-18,C11028,P2005,3,0.05,21.42,39.38,Sports,118.14,5.91,112.23,64.26,4.9,3.16
O500936,2025-06-27,C10334,P2004,1,0.1,82.13,229.05,Sports,229.05,22.9,206.14,82.13,6.78,6.45
O500937,2025-07-28,C10966,P2011,1,0.1,25.59,43.62,Electronics,43.62,4.36,39.26,25.59,3.63,1.08
O500938,2026-04-19,C10418,P2016,2,0.0,23.99,66.65,Electronics,133.3,0.0,133.3,47.98,3.9,2.59
O500939,2026-03-24,C10737,P2031,2,0.1,54.53,117.07,Sports,234.14,23.41,210.73,109.06,4.83,5.27
O500940,2025-07-15,C10480,P2018,1,0.15,23.1,60.58,Apparel,60.58,9.09,51.49,23.1,6.82,1.41
O500941,2026-05-05,C10815,P2046,2,0.05,41.9,79.58,Sports,159.16,7.96,151.2,83.8,5.64,3.37
O500942,2025-05-17,C10571,P2005,1,0.15,21.42,39.38,Sports,39.38,5.91,33.47,21.42,7.67,1.02
O500943,2026-01-31,C10038,P2007,2,0.0,81.19,138.2,Apparel,276.4,0.0,276.4,162.38,7.4,7.41
O500944,2025-07-31,C10603,P2011,1,0.15,25.59,43.62,Electronics,43.62,6.54,37.08,25.59,5.82,1.08
O500945,2025-02-09,C10519,P2050,2,0.15,47.62,83.27,Beauty,166.54,24.98,141.56,95.24,5.92,2.71
O500946,2026-05-28,C10087,P2041,1,0.0,53.15,104.66,Apparel,104.66,0.0,104.66,53.15,4.83,2.76
O500947,2025-10-26,C11005,P2049,1,0.05,75.64,173.14,Apparel,173.14,8.66,164.48,75.64,3.62,5.01
O500948,2026-01-28,C10458,P2016,2,0.25,23.99,66.65,Electronics,133.3,33.33,99.98,47.98,5.93,2.72
O500949,2025-02-04,C10778,P2046,1,0.15,41.9,79.58,Sports,79.58,11.94,67.64,41.9,6.13,2.0
O500950,2025-03-13,C10548,P2078,1,0.15,80.99,151.9,Beauty,151.9,22.78,129.12,80.99,5.71,3.13
O500951,2026-04-02,C10386,P2011,2,0.2,25.59,43.62,Electronics,87.24,17.45,69.79,51.18,4.38,2.06
O500952,2025-09-01,C10634,P2000,3,0.05,20.01,46.3,Beauty,138.9,6.94,131.95,60.03,6.26,2.81
O500953,2025-07-13,C10221,P2073,3,0.15,103.53,278.8,Apparel,836.4,125.46,710.94,310.59,5.46,18.42
O500954,2025-12-02,C11083,P2065,1,0.0,74.22,160.54,Electronics,160.54,0.0,160.54,74.22,4.07,3.68
O500955,2025-06-07,C11009,P2079,2,0.1,76.11,150.73,Apparel,301.46,30.15,271.31,152.22,4.55,5.18
O500956,2025-05-25,C10435,P2017,1,0.2,42.64,69.06,Apparel,69.06,13.81,55.25,42.64,7.52,1.7
O500957,2025-10-01,C10043,P2010,2,0.05,105.58,212.84,Electronics,425.68,21.28,404.4,211.16,6.81,7.97
O500958,2025-11-27,C10398,P2013,1,0.0,14.91,32.18,Beauty,32.18,0.0,32.18,14.91,6.32,0.95
O500959,2025-11-01,C10584,P2037,1,0.0,19.43,42.14,Home,42.14,0.0,42.14,19.43,5.89,1.31
O500960,2026-03-01,C10759,P2042,1,0.1,21.36,43.17,Sports,43.17,4.32,38.85,21.36,4.07,0.96
O500961,2025-10-15,C11105,P2077,1,0.0,99.36,190.12,Apparel,190.12,0.0,190.12,99.36,4.09,5.81
O500962,2025-11-01,C10314,P2005,1,0.0,21.42,39.38,Sports,39.38,0.0,39.38,21.42,3.83,1.03
O500963,2025-12-11,C11014,P2050,2,0.0,47.62,83.27,Beauty,166.54,0.0,166.54,95.24,3.7,4.67
O500964,2026-06-09,C10581,P2019,1,0.1,28.46,61.03,Sports,61.03,6.1,54.93,28.46,5.13,1.13
O500965,2025-05-11,C10096,P2064,2,0.05,92.82,194.3,Sports,388.6,19.43,369.17,185.64,6.81,7.1
O500966,2026-04-16,C10652,P2062,2,0.0,69.71,151.88,Beauty,303.76,0.0,303.76,139.42,3.68,9.67
O500967,2025-12-30,C10843,P2077,1,0.1,99.36,190.12,Apparel,190.12,19.01,171.11,99.36,7.22,5.39
O500968,2025-12-06,C10980,P2009,1,0.05,89.03,195.13,Home,195.13,9.76,185.37,89.03,6.3,4.93
O500969,2025-03-19,C11119,P2031,1,0.05,54.53,117.07,Sports,117.07,5.85,111.22,54.53,4.73,3.43
O500970,2025-11-26,C10502,P2071,2,0.15,72.34,202.22,Beauty,404.44,60.67,343.77,144.68,3.71,9.75
O500971,2026-04-10,C11054,P2049,2,0.05,75.64,173.14,Apparel,346.28,17.31,328.97,151.28,4.81,8.52
O500972,2025-09-29,C10777,P2020,2,0.05,96.28,147.84,Home,295.68,14.78,280.9,192.56,5.03,8.83
O500973,2025-02-14,C10331,P2062,2,0.15,69.71,151.88,Beauty,303.76,45.56,258.2,139.42,5.75,5.99
O500974,2026-04-22,C10633,P2056,1,0.15,12.18,29.13,Home,29.13,4.37,24.76,12.18,6.25,0.65
O500975,2026-03-12,C11170,P2040,3,0.15,46.24,112.16,Electronics,336.48,50.47,286.01,138.72,6.29,6.4
O500976,2025-11-05,C10625,P2036,2,0.15,79.57,186.92,Apparel,373.84,56.08,317.76,159.14,6.58,8.95
O500977,2026-04-24,C10294,P2042,1,0.0,21.36,43.17,Sports,43.17,0.0,43.17,21.36,5.68,0.84
O500978,2025-06-04,C11002,P2040,1,0.15,46.24,112.16,Electronics,112.16,16.82,95.34,46.24,5.37,3.03
O500979,2025-03-05,C10583,P2056,1,0.05,12.18,29.13,Home,29.13,1.46,27.67,12.18,2.5,0.68
O500980,2026-03-26,C10086,P2014,1,0.15,105.6,279.48,Beauty,279.48,41.92,237.56,105.6,6.64,5.33
O500981,2026-04-27,C10201,P2067,2,0.0,89.48,177.38,Sports,354.76,0.0,354.76,178.96,6.19,8.94
O500982,2025-12-03,C10515,P2000,3,0.0,20.01,46.3,Beauty,138.9,0.0,138.9,60.03,5.06,3.85
O500983,2025-02-08,C10250,P2054,2,0.1,19.42,50.24,Beauty,100.48,10.05,90.43,38.84,8.32,2.12
O500984,2026-05-11,C10779,P2048,1,0.25,26.01,65.12,Home,65.12,16.28,48.84,26.01,2.64,1.35
O500985,2025-05-29,C11102,P2036,1,0.25,79.57,186.92,Apparel,186.92,46.73,140.19,79.57,4.45,3.41
O500986,2025-07-20,C10317,P2025,1,0.0,59.62,149.3,Electronics,149.3,0.0,149.3,59.62,4.41,2.91
O500987,2025-02-22,C11071,P2049,1,0.1,75.64,173.14,Apparel,173.14,17.31,155.83,75.64,2.5,4.59
O500988,2026-01-14,C10988,P2057,2,0.0,24.55,53.8,Beauty,107.6,0.0,107.6,49.1,3.95,2.09
O500989,2025-03-11,C10528,P2035,1,0.15,33.04,85.13,Beauty,85.13,12.77,72.36,33.04,4.3,1.37
O500990,2026-04-14,C10607,P2039,2,0.2,88.55,225.55,Beauty,451.1,90.22,360.88,177.1,5.49,11.07
O500991,2025-09-21,C10452,P2007,1,0.1,81.19,138.2,Apparel,138.2,13.82,124.38,81.19,2.89,3.9
O500992,2025-09-03,C11162,P2022,2,0.0,39.69,79.46,Beauty,158.92,0.0,158.92,79.38,3.38,3.32
O500993,2025-06-26,C10125,P2036,1,0.2,79.57,186.92,Apparel,186.92,37.38,149.54,79.57,7.62,4.06
O500994,2025-01-25,C10749,P2062,3,0.0,69.71,151.88,Beauty,455.64,0.0,455.64,209.13,5.9,9.62
O500995,2025-07-25,C10279,P2023,2,0.2,99.43,207.17,Apparel,414.34,82.87,331.47,198.86,4.2,10.35
O500996,2026-01-07,C10144,P2012,1,0.15,91.5,250.58,Home,250.58,37.59,212.99,91.5,5.61,5.8
O500997,2025-12-10,C11117,P2031,1,0.15,54.53,117.07,Sports,117.07,17.56,99.51,54.53,6.31,3.06
O500998,2025-08-07,C10936,P2040,3,0.2,46.24,112.16,Electronics,336.48,67.3,269.18,138.72,5.33,5.78
O500999,2025-01-27,C10422,P2039,1,0.1,88.55,225.55,Beauty,225.55,22.56,203.0,88.55,4.69,5.47
O501000,2026-05-20,C10311,P2009,2,0.0,89.03,195.13,Home,390.26,0.0,390.26,178.06,6.85,11.03
O501001,2025-07-13,C10127,P2072,1,0.15,85.85,152.66,Sports,152.66,22.9,129.76,85.85,5.64,2.63
O501002,2025-03-26,C10686,P2070,1,0.15,80.41,185.88,Sports,185.88,27.88,158.0,80.41,6.17,4.36
O501003,2025-12-06,C10467,P2010,2,0.05,105.58,212.84,Electronics,425.68,21.28,404.4,211.16,5.44,8.47
O501004,2025-08-05,C10620,P2036,1,0.25,79.57,186.92,Apparel,186.92,46.73,140.19,79.57,5.5,2.7
O501005,2026-06-26,C10771,P2076,1,0.0,94.33,153.36,Apparel,153.36,0.0,153.36,94.33,5.04,4.69
O501006,2025-01-14,C10861,P2032,3,0.0,83.59,176.17,Apparel,528.51,0.0,528.51,250.77,4.19,9.8
O501007,2025-10-19,C11089,P2019,2,0.05,28.46,61.03,Sports,122.06,6.1,115.96,56.92,6.03,3.11
O501008,2025-11-25,C10822,P2007,2,0.0,81.19,138.2,Apparel,276.4,0.0,276.4,162.38,5.9,7.73
O501009,2025-04-29,C10345,P2005,1,0.0,21.42,39.38,Sports,39.38,0.0,39.38,21.42,3.52,0.75
O501010,2025-03-06,C10730,P2070,3,0.05,80.41,185.88,Sports,557.64,27.88,529.76,241.23,4.38,11.4
O501011,2025-09-09,C10075,P2059,3,0.05,74.58,192.13,Electronics,576.39,28.82,547.57,223.74,4.88,10.84
O501012,2026-05-18,C10468,P2039,1,0.05,88.55,225.55,Beauty,225.55,11.28,214.27,88.55,5.78,3.91
O501013,2025-11-28,C10981,P2022,2,0.15,39.69,79.46,Beauty,158.92,23.84,135.08,79.38,2.79,2.46
O501014,2025-02-05,C10139,P2043,1,0.0,34.43,56.92,Electronics,56.92,0.0,56.92,34.43,6.3,1.48
O501015,2025-11-07,C10533,P2065,2,0.1,74.22,160.54,Electronics,321.08,32.11,288.97,148.44,8.12,5.55
O501016,2025-10-26,C10569,P2073,3,0.05,103.53,278.8,Apparel,836.4,41.82,794.58,310.59,5.26,18.84
O501017,2026-04-06,C11069,P2037,2,0.0,19.43,42.14,Home,84.28,0.0,84.28,38.86,6.82,1.64
O501018,2026-02-16,C10039,P2071,1,0.1,72.34,202.22,Beauty,202.22,20.22,182.0,72.34,3.28,3.33
O501019,2026-02-26,C11168,P2002,1,0.15,36.16,61.12,Beauty,61.12,9.17,51.95,36.16,4.72,1.56
O501020,2025-12-19,C10964,P2064,2,0.05,92.82,194.3,Sports,388.6,19.43,369.17,185.64,2.57,9.07
O501021,2025-02-25,C10949,P2030,2,0.25,81.44,160.67,Electronics,321.34,80.33,241.0,162.88,4.27,7.46
O501022,2025-03-17,C10489,P2002,1,0.2,36.16,61.12,Beauty,61.12,12.22,48.9,36.16,6.3,1.38
O501023,2025-06-15,C10785,P2049,2,0.0,75.64,173.14,Apparel,346.28,0.0,346.28,151.28,2.5,7.15
O501024,2025-08-30,C10641,P2029,2,0.0,30.95,55.54,Apparel,111.08,0.0,111.08,61.9,6.64,3.32
O501025,2025-01-05,C10287,P2027,2,0.15,39.51,103.84,Electronics,207.68,31.15,176.53,79.02,3.15,3.93
O501026,2026-03-04,C10810,P2070,2,0.1,80.41,185.88,Sports,371.76,37.18,334.58,160.82,5.24,7.61
O501027,2026-02-19,C10066,P2071,2,0.15,72.34,202.22,Beauty,404.44,60.67,343.77,144.68,4.42,7.99
O501028,2026-02-04,C10270,P2049,2,0.25,75.64,173.14,Apparel,346.28,86.57,259.71,151.28,3.28,6.31
O501029,2026-03-30,C11051,P2069,2,0.1,90.63,175.87,Apparel,351.74,35.17,316.57,181.26,4.84,7.06
O501030,2025-07-01,C10620,P2007,3,0.05,81.19,138.2,Apparel,414.6,20.73,393.87,243.57,6.27,9.14
O501031,2025-02-10,C10403,P2054,2,0.05,19.42,50.24,Beauty,100.48,5.02,95.46,38.84,7.76,2.8
O501032,2025-12-26,C10506,P2035,1,0.2,33.04,85.13,Beauty,85.13,17.03,68.1,33.04,6.44,1.92
O501033,2025-11-09,C10850,P2023,3,0.2,99.43,207.17,Apparel,621.51,124.3,497.21,298.29,5.36,9.42
O501034,2026-05-29,C10350,P2052,2,0.1,85.13,212.17,Beauty,424.34,42.43,381.91,170.26,3.75,11.5
O501035,2026-04-27,C10229,P2057,2,0.25,24.55,53.8,Beauty,107.6,26.9,80.7,49.1,4.07,2.21
O501036,2026-05-27,C10365,P2018,2,0.15,23.1,60.58,Apparel,121.16,18.17,102.99,46.2,3.86,3.01
O501037,2026-05-22,C11153,P2052,1,0.0,85.13,212.17,Beauty,212.17,0.0,212.17,85.13,6.38,5.64
O501038,2025-07-17,C10950,P2022,2,0.05,39.69,79.46,Beauty,158.92,7.95,150.97,79.38,6.3,4.72
O501039,2025-12-29,C10130,P2024,3,0.05,38.64,85.56,Electronics,256.68,12.83,243.85,115.92,2.5,5.39
O501040,2025-02-26,C10451,P2057,1,0.1,24.55,53.8,Beauty,53.8,5.38,48.42,24.55,3.66,0.95
O501041,2025-03-16,C10251,P2001,3,0.1,67.86,159.31,Electronics,477.93,47.79,430.14,203.58,2.59,7.95
O501042,2025-07-26,C10535,P2042,2,0.15,21.36,43.17,Sports,86.34,12.95,73.39,42.72,5.37,1.44
O501043,2025-05-07,C10163,P2069,1,0.15,90.63,175.87,Apparel,175.87,26.38,149.49,90.63,2.76,4.41
O501044,2026-05-01,C10666,P2077,1,0.2,99.36,190.12,Apparel,190.12,38.02,152.1,99.36,5.58,2.89
O501045,2025-04-16,C10425,P2063,3,0.25,107.79,241.07,Sports,723.21,180.8,542.41,323.37,4.43,9.88
O501046,2025-11-03,C10042,P2009,1,0.15,89.03,195.13,Home,195.13,29.27,165.86,89.03,3.57,4.14
O501047,2025-04-10,C10022,P2046,1,0.0,41.9,79.58,Sports,79.58,0.0,79.58,41.9,4.23,2.3
O501048,2025-05-03,C11121,P2042,1,0.25,21.36,43.17,Sports,43.17,10.79,32.38,21.36,5.55,0.63
O501049,2026-02-01,C10624,P2037,1,0.0,19.43,42.14,Home,42.14,0.0,42.14,19.43,3.52,1.19
O501050,2025-02-18,C11197,P2048,2,0.15,26.01,65.12,Home,130.24,19.54,110.7,52.02,5.56,2.07
O501051,2026-01-17,C10430,P2043,1,0.15,34.43,56.92,Electronics,56.92,8.54,48.38,34.43,7.24,1.32
O501052,2026-05-02,C10392,P2009,1,0.05,89.03,195.13,Home,195.13,9.76,185.37,89.03,3.7,4.35
O501053,2025-01-15,C10398,P2010,2,0.05,105.58,212.84,Electronics,425.68,21.28,404.4,211.16,2.5,9.13
O501054,2026-02-21,C10194,P2054,1,0.0,19.42,50.24,Beauty,50.24,0.0,50.24,19.42,4.0,1.14
O501055,2025-07-17,C10140,P2003,1,0.05,103.86,246.21,Sports,246.21,12.31,233.9,103.86,4.01,7.48
O501056,2025-04-13,C10860,P2056,1,0.0,12.18,29.13,Home,29.13,0.0,29.13,12.18,5.55,0.61
O501057,2026-06-26,C10286,P2020,2,0.25,96.28,147.84,Home,295.68,73.92,221.76,192.56,7.08,6.89
O501058,2026-06-19,C10809,P2026,3,0.2,25.88,63.53,Beauty,190.59,38.12,152.47,77.64,3.35,4.53
O501059,2025-04-19,C10926,P2044,1,0.05,96.39,166.51,Electronics,166.51,8.33,158.18,96.39,4.91,3.6
O501060,2025-06-04,C11195,P2049,1,0.0,75.64,173.14,Apparel,173.14,0.0,173.14,75.64,8.07,4.33
O501061,2025-11-03,C11014,P2019,3,0.2,28.46,61.03,Sports,183.09,36.62,146.47,85.38,5.93,4.36
O501062,2026-05-19,C10043,P2005,3,0.2,21.42,39.38,Sports,118.14,23.63,94.51,64.26,4.14,2.1
O501063,2026-02-17,C11040,P2059,2,0.05,74.58,192.13,Electronics,384.26,19.21,365.05,149.16,6.61,9.36
O501064,2025-09-18,C10326,P2004,2,0.0,82.13,229.05,Sports,458.1,0.0,458.1,164.26,3.59,11.33
O501065,2025-03-31,C10917,P2063,1,0.0,107.79,241.07,Sports,241.07,0.0,241.07,107.79,6.32,5.44
O501066,2025-01-25,C10012,P2018,3,0.0,23.1,60.58,Apparel,181.74,0.0,181.74,69.3,6.84,5.48
O501067,2026-04-06,C11044,P2034,1,0.05,84.74,206.91,Electronics,206.91,10.35,196.56,84.74,4.2,4.87
O501068,2025-01-17,C10350,P2004,2,0.05,82.13,229.05,Sports,458.1,22.9,435.2,164.26,7.17,13.38
O501069,2025-09-26,C10553,P2076,1,0.2,94.33,153.36,Apparel,153.36,30.67,122.69,94.33,5.32,3.39
O501070,2025-01-23,C10702,P2040,2,0.05,46.24,112.16,Electronics,224.32,11.22,213.1,92.48,3.73,5.62
O501071,2026-01-06,C10304,P2060,3,0.1,91.93,225.41,Sports,676.23,67.62,608.61,275.79,6.59,14.73
O501072,2025-12-11,C10397,P2010,2,0.05,105.58,212.84,Electronics,425.68,21.28,404.4,211.16,5.94,7.55
O501073,2025-07-17,C10431,P2061,2,0.2,92.46,150.56,Sports,301.12,60.22,240.9,184.92,7.82,6.75
O501074,2025-03-28,C10307,P2063,2,0.05,107.79,241.07,Sports,482.14,24.11,458.03,215.58,6.37,9.19
O501075,2025-06-24,C10038,P2079,1,0.1,76.11,150.73,Apparel,150.73,15.07,135.66,76.11,6.07,3.35
O501076,2026-01-18,C11070,P2018,3,0.15,23.1,60.58,Apparel,181.74,27.26,154.48,69.3,3.59,3.91
O501077,2025-11-05,C10776,P2079,1,0.2,76.11,150.73,Apparel,150.73,30.15,120.58,76.11,7.07,3.16
O501078,2025-09-23,C10779,P2060,1,0.2,91.93,225.41,Sports,225.41,45.08,180.33,91.93,5.87,3.26
O501079,2025-03-13,C11011,P2065,2,0.0,74.22,160.54,Electronics,321.08,0.0,321.08,148.44,6.78,9.0
O501080,2026-01-24,C11029,P2015,1,0.05,32.67,56.68,Home,56.68,2.83,53.85,32.67,4.8,1.3
O501081,2025-04-26,C10219,P2073,1,0.0,103.53,278.8,Apparel,278.8,0.0,278.8,103.53,5.5,5.66
O501082,2025-01-26,C10850,P2034,3,0.1,84.74,206.91,Electronics,620.73,62.07,558.66,254.22,5.43,15.68
O501083,2025-01-01,C10049,P2058,1,0.1,56.31,124.87,Electronics,124.87,12.49,112.38,56.31,6.37,2.12
O501084,2025-08-10,C10066,P2036,2,0.1,79.57,186.92,Apparel,373.84,37.38,336.46,159.14,5.97,9.97
O501085,2026-05-20,C10519,P2047,3,0.1,23.95,36.37,Sports,109.11,10.91,98.2,71.85,6.25,2.91
O501086,2026-06-29,C10527,P2017,1,0.0,42.64,69.06,Apparel,69.06,0.0,69.06,42.64,7.37,1.45
O501087,2026-01-04,C11163,P2027,1,0.2,39.51,103.84,Electronics,103.84,20.77,83.07,39.51,5.34,2.53
O501088,2026-01-03,C10936,P2054,1,0.05,19.42,50.24,Beauty,50.24,2.51,47.73,19.42,5.11,1.22
O501089,2026-04-28,C10185,P2057,2,0.05,24.55,53.8,Beauty,107.6,5.38,102.22,49.1,4.67,2.32
O501090,2026-06-29,C10539,P2042,1,0.05,21.36,43.17,Sports,43.17,2.16,41.01,21.36,4.69,1.22
O501091,2026-02-02,C10989,P2027,2,0.05,39.51,103.84,Electronics,207.68,10.38,197.3,79.02,6.51,3.6
O501092,2026-02-10,C10420,P2013,1,0.0,14.91,32.18,Beauty,32.18,0.0,32.18,14.91,2.5,0.77
O501093,2025-12-14,C10008,P2032,2,0.1,83.59,176.17,Apparel,352.34,35.23,317.11,167.18,4.08,7.17
O501094,2026-05-21,C10829,P2058,2,0.05,56.31,124.87,Electronics,249.74,12.49,237.25,112.62,2.5,7.16
O501095,2026-02-11,C10591,P2068,2,0.0,54.46,128.05,Home,256.1,0.0,256.1,108.92,7.8,4.96
O501096,2026-04-06,C10081,P2011,1,0.0,25.59,43.62,Electronics,43.62,0.0,43.62,25.59,6.36,1.32
O501097,2025-06-16,C10505,P2075,2,0.0,49.49,125.61,Electronics,251.22,0.0,251.22,98.98,3.57,8.0
O501098,2025-04-02,C11188,P2051,2,0.0,21.09,56.25,Home,112.5,0.0,112.5,42.18,5.25,3.09
O501099,2025-08-05,C10270,P2061,2,0.2,92.46,150.56,Sports,301.12,60.22,240.9,184.92,3.02,4.57
O501100,2026-01-23,C10729,P2026,3,0.15,25.88,63.53,Beauty,190.59,28.59,162.0,77.64,3.51,3.43
O501101,2025-09-13,C10812,P2064,1,0.05,92.82,194.3,Sports,194.3,9.72,184.58,92.82,7.17,4.07
O501102,2026-04-27,C11082,P2039,2,0.1,88.55,225.55,Beauty,451.1,45.11,405.99,177.1,4.11,10.1
O501103,2025-12-02,C11049,P2068,1,0.25,54.46,128.05,Home,128.05,32.01,96.04,54.46,4.15,2.06
O501104,2025-10-02,C10908,P2051,1,0.1,21.09,56.25,Home,56.25,5.62,50.62,21.09,3.26,1.03
O501105,2026-06-10,C10062,P2009,3,0.2,89.03,195.13,Home,585.39,117.08,468.31,267.09,2.73,9.29
O501106,2025-06-02,C10180,P2071,2,0.2,72.34,202.22,Beauty,404.44,80.89,323.55,144.68,2.91,8.59
O501107,2025-03-16,C10734,P2011,3,0.25,25.59,43.62,Electronics,130.86,32.71,98.14,76.77,3.96,2.36
O501108,2025-10-25,C11099,P2045,1,0.05,54.87,109.92,Sports,109.92,5.5,104.42,54.87,3.94,2.92
O501109,2025-03-07,C10532,P2035,1,0.1,33.04,85.13,Beauty,85.13,8.51,76.62,33.04,5.96,2.06
O501110,2025-09-06,C10354,P2054,2,0.1,19.42,50.24,Beauty,100.48,10.05,90.43,38.84,7.1,2.78
O501111,2025-10-03,C10496,P2049,1,0.1,75.64,173.14,Apparel,173.14,17.31,155.83,75.64,5.77,4.7
O501112,2026-03-10,C10325,P2015,3,0.1,32.67,56.68,Home,170.04,17.0,153.04,98.01,4.47,4.79
O501113,2025-11-18,C10820,P2033,2,0.25,102.58,280.83,Apparel,561.66,140.42,421.24,205.16,3.27,9.69
O501114,2026-02-01,C11091,P2043,1,0.05,34.43,56.92,Electronics,56.92,2.85,54.07,34.43,6.21,1.21
O501115,2026-01-12,C10175,P2019,1,0.05,28.46,61.03,Sports,61.03,3.05,57.98,28.46,5.85,1.45
O501116,2025-04-04,C11056,P2050,1,0.05,47.62,83.27,Beauty,83.27,4.16,79.11,47.62,2.94,1.59
O501117,2025-12-23,C10871,P2024,1,0.0,38.64,85.56,Electronics,85.56,0.0,85.56,38.64,6.96,2.2
O501118,2026-06-27,C10309,P2032,1,0.05,83.59,176.17,Apparel,176.17,8.81,167.36,83.59,4.39,4.82
O501119,2025-06-05,C10316,P2008,1,0.0,64.11,126.24,Beauty,126.24,0.0,126.24,64.11,4.11,3.83
O501120,2026-06-28,C11016,P2048,1,0.1,26.01,65.12,Home,65.12,6.51,58.61,26.01,5.84,1.57
O501121,2025-12-12,C11174,P2009,3,0.0,89.03,195.13,Home,585.39,0.0,585.39,267.09,7.02,17.48
O501122,2025-03-27,C10942,P2004,3,0.15,82.13,229.05,Sports,687.15,103.07,584.08,246.39,4.12,13.22
O501123,2025-07-14,C10883,P2045,3,0.0,54.87,109.92,Sports,329.76,0.0,329.76,164.61,6.74,10.33
O501124,2025-05-07,C10976,P2054,3,0.0,19.42,50.24,Beauty,150.72,0.0,150.72,58.26,5.06,4.42
O501125,2025-04-19,C11017,P2029,2,0.0,30.95,55.54,Apparel,111.08,0.0,111.08,61.9,5.87,2.19
O501126,2025-07-27,C10886,P2006,2,0.1,90.83,200.16,Electronics,400.32,40.03,360.29,181.66,3.22,6.81
O501127,2025-05-09,C10750,P2044,2,0.1,96.39,166.51,Electronics,333.02,33.3,299.72,192.78,4.75,9.25
O501128,2025-09-26,C10326,P2051,2,0.15,21.09,56.25,Home,112.5,16.88,95.62,42.18,4.08,2.19
O501129,2025-03-09,C10618,P2049,3,0.15,75.64,173.14,Apparel,519.42,77.91,441.51,226.92,3.74,13.32
O501130,2026-03-11,C10013,P2011,1,0.05,25.59,43.62,Electronics,43.62,2.18,41.44,25.59,4.86,1.0
O501131,2026-06-13,C10521,P2031,2,0.0,54.53,117.07,Sports,234.14,0.0,234.14,109.06,3.77,5.24
O501132,2025-09-15,C10561,P2054,2,0.1,19.42,50.24,Beauty,100.48,10.05,90.43,38.84,3.92,1.66
O501133,2025-03-21,C10734,P2001,1,0.1,67.86,159.31,Electronics,159.31,15.93,143.38,67.86,7.18,3.1
O501134,2025-09-13,C10263,P2043,2,0.0,34.43,56.92,Electronics,113.84,0.0,113.84,68.86,2.84,2.87
O501135,2026-04-21,C10296,P2017,1,0.0,42.64,69.06,Apparel,69.06,0.0,69.06,42.64,4.74,1.88
O501136,2026-04-15,C10187,P2027,2,0.25,39.51,103.84,Electronics,207.68,51.92,155.76,79.02,6.33,4.42
O501137,2026-06-10,C11139,P2031,3,0.1,54.53,117.07,Sports,351.21,35.12,316.09,163.59,4.39,6.77
O501138,2025-05-12,C10873,P2000,2,0.05,20.01,46.3,Beauty,92.6,4.63,87.97,40.02,5.32,2.09
O501139,2025-01-09,C10588,P2030,1,0.05,81.44,160.67,Electronics,160.67,8.03,152.64,81.44,6.18,3.07
O501140,2025-05-20,C10035,P2070,2,0.2,80.41,185.88,Sports,371.76,74.35,297.41,160.82,4.67,8.18
O501141,2026-01-24,C11041,P2034,1,0.15,84.74,206.91,Electronics,206.91,31.04,175.87,84.74,7.0,4.82
O501142,2025-02-27,C10836,P2026,2,0.1,25.88,63.53,Beauty,127.06,12.71,114.35,51.76,6.63,2.92
O501143,2025-09-29,C10103,P2030,2,0.1,81.44,160.67,Electronics,321.34,32.13,289.21,162.88,4.07,7.21
O501144,2025-08-26,C10080,P2026,1,0.15,25.88,63.53,Beauty,63.53,9.53,54.0,25.88,5.86,1.28
O501145,2025-12-21,C10122,P2049,1,0.2,75.64,173.14,Apparel,173.14,34.63,138.51,75.64,2.5,3.36
O501146,2026-01-10,C10771,P2035,1,0.2,33.04,85.13,Beauty,85.13,17.03,68.1,33.04,5.37,1.35
O501147,2025-10-14,C10933,P2023,2,0.1,99.43,207.17,Apparel,414.34,41.43,372.91,198.86,2.5,10.91
O501148,2026-01-11,C10453,P2066,2,0.15,21.23,45.94,Beauty,91.88,13.78,78.1,42.46,5.94,1.57
O501149,2026-05-08,C11057,P2063,3,0.15,107.79,241.07,Sports,723.21,108.48,614.73,323.37,5.18,17.41
O501150,2025-03-10,C10333,P2004,3,0.0,82.13,229.05,Sports,687.15,0.0,687.15,246.39,4.75,17.68
O501151,2025-08-18,C10783,P2070,1,0.0,80.41,185.88,Sports,185.88,0.0,185.88,80.41,6.5,4.82
O501152,2025-08-30,C10682,P2036,3,0.25,79.57,186.92,Apparel,560.76,140.19,420.57,238.71,5.05,13.0
O501153,2026-03-22,C10968,P2022,2,0.1,39.69,79.46,Beauty,158.92,15.89,143.03,79.38,2.59,2.6
O501154,2025-02-15,C10752,P2070,1,0.1,80.41,185.88,Sports,185.88,18.59,167.29,80.41,5.61,5.05
O501155,2025-06-07,C10539,P2018,2,0.0,23.1,60.58,Apparel,121.16,0.0,121.16,46.2,5.66,2.26
O501156,2025-01-19,C10475,P2037,1,0.1,19.43,42.14,Home,42.14,4.21,37.93,19.43,6.3,1.11
O501157,2026-01-12,C10100,P2023,1,0.05,99.43,207.17,Apparel,207.17,10.36,196.81,99.43,4.91,5.65
O501158,2025-07-09,C10100,P2015,1,0.0,32.67,56.68,Home,56.68,0.0,56.68,32.67,5.82,1.62
O501159,2025-04-26,C10256,P2053,3,0.25,95.73,175.96,Electronics,527.88,131.97,395.91,287.19,6.97,7.52
O501160,2025-12-31,C10037,P2038,2,0.15,61.98,100.85,Sports,201.7,30.25,171.44,123.96,2.85,4.37
O501161,2025-04-01,C10593,P2026,1,0.0,25.88,63.53,Beauty,63.53,0.0,63.53,25.88,3.35,1.67
O501162,2025-04-29,C10338,P2034,2,0.0,84.74,206.91,Electronics,413.82,0.0,413.82,169.48,5.31,7.72
O501163,2025-02-09,C10263,P2054,2,0.1,19.42,50.24,Beauty,100.48,10.05,90.43,38.84,7.43,1.64
O501164,2025-06-22,C10954,P2051,2,0.0,21.09,56.25,Home,112.5,0.0,112.5,42.18,3.45,2.39
O501165,2025-02-16,C10087,P2075,1,0.05,49.49,125.61,Electronics,125.61,6.28,119.33,49.49,6.02,2.75
O501166,2026-04-20,C10490,P2061,3,0.1,92.46,150.56,Sports,451.68,45.17,406.51,277.38,3.86,12.05
O501167,2025-12-01,C10424,P2044,2,0.2,96.39,166.51,Electronics,333.02,66.6,266.42,192.78,5.74,5.17
O501168,2026-05-20,C10178,P2010,2,0.0,105.58,212.84,Electronics,425.68,0.0,425.68,211.16,3.46,8.5
O501169,2025-10-20,C10922,P2030,1,0.1,81.44,160.67,Electronics,160.67,16.07,144.6,81.44,6.72,3.5
O501170,2025-07-28,C10886,P2058,1,0.0,56.31,124.87,Electronics,124.87,0.0,124.87,56.31,6.09,3.7
O501171,2025-01-04,C10438,P2046,2,0.05,41.9,79.58,Sports,159.16,7.96,151.2,83.8,3.31,3.14
O501172,2025-05-27,C10686,P2049,1,0.25,75.64,173.14,Apparel,173.14,43.28,129.85,75.64,5.41,3.92
O501173,2025-02-09,C10307,P2073,1,0.2,103.53,278.8,Apparel,278.8,55.76,223.04,103.53,7.65,4.26
O501174,2026-03-11,C10895,P2030,2,0.15,81.44,160.67,Electronics,321.34,48.2,273.14,162.88,3.12,7.43
O501175,2026-03-05,C11115,P2074,3,0.0,60.53,130.38,Sports,391.14,0.0,391.14,181.59,4.83,10.26
O501176,2025-05-30,C11030,P2079,1,0.2,76.11,150.73,Apparel,150.73,30.15,120.58,76.11,3.82,3.48
O501177,2026-04-11,C11190,P2028,1,0.05,49.21,76.08,Beauty,76.08,3.8,72.28,49.21,5.28,1.62
O501178,2025-11-28,C10397,P2012,3,0.05,91.5,250.58,Home,751.74,37.59,714.15,274.5,6.71,15.74
O501179,2026-01-02,C10433,P2012,1,0.1,91.5,250.58,Home,250.58,25.06,225.52,91.5,3.07,4.23
O501180,2025-10-02,C10753,P2047,1,0.15,23.95,36.37,Sports,36.37,5.46,30.91,23.95,5.2,0.93
O501181,2025-12-01,C10864,P2017,1,0.1,42.64,69.06,Apparel,69.06,6.91,62.15,42.64,5.83,1.65
O501182,2025-01-15,C10331,P2021,1,0.0,75.19,147.18,Electronics,147.18,0.0,147.18,75.19,3.13,4.11
O501183,2025-07-25,C10303,P2012,1,0.05,91.5,250.58,Home,250.58,12.53,238.05,91.5,6.7,6.31
O501184,2026-01-11,C10767,P2021,1,0.2,75.19,147.18,Electronics,147.18,29.44,117.74,75.19,7.19,2.27
O501185,2025-07-15,C10662,P2031,1,0.0,54.53,117.07,Sports,117.07,0.0,117.07,54.53,3.63,2.35
O501186,2026-05-13,C10873,P2000,2,0.1,20.01,46.3,Beauty,92.6,9.26,83.34,40.02,5.41,1.91
O501187,2025-10-16,C10926,P2043,2,0.0,34.43,56.92,Electronics,113.84,0.0,113.84,68.86,5.17,3.02
O501188,2025-02-10,C11073,P2073,1,0.1,103.53,278.8,Apparel,278.8,27.88,250.92,103.53,2.71,7.91
O501189,2025-10-07,C10378,P2004,2,0.1,82.13,229.05,Sports,458.1,45.81,412.29,164.26,3.81,11.75
O501190,2025-01-23,C10712,P2020,1,0.2,96.28,147.84,Home,147.84,29.57,118.27,96.28,2.72,3.61
O501191,2025-05-08,C10861,P2020,1,0.0,96.28,147.84,Home,147.84,0.0,147.84,96.28,5.3,3.84
O501192,2025-06-26,C10208,P2054,2,0.1,19.42,50.24,Beauty,100.48,10.05,90.43,38.84,4.02,2.79
O501193,2025-01-12,C10902,P2045,2,0.25,54.87,109.92,Sports,219.84,54.96,164.88,109.74,6.51,3.07
O501194,2026-06-09,C10356,P2052,1,0.05,85.13,212.17,Beauty,212.17,10.61,201.56,85.13,4.63,3.67
O501195,2026-04-05,C10075,P2018,1,0.0,23.1,60.58,Apparel,60.58,0.0,60.58,23.1,4.39,1.17
O501196,2026-04-07,C10965,P2062,1,0.25,69.71,151.88,Beauty,151.88,37.97,113.91,69.71,4.68,3.24
O501197,2025-01-30,C10560,P2001,1,0.0,67.86,159.31,Electronics,159.31,0.0,159.31,67.86,5.62,4.52
O501198,2026-02-23,C10575,P2022,2,0.0,39.69,79.46,Beauty,158.92,0.0,158.92,79.38,5.24,3.93
O501199,2025-05-05,C10607,P2022,2,0.2,39.69,79.46,Beauty,158.92,31.78,127.14,79.38,4.61,3.67
O501200,2026-06-13,C10160,P2007,1,0.1,81.19,138.2,Apparel,138.2,13.82,124.38,81.19,5.3,3.71
O501201,2025-05-18,C10885,P2059,1,0.15,74.58,192.13,Electronics,192.13,28.82,163.31,74.58,6.41,3.79
O501202,2026-05-03,C10710,P2018,1,0.1,23.1,60.58,Apparel,60.58,6.06,54.52,23.1,4.01,1.42
O501203,2025-10-18,C11127,P2049,2,0.25,75.64,173.14,Apparel,346.28,86.57,259.71,151.28,3.81,7.33
O501204,2025-05-08,C10242,P2073,2,0.25,103.53,278.8,Apparel,557.6,139.4,418.2,207.06,5.07,9.12
O501205,2026-04-24,C10483,P2068,1,0.0,54.46,128.05,Home,128.05,0.0,128.05,54.46,6.77,3.29
O501206,2026-05-09,C10812,P2078,2,0.0,80.99,151.9,Beauty,303.8,0.0,303.8,161.98,4.16,5.71
O501207,2025-06-22,C10467,P2007,1,0.25,81.19,138.2,Apparel,138.2,34.55,103.65,81.19,2.9,2.24
O501208,2025-06-28,C10979,P2059,1,0.1,74.58,192.13,Electronics,192.13,19.21,172.92,74.58,7.55,4.08
O501209,2025-11-12,C10468,P2009,2,0.1,89.03,195.13,Home,390.26,39.03,351.23,178.06,2.98,10.05
O501210,2025-12-09,C10693,P2036,1,0.15,79.57,186.92,Apparel,186.92,28.04,158.88,79.57,4.82,3.39
O501211,2025-07-10,C10458,P2072,1,0.05,85.85,152.66,Sports,152.66,7.63,145.03,85.85,6.24,2.91
O501212,2025-10-11,C11174,P2054,2,0.1,19.42,50.24,Beauty,100.48,10.05,90.43,38.84,5.65,2.78
O501213,2026-02-25,C10491,P2043,1,0.0,34.43,56.92,Electronics,56.92,0.0,56.92,34.43,6.58,1.18
O501214,2025-12-14,C10705,P2012,1,0.05,91.5,250.58,Home,250.58,12.53,238.05,91.5,4.49,5.24
O501215,2025-10-17,C10979,P2020,1,0.2,96.28,147.84,Home,147.84,29.57,118.27,96.28,6.17,2.68
O501216,2025-03-25,C10706,P2062,2,0.1,69.71,151.88,Beauty,303.76,30.38,273.38,139.42,4.81,5.91
O501217,2026-03-08,C11067,P2005,1,0.0,21.42,39.38,Sports,39.38,0.0,39.38,21.42,6.6,0.83
O501218,2026-06-03,C10117,P2015,2,0.15,32.67,56.68,Home,113.36,17.0,96.36,65.34,6.65,1.76
O501219,2025-02-12,C10520,P2005,2,0.15,21.42,39.38,Sports,78.76,11.81,66.95,42.84,4.58,2.03
O501220,2025-12-03,C10814,P2030,1,0.15,81.44,160.67,Electronics,160.67,24.1,136.57,81.44,4.15,4.03
O501221,2025-05-27,C10549,P2051,2,0.1,21.09,56.25,Home,112.5,11.25,101.25,42.18,6.33,2.01
O501222,2026-06-30,C10193,P2019,1,0.05,28.46,61.03,Sports,61.03,3.05,57.98,28.46,6.38,1.26
O501223,2026-06-14,C10095,P2014,3,0.05,105.6,279.48,Beauty,838.44,41.92,796.52,316.8,8.12,20.32
O501224,2025-10-06,C11140,P2068,2,0.2,54.46,128.05,Home,256.1,51.22,204.88,108.92,5.11,5.89
O501225,2025-06-17,C10641,P2035,2,0.0,33.04,85.13,Beauty,170.26,0.0,170.26,66.08,3.57,5.29
O501226,2025-11-20,C10103,P2034,1,0.15,84.74,206.91,Electronics,206.91,31.04,175.87,84.74,3.18,5.37
O501227,2026-04-08,C10758,P2002,2,0.1,36.16,61.12,Beauty,122.24,12.22,110.02,72.32,6.2,3.36
O501228,2025-08-18,C10297,P2023,2,0.15,99.43,207.17,Apparel,414.34,62.15,352.19,198.86,3.68,6.7
O501229,2026-05-20,C10169,P2052,1,0.0,85.13,212.17,Beauty,212.17,0.0,212.17,85.13,2.57,4.61
O501230,2025-11-18,C10874,P2037,3,0.05,19.43,42.14,Home,126.42,6.32,120.1,58.29,4.51,3.02
O501231,2026-02-26,C10534,P2070,2,0.15,80.41,185.88,Sports,371.76,55.76,316.0,160.82,8.15,7.24
O501232,2026-03-17,C10040,P2054,1,0.2,19.42,50.24,Beauty,50.24,10.05,40.19,19.42,3.84,1.0
O501233,2025-02-27,C10364,P2040,3,0.1,46.24,112.16,Electronics,336.48,33.65,302.83,138.72,4.61,7.9
O501234,2026-05-13,C10577,P2060,1,0.05,91.93,225.41,Sports,225.41,11.27,214.14,91.93,4.55,4.0
O501235,2026-02-18,C10694,P2044,2,0.0,96.39,166.51,Electronics,333.02,0.0,333.02,192.78,4.56,8.23
O501236,2025-10-30,C10289,P2073,2,0.1,103.53,278.8,Apparel,557.6,55.76,501.84,207.06,6.84,14.52
O501237,2025-08-04,C11027,P2079,2,0.0,76.11,150.73,Apparel,301.46,0.0,301.46,152.22,5.91,7.19
O501238,2026-04-08,C10859,P2032,1,0.1,83.59,176.17,Apparel,176.17,17.62,158.55,83.59,3.95,3.01
O501239,2026-06-25,C10681,P2042,2,0.0,21.36,43.17,Sports,86.34,0.0,86.34,42.72,3.23,2.4
O501240,2025-12-03,C10698,P2042,2,0.1,21.36,43.17,Sports,86.34,8.63,77.71,42.72,2.92,1.48
O501241,2025-03-09,C10223,P2064,1,0.2,92.82,194.3,Sports,194.3,38.86,155.44,92.82,3.58,2.87
O501242,2026-04-01,C11127,P2055,1,0.1,14.94,29.55,Sports,29.55,2.96,26.6,14.94,3.48,0.7
O501243,2025-07-23,C10285,P2055,2,0.05,14.94,29.55,Sports,59.1,2.96,56.14,29.88,4.32,1.12
O501244,2026-06-03,C10449,P2027,3,0.1,39.51,103.84,Electronics,311.52,31.15,280.37,118.53,6.03,6.62
O501245,2026-01-26,C10113,P2075,1,0.0,49.49,125.61,Electronics,125.61,0.0,125.61,49.49,4.74,2.59
O501246,2026-03-01,C10966,P2011,1,0.05,25.59,43.62,Electronics,43.62,2.18,41.44,25.59,5.73,1.23
O501247,2025-05-12,C10666,P2069,2,0.15,90.63,175.87,Apparel,351.74,52.76,298.98,181.26,3.83,5.78
O501248,2026-06-08,C10849,P2048,1,0.1,26.01,65.12,Home,65.12,6.51,58.61,26.01,5.98,1.84
O501249,2025-04-22,C10026,P2070,1,0.15,80.41,185.88,Sports,185.88,27.88,158.0,80.41,4.71,3.34
O501250,2026-05-11,C10409,P2013,1,0.0,14.91,32.18,Beauty,32.18,0.0,32.18,14.91,7.0,1.0
O501251,2025-02-01,C10484,P2073,2,0.15,103.53,278.8,Apparel,557.6,83.64,473.96,207.06,6.69,8.76
O501252,2025-04-08,C11125,P2032,1,0.0,83.59,176.17,Apparel,176.17,0.0,176.17,83.59,7.66,3.92
O501253,2025-02-13,C10296,P2078,3,0.0,80.99,151.9,Beauty,455.7,0.0,455.7,242.97,5.78,12.14
O501254,2025-04-24,C10126,P2072,1,0.0,85.85,152.66,Sports,152.66,0.0,152.66,85.85,5.18,4.73
O501255,2025-09-01,C10928,P2005,2,0.1,21.42,39.38,Sports,78.76,7.88,70.88,42.84,4.17,2.06
O501256,2026-02-11,C10275,P2034,1,0.1,84.74,206.91,Electronics,206.91,20.69,186.22,84.74,5.66,5.09
O501257,2026-06-28,C10054,P2019,1,0.05,28.46,61.03,Sports,61.03,3.05,57.98,28.46,2.5,1.59
O501258,2025-07-12,C10578,P2079,2,0.0,76.11,150.73,Apparel,301.46,0.0,301.46,152.22,5.94,9.46
O501259,2025-08-03,C10259,P2064,3,0.15,92.82,194.3,Sports,582.9,87.44,495.47,278.46,2.55,12.11
O501260,2026-03-16,C10063,P2035,1,0.15,33.04,85.13,Beauty,85.13,12.77,72.36,33.04,7.79,1.94
O501261,2025-04-16,C10550,P2045,1,0.2,54.87,109.92,Sports,109.92,21.98,87.94,54.87,5.33,2.25
O501262,2026-05-23,C10116,P2069,1,0.1,90.63,175.87,Apparel,175.87,17.59,158.28,90.63,6.38,4.94
O501263,2026-05-25,C10335,P2069,2,0.05,90.63,175.87,Apparel,351.74,17.59,334.15,181.26,6.24,6.28
O501264,2025-04-03,C10573,P2054,1,0.2,19.42,50.24,Beauty,50.24,10.05,40.19,19.42,2.5,1.17
O501265,2026-01-01,C10713,P2040,2,0.1,46.24,112.16,Electronics,224.32,22.43,201.89,92.48,3.92,5.73
O501266,2025-05-20,C10913,P2034,2,0.1,84.74,206.91,Electronics,413.82,41.38,372.44,169.48,4.39,6.81
O501267,2025-08-02,C10825,P2061,2,0.15,92.46,150.56,Sports,301.12,45.17,255.95,184.92,4.91,6.34
O501268,2025-05-29,C10537,P2056,3,0.1,12.18,29.13,Home,87.39,8.74,78.65,36.54,5.15,2.15
O501269,2025-06-04,C10775,P2075,3,0.15,49.49,125.61,Electronics,376.83,56.52,320.31,148.47,5.45,10.17
O501270,2025-11-27,C10849,P2030,1,0.1,81.44,160.67,Electronics,160.67,16.07,144.6,81.44,3.89,2.63
O501271,2026-06-19,C10428,P2067,1,0.15,89.48,177.38,Sports,177.38,26.61,150.77,89.48,6.33,3.36
O501272,2025-11-27,C10776,P2019,2,0.0,28.46,61.03,Sports,122.06,0.0,122.06,56.92,5.09,3.47
O501273,2025-12-07,C10945,P2015,3,0.15,32.67,56.68,Home,170.04,25.51,144.53,98.01,3.47,2.98
O501274,2026-04-07,C10132,P2068,1,0.0,54.46,128.05,Home,128.05,0.0,128.05,54.46,4.36,2.81
O501275,2025-10-25,C10007,P2028,3,0.1,49.21,76.08,Beauty,228.24,22.82,205.42,147.63,6.27,5.26
O501276,2025-03-02,C10184,P2025,1,0.25,59.62,149.3,Electronics,149.3,37.33,111.98,59.62,3.3,2.97
O501277,2026-02-08,C10277,P2033,2,0.15,102.58,280.83,Apparel,561.66,84.25,477.41,205.16,5.68,11.61
O501278,2026-01-14,C10639,P2078,2,0.1,80.99,151.9,Beauty,303.8,30.38,273.42,161.98,3.36,7.99
O501279,2025-03-11,C11027,P2048,2,0.0,26.01,65.12,Home,130.24,0.0,130.24,52.02,3.94,2.43
O501280,2025-03-18,C10775,P2015,1,0.2,32.67,56.68,Home,56.68,11.34,45.34,32.67,4.07,0.95
O501281,2026-04-28,C10691,P2068,1,0.1,54.46,128.05,Home,128.05,12.81,115.24,54.46,4.96,3.27
O501282,2026-02-26,C10946,P2031,2,0.05,54.53,117.07,Sports,234.14,11.71,222.43,109.06,4.89,5.31
O501283,2026-01-16,C10334,P2052,1,0.05,85.13,212.17,Beauty,212.17,10.61,201.56,85.13,3.91,5.24
O501284,2026-05-25,C10630,P2026,2,0.05,25.88,63.53,Beauty,127.06,6.35,120.71,51.76,4.45,2.88
O501285,2025-07-08,C10815,P2038,1,0.15,61.98,100.85,Sports,100.85,15.13,85.72,61.98,5.7,2.74
O501286,2025-12-12,C10970,P2034,2,0.0,84.74,206.91,Electronics,413.82,0.0,413.82,169.48,5.43,9.06
O501287,2025-05-02,C10626,P2047,1,0.05,23.95,36.37,Sports,36.37,1.82,34.55,23.95,3.5,0.85
O501288,2025-08-02,C10410,P2071,2,0.0,72.34,202.22,Beauty,404.44,0.0,404.44,144.68,8.41,9.13
O501289,2025-04-30,C10952,P2069,1,0.05,90.63,175.87,Apparel,175.87,8.79,167.08,90.63,7.77,4.0
O501290,2025-07-24,C10560,P2030,3,0.2,81.44,160.67,Electronics,482.01,96.4,385.61,244.32,4.7,6.98
O501291,2025-12-07,C10304,P2058,1,0.15,56.31,124.87,Electronics,124.87,18.73,106.14,56.31,3.47,2.73
O501292,2026-04-04,C10112,P2065,2,0.1,74.22,160.54,Electronics,321.08,32.11,288.97,148.44,2.5,5.34
O501293,2025-08-24,C10677,P2040,1,0.1,46.24,112.16,Electronics,112.16,11.22,100.94,46.24,4.03,2.68
O501294,2025-04-07,C10227,P2044,1,0.15,96.39,166.51,Electronics,166.51,24.98,141.53,96.39,4.71,3.79
O501295,2025-08-10,C10132,P2004,1,0.05,82.13,229.05,Sports,229.05,11.45,217.6,82.13,4.48,6.53
O501296,2025-07-18,C11176,P2006,1,0.1,90.83,200.16,Electronics,200.16,20.02,180.14,90.83,4.88,4.61
O501297,2025-11-24,C10450,P2043,1,0.0,34.43,56.92,Electronics,56.92,0.0,56.92,34.43,6.65,1.46
O501298,2026-02-03,C10370,P2064,2,0.1,92.82,194.3,Sports,388.6,38.86,349.74,185.64,7.27,6.51
O501299,2025-02-12,C10234,P2036,1,0.25,79.57,186.92,Apparel,186.92,46.73,140.19,79.57,4.89,3.21
O501300,2026-06-13,C10845,P2010,2,0.1,105.58,212.84,Electronics,425.68,42.57,383.11,211.16,7.12,8.12
O501301,2026-06-30,C10142,P2046,1,0.15,41.9,79.58,Sports,79.58,11.94,67.64,41.9,6.07,2.11
O501302,2025-01-24,C10145,P2020,3,0.15,96.28,147.84,Home,443.52,66.53,376.99,288.84,4.66,10.22
O501303,2026-06-14,C10014,P2069,2,0.1,90.63,175.87,Apparel,351.74,35.17,316.57,181.26,5.97,7.71
O501304,2025-08-24,C10682,P2006,1,0.15,90.83,200.16,Electronics,200.16,30.02,170.14,90.83,4.12,3.55
O501305,2025-06-13,C10540,P2026,1,0.05,25.88,63.53,Beauty,63.53,3.18,60.35,25.88,4.94,1.43
O501306,2025-01-10,C10635,P2000,2,0.15,20.01,46.3,Beauty,92.6,13.89,78.71,40.02,3.67,2.22
O501307,2025-08-18,C10217,P2036,3,0.05,79.57,186.92,Apparel,560.76,28.04,532.72,238.71,4.62,14.72
O501308,2025-11-04,C10654,P2001,2,0.15,67.86,159.31,Electronics,318.62,47.79,270.83,135.72,8.89,6.27
O501309,2025-02-17,C11148,P2077,3,0.05,99.36,190.12,Apparel,570.36,28.52,541.84,298.08,5.76,12.84
O501310,2025-09-05,C10675,P2064,2,0.0,92.82,194.3,Sports,388.6,0.0,388.6,185.64,7.48,9.9
O501311,2026-05-24,C10414,P2070,1,0.15,80.41,185.88,Sports,185.88,27.88,158.0,80.41,6.54,3.67
O501312,2025-11-16,C10074,P2039,1,0.15,88.55,225.55,Beauty,225.55,33.83,191.72,88.55,5.35,3.55
O501313,2025-06-06,C10744,P2075,1,0.0,49.49,125.61,Electronics,125.61,0.0,125.61,49.49,7.56,2.75
O501314,2025-04-26,C11067,P2037,3,0.2,19.43,42.14,Home,126.42,25.28,101.14,58.29,5.22,2.13
O501315,2025-10-09,C10169,P2019,1,0.15,28.46,61.03,Sports,61.03,9.15,51.88,28.46,7.02,1.01
O501316,2026-02-17,C10965,P2052,2,0.1,85.13,212.17,Beauty,424.34,42.43,381.91,170.26,4.36,10.76
O501317,2025-09-13,C11148,P2068,2,0.1,54.46,128.05,Home,256.1,25.61,230.49,108.92,2.5,5.35
O501318,2025-12-23,C11116,P2059,1,0.0,74.58,192.13,Electronics,192.13,0.0,192.13,74.58,4.09,4.6
O501319,2025-09-14,C10217,P2004,2,0.05,82.13,229.05,Sports,458.1,22.9,435.2,164.26,3.91,12.79
O501320,2025-12-06,C11170,P2009,2,0.25,89.03,195.13,Home,390.26,97.56,292.7,178.06,2.5,6.42
O501321,2025-08-31,C10942,P2069,2,0.1,90.63,175.87,Apparel,351.74,35.17,316.57,181.26,7.14,8.96
O501322,2025-12-29,C10625,P2041,2,0.0,53.15,104.66,Apparel,209.32,0.0,209.32,106.3,5.76,5.19
O501323,2025-04-01,C10794,P2071,2,0.1,72.34,202.22,Beauty,404.44,40.44,364.0,144.68,7.13,10.25
O501324,2025-12-20,C10557,P2028,2,0.1,49.21,76.08,Beauty,152.16,15.22,136.94,98.42,4.87,3.52
O501325,2026-03-15,C11084,P2065,2,0.15,74.22,160.54,Electronics,321.08,48.16,272.92,148.44,6.23,5.53
O501326,2025-09-07,C10796,P2041,1,0.0,53.15,104.66,Apparel,104.66,0.0,104.66,53.15,4.94,1.97
O501327,2026-02-12,C10713,P2033,1,0.2,102.58,280.83,Apparel,280.83,56.17,224.66,102.58,5.36,5.47
O501328,2026-02-27,C10205,P2007,2,0.0,81.19,138.2,Apparel,276.4,0.0,276.4,162.38,5.36,7.53
O501329,2026-04-23,C10943,P2068,1,0.05,54.46,128.05,Home,128.05,6.4,121.65,54.46,4.05,2.77
O501330,2026-03-03,C10652,P2017,2,0.05,42.64,69.06,Apparel,138.12,6.91,131.21,85.28,4.52,3.99
O501331,2026-04-11,C10151,P2072,1,0.2,85.85,152.66,Sports,152.66,30.53,122.13,85.85,4.09,3.52
O501332,2025-02-08,C10549,P2041,2,0.25,53.15,104.66,Apparel,209.32,52.33,156.99,106.3,3.36,4.19
O501333,2025-07-07,C11188,P2007,2,0.05,81.19,138.2,Apparel,276.4,13.82,262.58,162.38,3.58,7.8
O501334,2025-05-31,C10356,P2010,2,0.2,105.58,212.84,Electronics,425.68,85.14,340.54,211.16,3.14,8.27
O501335,2025-08-08,C10400,P2007,1,0.0,81.19,138.2,Apparel,138.2,0.0,138.2,81.19,4.28,3.01
O501336,2026-01-01,C11125,P2072,3,0.1,85.85,152.66,Sports,457.98,45.8,412.18,257.55,4.8,11.81
O501337,2026-02-07,C10289,P2070,1,0.1,80.41,185.88,Sports,185.88,18.59,167.29,80.41,5.94,3.53
O501338,2026-02-05,C11143,P2020,2,0.1,96.28,147.84,Home,295.68,29.57,266.11,192.56,7.26,5.94
O501339,2025-06-13,C10571,P2039,1,0.0,88.55,225.55,Beauty,225.55,0.0,225.55,88.55,5.92,6.59
O501340,2025-02-24,C10820,P2058,3,0.2,56.31,124.87,Electronics,374.61,74.92,299.69,168.93,3.53,6.89
O501341,2025-02-15,C10959,P2030,2,0.0,81.44,160.67,Electronics,321.34,0.0,321.34,162.88,5.55,6.83
O501342,2025-03-23,C10933,P2021,1,0.0,75.19,147.18,Electronics,147.18,0.0,147.18,75.19,5.2,4.55
O501343,2025-05-25,C11158,P2054,2,0.15,19.42,50.24,Beauty,100.48,15.07,85.41,38.84,6.09,2.7
O501344,2026-01-22,C10822,P2028,1,0.05,49.21,76.08,Beauty,76.08,3.8,72.28,49.21,6.65,1.55
O501345,2025-10-25,C10665,P2046,1,0.25,41.9,79.58,Sports,79.58,19.9,59.68,41.9,5.89,1.74
O501346,2025-01-10,C10471,P2042,1,0.0,21.36,43.17,Sports,43.17,0.0,43.17,21.36,4.55,1.26
O501347,2025-03-18,C11015,P2004,1,0.05,82.13,229.05,Sports,229.05,11.45,217.6,82.13,5.54,6.19
O501348,2025-03-06,C10933,P2030,1,0.0,81.44,160.67,Electronics,160.67,0.0,160.67,81.44,6.81,4.06
O501349,2025-05-12,C10012,P2031,2,0.15,54.53,117.07,Sports,234.14,35.12,199.02,109.06,2.5,6.22
O501350,2025-02-27,C10933,P2058,2,0.25,56.31,124.87,Electronics,249.74,62.44,187.3,112.62,7.27,4.65
O501351,2025-02-28,C10934,P2021,2,0.15,75.19,147.18,Electronics,294.36,44.15,250.21,150.38,3.52,5.15
O501352,2026-02-19,C11054,P2033,2,0.2,102.58,280.83,Apparel,561.66,112.33,449.33,205.16,4.52,10.52
O501353,2026-05-18,C10756,P2061,3,0.05,92.46,150.56,Sports,451.68,22.58,429.1,277.38,5.28,8.22
O501354,2025-05-18,C10490,P2049,2,0.0,75.64,173.14,Apparel,346.28,0.0,346.28,151.28,4.69,7.43
O501355,2026-04-28,C10748,P2040,2,0.05,46.24,112.16,Electronics,224.32,11.22,213.1,92.48,5.52,5.21
O501356,2025-05-24,C10286,P2040,1,0.0,46.24,112.16,Electronics,112.16,0.0,112.16,46.24,4.95,2.22
O501357,2025-02-04,C10716,P2058,3,0.1,56.31,124.87,Electronics,374.61,37.46,337.15,168.93,4.89,8.31
O501358,2025-04-10,C10136,P2020,1,0.0,96.28,147.84,Home,147.84,0.0,147.84,96.28,4.33,4.06
O501359,2026-03-15,C10665,P2073,1,0.0,103.53,278.8,Apparel,278.8,0.0,278.8,103.53,6.85,8.25
O501360,2026-05-19,C11133,P2004,3,0.1,82.13,229.05,Sports,687.15,68.72,618.44,246.39,4.64,18.09
O501361,2026-03-16,C10516,P2003,2,0.15,103.86,246.21,Sports,492.42,73.86,418.56,207.72,4.74,12.39
O501362,2026-02-11,C10930,P2017,1,0.15,42.64,69.06,Apparel,69.06,10.36,58.7,42.64,5.84,1.73
O501363,2026-01-15,C10849,P2045,1,0.05,54.87,109.92,Sports,109.92,5.5,104.42,54.87,6.58,1.95
O501364,2025-02-23,C10437,P2007,2,0.2,81.19,138.2,Apparel,276.4,55.28,221.12,162.38,6.35,4.77
O501365,2025-08-03,C10333,P2046,3,0.15,41.9,79.58,Sports,238.74,35.81,202.93,125.7,5.27,3.66
O501366,2025-10-11,C10979,P2045,3,0.0,54.87,109.92,Sports,329.76,0.0,329.76,164.61,5.81,10.15
O501367,2025-01-04,C10660,P2042,1,0.15,21.36,43.17,Sports,43.17,6.48,36.69,21.36,3.81,1.06
O501368,2026-04-29,C10019,P2037,2,0.05,19.43,42.14,Home,84.28,4.21,80.07,38.86,4.75,2.32
O501369,2025-07-07,C10069,P2072,1,0.1,85.85,152.66,Sports,152.66,15.27,137.39,85.85,7.28,4.03
O501370,2025-06-06,C10529,P2006,2,0.0,90.83,200.16,Electronics,400.32,0.0,400.32,181.66,3.49,9.26
O501371,2026-02-17,C10040,P2036,2,0.1,79.57,186.92,Apparel,373.84,37.38,336.46,159.14,4.9,7.85
O501372,2025-12-11,C10420,P2001,2,0.05,67.86,159.31,Electronics,318.62,15.93,302.69,135.72,2.86,9.18
O501373,2025-04-02,C11156,P2023,1,0.15,99.43,207.17,Apparel,207.17,31.08,176.09,99.43,7.56,5.43
O501374,2025-07-12,C10373,P2018,1,0.15,23.1,60.58,Apparel,60.58,9.09,51.49,23.1,5.34,1.01
O501375,2026-02-07,C10295,P2039,2,0.0,88.55,225.55,Beauty,451.1,0.0,451.1,177.1,3.19,9.12
O501376,2025-05-10,C10202,P2044,3,0.15,96.39,166.51,Electronics,499.53,74.93,424.6,289.17,5.45,7.88
O501377,2025-08-24,C10290,P2059,1,0.0,74.58,192.13,Electronics,192.13,0.0,192.13,74.58,3.78,3.56
O501378,2026-06-27,C10120,P2014,1,0.05,105.6,279.48,Beauty,279.48,13.97,265.51,105.6,4.19,8.4
O501379,2025-03-23,C10650,P2056,3,0.05,12.18,29.13,Home,87.39,4.37,83.02,36.54,3.05,2.57
O501380,2025-08-27,C10120,P2073,1,0.0,103.53,278.8,Apparel,278.8,0.0,278.8,103.53,9.36,6.79
O501381,2026-02-24,C10067,P2022,1,0.1,39.69,79.46,Beauty,79.46,7.95,71.51,39.69,2.5,2.21
O501382,2025-02-14,C10829,P2072,2,0.0,85.85,152.66,Sports,305.32,0.0,305.32,171.7,4.98,7.34
O501383,2025-06-30,C10387,P2048,2,0.0,26.01,65.12,Home,130.24,0.0,130.24,52.02,5.59,3.87
O501384,2025-12-28,C11155,P2012,2,0.2,91.5,250.58,Home,501.16,100.23,400.93,183.0,5.9,8.68
O501385,2025-03-30,C10357,P2012,2,0.0,91.5,250.58,Home,501.16,0.0,501.16,183.0,6.12,15.06
O501386,2025-08-12,C11070,P2032,1,0.0,83.59,176.17,Apparel,176.17,0.0,176.17,83.59,2.81,3.51
O501387,2025-12-26,C10746,P2045,1,0.1,54.87,109.92,Sports,109.92,10.99,98.93,54.87,5.39,2.05
O501388,2025-06-11,C10906,P2007,2,0.15,81.19,138.2,Apparel,276.4,41.46,234.94,162.38,2.88,5.18
O501389,2025-04-04,C10308,P2050,2,0.0,47.62,83.27,Beauty,166.54,0.0,166.54,95.24,4.14,4.34
O501390,2026-04-06,C10149,P2056,1,0.05,12.18,29.13,Home,29.13,1.46,27.67,12.18,4.57,0.85
O501391,2025-10-25,C11043,P2073,1,0.0,103.53,278.8,Apparel,278.8,0.0,278.8,103.53,4.45,5.99
O501392,2025-09-25,C10229,P2070,1,0.0,80.41,185.88,Sports,185.88,0.0,185.88,80.41,4.85,3.57
O501393,2026-02-11,C11141,P2049,1,0.15,75.64,173.14,Apparel,173.14,25.97,147.17,75.64,5.3,2.8
O501394,2025-08-14,C11148,P2066,2,0.15,21.23,45.94,Beauty,91.88,13.78,78.1,42.46,4.21,2.41
O501395,2025-07-18,C10151,P2014,1,0.0,105.6,279.48,Beauty,279.48,0.0,279.48,105.6,6.5,8.25
O501396,2025-10-28,C10610,P2039,1,0.1,88.55,225.55,Beauty,225.55,22.56,203.0,88.55,5.7,6.28
O501397,2025-10-26,C10784,P2066,1,0.0,21.23,45.94,Beauty,45.94,0.0,45.94,21.23,3.23,1.45
O501398,2025-08-24,C10785,P2069,3,0.2,90.63,175.87,Apparel,527.61,105.52,422.09,271.89,5.82,10.25
O501399,2026-05-21,C11023,P2054,2,0.0,19.42,50.24,Beauty,100.48,0.0,100.48,38.84,4.03,2.47
O501400,2025-08-08,C10755,P2065,3,0.1,74.22,160.54,Electronics,481.62,48.16,433.46,222.66,4.99,8.56
O501401,2025-09-23,C10176,P2008,2,0.15,64.11,126.24,Beauty,252.48,37.87,214.61,128.22,3.4,4.33
O501402,2025-01-24,C10007,P2037,2,0.25,19.43,42.14,Home,84.28,21.07,63.21,38.86,8.26,1.91
O501403,2025-04-11,C10115,P2044,1,0.1,96.39,166.51,Electronics,166.51,16.65,149.86,96.39,2.85,2.79
O501404,2026-05-06,C10092,P2073,2,0.1,103.53,278.8,Apparel,557.6,55.76,501.84,207.06,5.92,11.4
O501405,2025-06-01,C11021,P2054,1,0.15,19.42,50.24,Beauty,50.24,7.54,42.7,19.42,3.43,1.22
O501406,2025-11-07,C10629,P2077,1,0.05,99.36,190.12,Apparel,190.12,9.51,180.61,99.36,3.85,4.37
O501407,2025-05-06,C10745,P2065,1,0.15,74.22,160.54,Electronics,160.54,24.08,136.46,74.22,4.23,3.38
O501408,2026-05-24,C10044,P2018,3,0.0,23.1,60.58,Apparel,181.74,0.0,181.74,69.3,4.41,3.97
O501409,2025-04-28,C10997,P2043,1,0.05,34.43,56.92,Electronics,56.92,2.85,54.07,34.43,5.56,1.17
O501410,2025-01-12,C11047,P2019,2,0.1,28.46,61.03,Sports,122.06,12.21,109.85,56.92,4.35,3.44
O501411,2025-05-06,C10456,P2011,1,0.05,25.59,43.62,Electronics,43.62,2.18,41.44,25.59,5.83,0.75
O501412,2025-10-02,C10301,P2003,1,0.1,103.86,246.21,Sports,246.21,24.62,221.59,103.86,3.52,7.01
O501413,2025-03-09,C10133,P2005,1,0.1,21.42,39.38,Sports,39.38,3.94,35.44,21.42,3.18,0.74
O501414,2026-02-07,C10151,P2002,2,0.25,36.16,61.12,Beauty,122.24,30.56,91.68,72.32,5.87,1.91
O501415,2026-05-26,C10582,P2031,1,0.25,54.53,117.07,Sports,117.07,29.27,87.8,54.53,8.11,2.05
O501416,2026-04-02,C10951,P2007,1,0.05,81.19,138.2,Apparel,138.2,6.91,131.29,81.19,2.5,3.07
O501417,2025-10-22,C10762,P2061,2,0.2,92.46,150.56,Sports,301.12,60.22,240.9,184.92,2.95,6.71
O501418,2026-04-30,C11109,P2019,1,0.25,28.46,61.03,Sports,61.03,15.26,45.77,28.46,7.01,1.03
O501419,2025-09-10,C10823,P2067,1,0.1,89.48,177.38,Sports,177.38,17.74,159.64,89.48,2.5,4.5
O501420,2026-03-24,C10554,P2012,1,0.2,91.5,250.58,Home,250.58,50.12,200.46,91.5,3.9,6.03
O501421,2025-10-31,C10692,P2044,1,0.0,96.39,166.51,Electronics,166.51,0.0,166.51,96.39,6.12,3.55
O501422,2025-09-21,C10847,P2055,2,0.0,14.94,29.55,Sports,59.1,0.0,59.1,29.88,4.12,1.21
O501423,2026-04-15,C11089,P2041,1,0.0,53.15,104.66,Apparel,104.66,0.0,104.66,53.15,3.39,2.03
O501424,2026-06-12,C10499,P2001,1,0.0,67.86,159.31,Electronics,159.31,0.0,159.31,67.86,2.84,4.12
O501425,2026-05-08,C10001,P2040,2,0.2,46.24,112.16,Electronics,224.32,44.86,179.46,92.48,2.5,5.28
O501426,2025-07-18,C10164,P2047,2,0.15,23.95,36.37,Sports,72.74,10.91,61.83,47.9,5.37,1.22
O501427,2026-02-22,C10575,P2075,1,0.15,49.49,125.61,Electronics,125.61,18.84,106.77,49.49,5.7,2.82
O501428,2026-05-25,C10651,P2079,2,0.15,76.11,150.73,Apparel,301.46,45.22,256.24,152.22,3.93,6.73
O501429,2026-01-10,C10721,P2061,1,0.15,92.46,150.56,Sports,150.56,22.58,127.98,92.46,5.0,3.64
O501430,2026-06-29,C11062,P2072,3,0.05,85.85,152.66,Sports,457.98,22.9,435.08,257.55,7.02,9.57
O501431,2025-02-25,C10317,P2039,3,0.25,88.55,225.55,Beauty,676.65,169.16,507.49,265.65,3.3,15.01
O501432,2026-05-08,C11112,P2022,1,0.05,39.69,79.46,Beauty,79.46,3.97,75.49,39.69,5.33,1.96
O501433,2025-09-25,C10305,P2002,3,0.15,36.16,61.12,Beauty,183.36,27.5,155.86,108.48,7.27,3.39
O501434,2026-03-09,C10144,P2032,2,0.2,83.59,176.17,Apparel,352.34,70.47,281.87,167.18,7.66,8.86
O501435,2026-01-28,C10401,P2060,1,0.1,91.93,225.41,Sports,225.41,22.54,202.87,91.93,4.74,4.16
O501436,2025-07-01,C10527,P2032,1,0.05,83.59,176.17,Apparel,176.17,8.81,167.36,83.59,4.47,4.99
O501437,2025-01-25,C10898,P2061,3,0.05,92.46,150.56,Sports,451.68,22.58,429.1,277.38,6.48,13.48
O501438,2025-11-21,C10992,P2055,3,0.2,14.94,29.55,Sports,88.65,17.73,70.92,44.82,4.99,1.88
O501439,2025-11-23,C11147,P2004,1,0.05,82.13,229.05,Sports,229.05,11.45,217.6,82.13,4.49,4.16
O501440,2025-07-20,C10959,P2058,1,0.0,56.31,124.87,Electronics,124.87,0.0,124.87,56.31,5.13,2.27
O501441,2026-03-18,C10598,P2058,1,0.1,56.31,124.87,Electronics,124.87,12.49,112.38,56.31,5.19,3.41
O501442,2025-06-21,C11122,P2033,2,0.05,102.58,280.83,Apparel,561.66,28.08,533.58,205.16,2.5,9.71
O501443,2026-05-26,C10391,P2065,1,0.0,74.22,160.54,Electronics,160.54,0.0,160.54,74.22,7.2,4.77
O501444,2026-02-23,C10432,P2024,1,0.25,38.64,85.56,Electronics,85.56,21.39,64.17,38.64,3.82,1.89
O501445,2026-03-14,C11159,P2015,3,0.0,32.67,56.68,Home,170.04,0.0,170.04,98.01,2.5,3.69
O501446,2025-02-04,C10240,P2014,2,0.0,105.6,279.48,Beauty,558.96,0.0,558.96,211.2,5.6,15.33
O501447,2025-06-20,C10719,P2051,1,0.15,21.09,56.25,Home,56.25,8.44,47.81,21.09,3.56,1.04
O501448,2025-09-01,C10175,P2066,1,0.1,21.23,45.94,Beauty,45.94,4.59,41.35,21.23,6.2,0.79
O501449,2026-06-09,C10197,P2045,2,0.0,54.87,109.92,Sports,219.84,0.0,219.84,109.74,3.06,3.98
O501450,2026-04-07,C10301,P2005,2,0.0,21.42,39.38,Sports,78.76,0.0,78.76,42.84,5.94,1.77
O501451,2025-02-10,C10872,P2003,1,0.05,103.86,246.21,Sports,246.21,12.31,233.9,103.86,5.96,7.48
O501452,2025-08-20,C10299,P2014,1,0.1,105.6,279.48,Beauty,279.48,27.95,251.53,105.6,7.0,5.47
O501453,2025-06-20,C11128,P2051,1,0.0,21.09,56.25,Home,56.25,0.0,56.25,21.09,5.95,1.73
O501454,2025-10-19,C10717,P2059,1,0.2,74.58,192.13,Electronics,192.13,38.43,153.7,74.58,6.43,3.69
O501455,2025-12-15,C11128,P2015,1,0.15,32.67,56.68,Home,56.68,8.5,48.18,32.67,4.03,1.1
O501456,2025-08-21,C10918,P2023,1,0.1,99.43,207.17,Apparel,207.17,20.72,186.45,99.43,5.22,4.47
O501457,2026-05-29,C10305,P2072,1,0.1,85.85,152.66,Sports,152.66,15.27,137.39,85.85,3.58,3.53
O501458,2026-05-06,C10765,P2022,2,0.0,39.69,79.46,Beauty,158.92,0.0,158.92,79.38,5.05,3.7
O501459,2025-02-14,C10776,P2034,2,0.2,84.74,206.91,Electronics,413.82,82.76,331.06,169.48,5.75,5.98
O501460,2026-06-11,C10923,P2002,2,0.15,36.16,61.12,Beauty,122.24,18.34,103.9,72.32,4.59,3.13
O501461,2025-05-15,C11060,P2046,2,0.25,41.9,79.58,Sports,159.16,39.79,119.37,83.8,5.33,3.14
O501462,2025-02-22,C10450,P2072,1,0.1,85.85,152.66,Sports,152.66,15.27,137.39,85.85,4.8,4.38
O501463,2025-03-02,C10407,P2009,2,0.1,89.03,195.13,Home,390.26,39.03,351.23,178.06,3.96,8.59
O501464,2025-09-22,C10579,P2002,2,0.1,36.16,61.12,Beauty,122.24,12.22,110.02,72.32,5.76,2.57
O501465,2025-10-09,C11062,P2013,1,0.15,14.91,32.18,Beauty,32.18,4.83,27.35,14.91,5.71,0.56
O501466,2025-04-07,C11136,P2038,2,0.1,61.98,100.85,Sports,201.7,20.17,181.53,123.96,5.76,5.44
O501467,2026-04-10,C10165,P2008,3,0.0,64.11,126.24,Beauty,378.72,0.0,378.72,192.33,4.45,8.85
O501468,2025-02-28,C10866,P2057,1,0.1,24.55,53.8,Beauty,53.8,5.38,48.42,24.55,6.35,1.14
O501469,2026-06-29,C11061,P2034,1,0.1,84.74,206.91,Electronics,206.91,20.69,186.22,84.74,6.18,4.63
O501470,2025-02-20,C10382,P2061,2,0.1,92.46,150.56,Sports,301.12,30.11,271.01,184.92,2.93,5.41
O501471,2025-01-22,C11177,P2064,1,0.1,92.82,194.3,Sports,194.3,19.43,174.87,92.82,4.13,4.89
O501472,2025-08-05,C10125,P2055,1,0.0,14.94,29.55,Sports,29.55,0.0,29.55,14.94,3.73,0.84
O501473,2025-09-15,C10237,P2027,1,0.2,39.51,103.84,Electronics,103.84,20.77,83.07,39.51,4.75,2.11
O501474,2026-04-13,C10636,P2028,1,0.0,49.21,76.08,Beauty,76.08,0.0,76.08,49.21,4.03,2.38
O501475,2025-05-17,C10842,P2041,2,0.0,53.15,104.66,Apparel,209.32,0.0,209.32,106.3,5.24,5.09
O501476,2026-01-18,C10591,P2008,1,0.25,64.11,126.24,Beauty,126.24,31.56,94.68,64.11,6.62,2.05
O501477,2025-04-19,C10125,P2013,2,0.0,14.91,32.18,Beauty,64.36,0.0,64.36,29.82,3.44,1.52
O501478,2025-05-22,C10451,P2060,2,0.05,91.93,225.41,Sports,450.82,22.54,428.28,183.86,7.47,13.52
O501479,2025-01-29,C10027,P2013,3,0.0,14.91,32.18,Beauty,96.54,0.0,96.54,44.73,4.72,3.05
O501480,2025-09-18,C10938,P2054,1,0.05,19.42,50.24,Beauty,50.24,2.51,47.73,19.42,4.13,0.99
O501481,2025-04-05,C10218,P2019,2,0.2,28.46,61.03,Sports,122.06,24.41,97.65,56.92,6.23,2.87
O501482,2025-12-09,C10930,P2009,2,0.15,89.03,195.13,Home,390.26,58.54,331.72,178.06,3.7,7.87
O501483,2025-07-24,C10979,P2057,1,0.2,24.55,53.8,Beauty,53.8,10.76,43.04,24.55,8.74,1.15
O501484,2025-04-24,C10085,P2021,3,0.2,75.19,147.18,Electronics,441.54,88.31,353.23,225.57,4.22,10.91
O501485,2025-04-02,C10551,P2079,1,0.1,76.11,150.73,Apparel,150.73,15.07,135.66,76.11,6.13,3.21
O501486,2026-03-05,C11163,P2045,2,0.05,54.87,109.92,Sports,219.84,10.99,208.85,109.74,2.5,4.93
O501487,2025-04-29,C10602,P2002,3,0.2,36.16,61.12,Beauty,183.36,36.67,146.69,108.48,5.16,4.61
O501488,2025-12-05,C10034,P2010,1,0.1,105.58,212.84,Electronics,212.84,21.28,191.56,105.58,6.45,5.52
O501489,2026-04-29,C10508,P2018,1,0.15,23.1,60.58,Apparel,60.58,9.09,51.49,23.1,4.83,1.37
O501490,2026-06-18,C10469,P2048,2,0.1,26.01,65.12,Home,130.24,13.02,117.22,52.02,6.1,2.91
O501491,2025-05-27,C10552,P2073,2,0.0,103.53,278.8,Apparel,557.6,0.0,557.6,207.06,4.56,12.07
O501492,2026-01-12,C10003,P2026,1,0.25,25.88,63.53,Beauty,63.53,15.88,47.65,25.88,3.49,1.01
O501493,2026-01-29,C10441,P2023,2,0.1,99.43,207.17,Apparel,414.34,41.43,372.91,198.86,4.5,8.32
O501494,2025-08-12,C10296,P2072,1,0.0,85.85,152.66,Sports,152.66,0.0,152.66,85.85,3.53,3.68
O501495,2026-02-10,C10519,P2071,2,0.15,72.34,202.22,Beauty,404.44,60.67,343.77,144.68,9.25,8.27
O501496,2025-05-31,C10589,P2008,2,0.0,64.11,126.24,Beauty,252.48,0.0,252.48,128.22,5.85,5.4
O501497,2025-02-17,C10180,P2043,1,0.0,34.43,56.92,Electronics,56.92,0.0,56.92,34.43,6.55,1.4
O501498,2025-11-04,C10454,P2015,3,0.05,32.67,56.68,Home,170.04,8.5,161.54,98.01,5.18,4.66
O501499,2026-01-19,C11127,P2039,1,0.1,88.55,225.55,Beauty,225.55,22.56,203.0,88.55,3.89,6.08
O501500,2025-01-25,C11075,P2038,1,0.0,61.98,100.85,Sports,100.85,0.0,100.85,61.98,4.92,1.96
O501501,2025-03-03,C11063,P2027,2,0.0,39.51,103.84,Electronics,207.68,0.0,207.68,79.02,3.41,4.26
O501502,2025-08-12,C10807,P2069,1,0.15,90.63,175.87,Apparel,175.87,26.38,149.49,90.63,6.28,3.18
O501503,2025-10-09,C11197,P2027,2,0.0,39.51,103.84,Electronics,207.68,0.0,207.68,79.02,4.32,4.16
O501504,2026-04-11,C10863,P2073,1,0.0,103.53,278.8,Apparel,278.8,0.0,278.8,103.53,5.45,6.41
O501505,2025-06-19,C10727,P2004,2,0.0,82.13,229.05,Sports,458.1,0.0,458.1,164.26,3.57,11.01
O501506,2025-05-12,C10287,P2077,1,0.15,99.36,190.12,Apparel,190.12,28.52,161.6,99.36,6.24,3.37
O501507,2025-12-31,C10538,P2047,2,0.1,23.95,36.37,Sports,72.74,7.27,65.47,47.9,8.86,1.24
O501508,2025-02-23,C11013,P2026,2,0.1,25.88,63.53,Beauty,127.06,12.71,114.35,51.76,2.91,2.67
O501509,2026-05-09,C10408,P2018,1,0.05,23.1,60.58,Apparel,60.58,3.03,57.55,23.1,3.96,1.71
O501510,2025-10-10,C10014,P2009,3,0.05,89.03,195.13,Home,585.39,29.27,556.12,267.09,6.0,12.97
O501511,2025-03-26,C10133,P2033,1,0.15,102.58,280.83,Apparel,280.83,42.12,238.71,102.58,5.5,6.87
O501512,2025-09-28,C10574,P2000,1,0.2,20.01,46.3,Beauty,46.3,9.26,37.04,20.01,4.26,0.68
O501513,2025-12-01,C10024,P2054,1,0.1,19.42,50.24,Beauty,50.24,5.02,45.22,19.42,3.79,1.03
O501514,2025-10-02,C10905,P2022,1,0.0,39.69,79.46,Beauty,79.46,0.0,79.46,39.69,7.17,2.53
O501515,2025-11-06,C11123,P2072,1,0.05,85.85,152.66,Sports,152.66,7.63,145.03,85.85,4.29,4.23
O501516,2025-02-25,C10468,P2010,2,0.0,105.58,212.84,Electronics,425.68,0.0,425.68,211.16,2.76,10.19
O501517,2026-06-14,C10974,P2048,3,0.0,26.01,65.12,Home,195.36,0.0,195.36,78.03,2.5,5.14
O501518,2026-04-11,C10481,P2056,1,0.15,12.18,29.13,Home,29.13,4.37,24.76,12.18,4.78,0.77
O501519,2025-04-10,C10348,P2072,3,0.1,85.85,152.66,Sports,457.98,45.8,412.18,257.55,4.23,9.26
O501520,2026-01-31,C10445,P2021,3,0.05,75.19,147.18,Electronics,441.54,22.08,419.46,225.57,6.19,9.85
O501521,2026-04-17,C10194,P2025,1,0.1,59.62,149.3,Electronics,149.3,14.93,134.37,59.62,4.02,2.85
O501522,2026-01-11,C10760,P2038,1,0.0,61.98,100.85,Sports,100.85,0.0,100.85,61.98,5.76,2.54
O501523,2026-04-10,C10804,P2036,3,0.1,79.57,186.92,Apparel,560.76,56.08,504.68,238.71,4.55,10.33
O501524,2025-06-21,C10784,P2000,1,0.05,20.01,46.3,Beauty,46.3,2.32,43.98,20.01,6.52,0.9
O501525,2026-03-08,C10375,P2050,1,0.0,47.62,83.27,Beauty,83.27,0.0,83.27,47.62,2.63,2.57
O501526,2025-06-05,C10498,P2034,1,0.0,84.74,206.91,Electronics,206.91,0.0,206.91,84.74,4.67,6.48
O501527,2025-11-24,C10782,P2018,1,0.05,23.1,60.58,Apparel,60.58,3.03,57.55,23.1,5.4,1.69
O501528,2026-04-26,C10028,P2001,1,0.1,67.86,159.31,Electronics,159.31,15.93,143.38,67.86,6.5,3.2
O501529,2025-03-01,C10875,P2003,1,0.1,103.86,246.21,Sports,246.21,24.62,221.59,103.86,2.5,4.53
O501530,2025-03-04,C10464,P2038,1,0.05,61.98,100.85,Sports,100.85,5.04,95.81,61.98,8.05,2.82
O501531,2025-12-20,C10615,P2053,1,0.1,95.73,175.96,Electronics,175.96,17.6,158.36,95.73,5.0,3.19
O501532,2026-04-30,C10069,P2043,1,0.05,34.43,56.92,Electronics,56.92,2.85,54.07,34.43,3.63,1.61
O501533,2025-01-08,C10126,P2004,1,0.15,82.13,229.05,Sports,229.05,34.36,194.69,82.13,5.72,4.75
O501534,2026-01-28,C10524,P2005,2,0.05,21.42,39.38,Sports,78.76,3.94,74.82,42.84,8.21,1.57
O501535,2026-01-28,C10172,P2026,3,0.0,25.88,63.53,Beauty,190.59,0.0,190.59,77.64,4.51,5.02
O501536,2025-12-04,C10612,P2054,2,0.25,19.42,50.24,Beauty,100.48,25.12,75.36,38.84,2.63,1.68
O501537,2025-11-04,C10556,P2039,2,0.0,88.55,225.55,Beauty,451.1,0.0,451.1,177.1,3.64,11.41
O501538,2026-05-25,C10592,P2069,1,0.1,90.63,175.87,Apparel,175.87,17.59,158.28,90.63,2.5,3.92
O501539,2025-02-21,C11085,P2039,2,0.15,88.55,225.55,Beauty,451.1,67.67,383.44,177.1,3.41,12.26
O501540,2025-02-24,C10179,P2065,3,0.25,74.22,160.54,Electronics,481.62,120.4,361.22,222.66,2.5,8.55
O501541,2026-04-03,C10162,P2011,2,0.0,25.59,43.62,Electronics,87.24,0.0,87.24,51.18,4.08,2.45
O501542,2025-08-30,C11035,P2054,3,0.1,19.42,50.24,Beauty,150.72,15.07,135.65,58.26,7.18,2.92
O501543,2025-10-27,C10400,P2078,1,0.0,80.99,151.9,Beauty,151.9,0.0,151.9,80.99,5.87,4.1
O501544,2025-03-12,C10935,P2043,1,0.0,34.43,56.92,Electronics,56.92,0.0,56.92,34.43,3.45,1.23
O501545,2026-06-11,C11174,P2015,1,0.1,32.67,56.68,Home,56.68,5.67,51.01,32.67,5.83,1.42
O501546,2026-04-26,C10898,P2006,1,0.2,90.83,200.16,Electronics,200.16,40.03,160.13,90.83,7.15,3.28
O501547,2025-06-09,C11014,P2029,1,0.05,30.95,55.54,Apparel,55.54,2.78,52.76,30.95,5.11,1.24
O501548,2026-01-15,C10033,P2021,2,0.25,75.19,147.18,Electronics,294.36,73.59,220.77,150.38,5.54,4.62
O501549,2025-11-18,C10637,P2060,2,0.0,91.93,225.41,Sports,450.82,0.0,450.82,183.86,4.9,13.88
O501550,2025-02-26,C10662,P2035,1,0.0,33.04,85.13,Beauty,85.13,0.0,85.13,33.04,5.82,2.46
O501551,2025-12-01,C10910,P2036,1,0.05,79.57,186.92,Apparel,186.92,9.35,177.57,79.57,4.57,4.96
O501552,2025-12-14,C10112,P2019,3,0.15,28.46,61.03,Sports,183.09,27.46,155.63,85.38,7.66,4.4
O501553,2025-04-02,C10982,P2017,1,0.05,42.64,69.06,Apparel,69.06,3.45,65.61,42.64,7.42,2.06
O501554,2026-04-24,C10075,P2006,1,0.15,90.83,200.16,Electronics,200.16,30.02,170.14,90.83,8.81,5.27
O501555,2025-05-23,C10025,P2059,2,0.1,74.58,192.13,Electronics,384.26,38.43,345.83,149.16,5.74,10.06
O501556,2025-10-22,C10224,P2015,2,0.05,32.67,56.68,Home,113.36,5.67,107.69,65.34,5.96,2.01
O501557,2026-01-16,C10582,P2001,1,0.25,67.86,159.31,Electronics,159.31,39.83,119.48,67.86,2.69,2.43
O501558,2025-01-22,C10707,P2042,1,0.0,21.36,43.17,Sports,43.17,0.0,43.17,21.36,3.93,1.11
O501559,2025-09-03,C10704,P2048,3,0.05,26.01,65.12,Home,195.36,9.77,185.59,78.03,5.08,4.91
O501560,2025-04-17,C10153,P2062,1,0.1,69.71,151.88,Beauty,151.88,15.19,136.69,69.71,4.63,4.37
O501561,2026-02-13,C10261,P2055,1,0.05,14.94,29.55,Sports,29.55,1.48,28.07,14.94,4.02,0.69
O501562,2025-06-18,C11191,P2007,1,0.0,81.19,138.2,Apparel,138.2,0.0,138.2,81.19,4.46,2.71
O501563,2025-08-31,C10122,P2000,3,0.1,20.01,46.3,Beauty,138.9,13.89,125.01,60.03,3.65,2.96
O501564,2025-06-18,C10417,P2008,1,0.15,64.11,126.24,Beauty,126.24,18.94,107.3,64.11,3.84,2.52
O501565,2025-05-24,C10159,P2034,2,0.1,84.74,206.91,Electronics,413.82,41.38,372.44,169.48,6.58,7.45
O501566,2026-03-12,C10114,P2038,1,0.0,61.98,100.85,Sports,100.85,0.0,100.85,61.98,4.5,1.87
O501567,2025-05-01,C10200,P2059,2,0.05,74.58,192.13,Electronics,384.26,19.21,365.05,149.16,6.15,10.58
O501568,2026-03-01,C10397,P2035,1,0.15,33.04,85.13,Beauty,85.13,12.77,72.36,33.04,4.19,2.15
O501569,2025-10-11,C10611,P2069,2,0.0,90.63,175.87,Apparel,351.74,0.0,351.74,181.26,5.43,9.84
O501570,2025-03-30,C10303,P2030,1,0.15,81.44,160.67,Electronics,160.67,24.1,136.57,81.44,3.7,2.52
O501571,2026-01-10,C11100,P2017,1,0.2,42.64,69.06,Apparel,69.06,13.81,55.25,42.64,2.5,1.22
O501572,2025-03-25,C10888,P2038,2,0.1,61.98,100.85,Sports,201.7,20.17,181.53,123.96,5.45,5.61
O501573,2025-01-28,C10011,P2074,1,0.05,60.53,130.38,Sports,130.38,6.52,123.86,60.53,6.15,2.28
O501574,2025-05-15,C10390,P2041,1,0.1,53.15,104.66,Apparel,104.66,10.47,94.19,53.15,6.04,2.43
O501575,2026-03-12,C10067,P2055,3,0.1,14.94,29.55,Sports,88.65,8.86,79.79,44.82,5.28,2.34
O501576,2025-03-11,C10333,P2003,3,0.0,103.86,246.21,Sports,738.63,0.0,738.63,311.58,4.88,19.4
O501577,2026-03-02,C10019,P2072,2,0.15,85.85,152.66,Sports,305.32,45.8,259.52,171.7,4.11,7.41
O501578,2026-01-23,C10982,P2074,2,0.05,60.53,130.38,Sports,260.76,13.04,247.72,121.06,4.86,4.74
O501579,2026-01-04,C10083,P2022,1,0.0,39.69,79.46,Beauty,79.46,0.0,79.46,39.69,5.07,2.49
O501580,2025-03-25,C10479,P2030,1,0.0,81.44,160.67,Electronics,160.67,0.0,160.67,81.44,5.74,3.72
O501581,2026-06-29,C10287,P2034,1,0.25,84.74,206.91,Electronics,206.91,51.73,155.18,84.74,2.92,4.05
O501582,2025-08-16,C10843,P2051,1,0.15,21.09,56.25,Home,56.25,8.44,47.81,21.09,5.17,1.19
O501583,2026-04-07,C11177,P2070,2,0.0,80.41,185.88,Sports,371.76,0.0,371.76,160.82,3.7,11.81
O501584,2025-03-21,C10989,P2021,2,0.05,75.19,147.18,Electronics,294.36,14.72,279.64,150.38,2.69,7.74
O501585,2026-04-20,C10502,P2054,2,0.1,19.42,50.24,Beauty,100.48,10.05,90.43,38.84,7.26,2.19
O501586,2025-06-12,C10819,P2012,2,0.05,91.5,250.58,Home,501.16,25.06,476.1,183.0,3.62,10.51
O501587,2026-06-29,C10929,P2029,3,0.2,30.95,55.54,Apparel,166.62,33.32,133.3,92.85,5.92,2.46
O501588,2026-01-19,C10329,P2032,1,0.2,83.59,176.17,Apparel,176.17,35.23,140.94,83.59,5.92,3.6
O501589,2026-03-08,C10467,P2012,1,0.15,91.5,250.58,Home,250.58,37.59,212.99,91.5,6.88,3.95
O501590,2025-01-27,C10210,P2017,1,0.25,42.64,69.06,Apparel,69.06,17.26,51.8,42.64,5.39,1.5
O501591,2026-01-10,C10070,P2041,1,0.1,53.15,104.66,Apparel,104.66,10.47,94.19,53.15,3.74,2.51
O501592,2025-03-09,C10734,P2068,2,0.2,54.46,128.05,Home,256.1,51.22,204.88,108.92,4.0,4.38
O501593,2025-11-28,C10189,P2016,1,0.25,23.99,66.65,Electronics,66.65,16.66,49.99,23.99,3.71,1.07
O501594,2025-03-12,C10750,P2017,2,0.05,42.64,69.06,Apparel,138.12,6.91,131.21,85.28,2.98,2.75
O501595,2025-05-22,C10141,P2029,1,0.0,30.95,55.54,Apparel,55.54,0.0,55.54,30.95,5.08,1.5
O501596,2026-03-12,C10223,P2011,2,0.2,25.59,43.62,Electronics,87.24,17.45,69.79,51.18,6.2,1.76
O501597,2026-04-15,C10409,P2018,2,0.2,23.1,60.58,Apparel,121.16,24.23,96.93,46.2,5.93,2.36
O501598,2025-01-10,C10012,P2072,3,0.0,85.85,152.66,Sports,457.98,0.0,457.98,257.55,5.6,10.81
O501599,2025-04-06,C11109,P2073,1,0.1,103.53,278.8,Apparel,278.8,27.88,250.92,103.53,5.18,6.75
O501600,2025-08-13,C10759,P2035,2,0.2,33.04,85.13,Beauty,170.26,34.05,136.21,66.08,5.66,2.88
O501601,2026-01-29,C10299,P2065,2,0.05,74.22,160.54,Electronics,321.08,16.05,305.03,148.44,4.32,7.66
O501602,2026-03-27,C10649,P2012,2,0.2,91.5,250.58,Home,501.16,100.23,400.93,183.0,6.43,9.88
O501603,2025-11-29,C11001,P2024,1,0.0,38.64,85.56,Electronics,85.56,0.0,85.56,38.64,3.77,1.73
O501604,2026-06-16,C10847,P2054,2,0.1,19.42,50.24,Beauty,100.48,10.05,90.43,38.84,5.95,2.65
O501605,2025-08-19,C10679,P2076,2,0.05,94.33,153.36,Apparel,306.72,15.34,291.38,188.66,6.42,6.93
O501606,2025-12-07,C10921,P2053,1,0.15,95.73,175.96,Electronics,175.96,26.39,149.57,95.73,4.48,3.29
O501607,2025-06-02,C10429,P2024,1,0.2,38.64,85.56,Electronics,85.56,17.11,68.45,38.64,5.38,2.17
O501608,2025-11-29,C10573,P2020,1,0.1,96.28,147.84,Home,147.84,14.78,133.06,96.28,4.8,4.22
O501609,2025-07-18,C10890,P2045,1,0.1,54.87,109.92,Sports,109.92,10.99,98.93,54.87,2.56,2.29
O501610,2025-02-17,C10997,P2017,3,0.0,42.64,69.06,Apparel,207.18,0.0,207.18,127.92,4.77,4.77
O501611,2026-01-24,C10732,P2026,2,0.1,25.88,63.53,Beauty,127.06,12.71,114.35,51.76,7.86,3.5
O501612,2026-02-12,C11134,P2032,1,0.1,83.59,176.17,Apparel,176.17,17.62,158.55,83.59,7.05,3.24
O501613,2025-03-24,C10786,P2075,3,0.1,49.49,125.61,Electronics,376.83,37.68,339.15,148.47,2.77,8.39
O501614,2025-04-01,C10219,P2050,2,0.15,47.62,83.27,Beauty,166.54,24.98,141.56,95.24,5.93,3.72
O501615,2026-04-04,C11147,P2000,2,0.2,20.01,46.3,Beauty,92.6,18.52,74.08,40.02,3.56,1.78
O501616,2025-05-31,C10261,P2079,2,0.2,76.11,150.73,Apparel,301.46,60.29,241.17,152.22,6.98,6.4
O501617,2026-06-04,C10423,P2062,2,0.15,69.71,151.88,Beauty,303.76,45.56,258.2,139.42,8.22,7.54
O501618,2026-03-22,C10181,P2031,3,0.0,54.53,117.07,Sports,351.21,0.0,351.21,163.59,8.32,7.22
O501619,2025-11-20,C11028,P2062,3,0.0,69.71,151.88,Beauty,455.64,0.0,455.64,209.13,2.5,9.29
O501620,2025-10-14,C10429,P2040,2,0.05,46.24,112.16,Electronics,224.32,11.22,213.1,92.48,2.5,4.95
O501621,2026-05-04,C10622,P2005,1,0.2,21.42,39.38,Sports,39.38,7.88,31.5,21.42,4.87,0.85
O501622,2026-02-27,C10132,P2004,1,0.15,82.13,229.05,Sports,229.05,34.36,194.69,82.13,2.5,3.73
O501623,2025-07-26,C10194,P2005,2,0.2,21.42,39.38,Sports,78.76,15.75,63.01,42.84,2.5,1.86
O501624,2026-01-30,C10558,P2034,1,0.1,84.74,206.91,Electronics,206.91,20.69,186.22,84.74,5.79,4.5
O501625,2025-04-02,C10886,P2063,1,0.0,107.79,241.07,Sports,241.07,0.0,241.07,107.79,5.35,7.04
O501626,2025-09-28,C11151,P2045,3,0.0,54.87,109.92,Sports,329.76,0.0,329.76,164.61,6.41,9.36
O501627,2025-09-30,C10172,P2012,1,0.15,91.5,250.58,Home,250.58,37.59,212.99,91.5,5.85,6.74
O501628,2025-02-09,C11127,P2040,1,0.1,46.24,112.16,Electronics,112.16,11.22,100.94,46.24,5.43,3.16
O501629,2026-01-24,C10633,P2052,2,0.2,85.13,212.17,Beauty,424.34,84.87,339.47,170.26,3.76,6.22
O501630,2026-02-25,C10782,P2042,3,0.15,21.36,43.17,Sports,129.51,19.43,110.08,64.08,2.5,3.15
O501631,2025-01-25,C10840,P2066,3,0.0,21.23,45.94,Beauty,137.82,0.0,137.82,63.69,7.05,4.2
O501632,2025-06-12,C10942,P2050,1,0.15,47.62,83.27,Beauty,83.27,12.49,70.78,47.62,5.27,1.68
O501633,2026-02-22,C10019,P2019,2,0.0,28.46,61.03,Sports,122.06,0.0,122.06,56.92,3.28,2.33
O501634,2026-04-09,C10701,P2072,1,0.1,85.85,152.66,Sports,152.66,15.27,137.39,85.85,4.64,3.43
O501635,2025-05-19,C10044,P2046,3,0.1,41.9,79.58,Sports,238.74,23.87,214.87,125.7,3.54,4.85
O501636,2026-01-27,C11072,P2007,2,0.0,81.19,138.2,Apparel,276.4,0.0,276.4,162.38,2.76,5.75
O501637,2026-06-18,C10124,P2005,2,0.1,21.42,39.38,Sports,78.76,7.88,70.88,42.84,3.14,1.45
O501638,2026-04-19,C10744,P2027,1,0.0,39.51,103.84,Electronics,103.84,0.0,103.84,39.51,4.69,2.33
O501639,2025-08-11,C10254,P2048,1,0.1,26.01,65.12,Home,65.12,6.51,58.61,26.01,3.69,1.69
O501640,2025-05-13,C10975,P2025,2,0.15,59.62,149.3,Electronics,298.6,44.79,253.81,119.24,6.32,4.81
O501641,2026-03-18,C10657,P2007,3,0.0,81.19,138.2,Apparel,414.6,0.0,414.6,243.57,5.43,10.67
O501642,2026-03-09,C10579,P2032,2,0.15,83.59,176.17,Apparel,352.34,52.85,299.49,167.18,4.43,9.07
O501643,2026-06-21,C10273,P2034,2,0.05,84.74,206.91,Electronics,413.82,20.69,393.13,169.48,2.5,7.15
O501644,2026-03-17,C11102,P2035,2,0.05,33.04,85.13,Beauty,170.26,8.51,161.75,66.08,4.2,4.64
O501645,2026-04-22,C10932,P2079,2,0.1,76.11,150.73,Apparel,301.46,30.15,271.31,152.22,2.5,8.21
O501646,2026-02-19,C10107,P2050,2,0.15,47.62,83.27,Beauty,166.54,24.98,141.56,95.24,4.89,3.92
O501647,2026-01-19,C10529,P2005,3,0.1,21.42,39.38,Sports,118.14,11.81,106.33,64.26,6.83,1.92
O501648,2025-11-29,C10079,P2057,1,0.1,24.55,53.8,Beauty,53.8,5.38,48.42,24.55,4.8,1.53
O501649,2025-12-09,C10170,P2064,1,0.1,92.82,194.3,Sports,194.3,19.43,174.87,92.82,4.94,3.35
O501650,2026-05-12,C11027,P2046,2,0.15,41.9,79.58,Sports,159.16,23.87,135.29,83.8,6.35,3.41
O501651,2026-01-04,C10592,P2020,2,0.05,96.28,147.84,Home,295.68,14.78,280.9,192.56,4.66,5.76
O501652,2026-06-05,C11115,P2044,1,0.15,96.39,166.51,Electronics,166.51,24.98,141.53,96.39,5.78,3.02
O501653,2025-12-06,C10612,P2035,1,0.2,33.04,85.13,Beauty,85.13,17.03,68.1,33.04,5.4,1.89
O501654,2026-05-02,C10399,P2001,2,0.1,67.86,159.31,Electronics,318.62,31.86,286.76,135.72,5.52,7.1
O501655,2026-06-14,C11022,P2028,2,0.15,49.21,76.08,Beauty,152.16,22.82,129.34,98.42,6.74,2.86
O501656,2025-05-11,C10163,P2032,2,0.05,83.59,176.17,Apparel,352.34,17.62,334.72,167.18,6.92,10.58
O501657,2025-02-06,C10537,P2055,1,0.05,14.94,29.55,Sports,29.55,1.48,28.07,14.94,4.59,0.79
O501658,2025-01-28,C10448,P2015,1,0.2,32.67,56.68,Home,56.68,11.34,45.34,32.67,3.0,1.25
O501659,2025-05-31,C10921,P2047,3,0.0,23.95,36.37,Sports,109.11,0.0,109.11,71.85,4.37,2.35
O501660,2026-03-31,C10668,P2078,1,0.15,80.99,151.9,Beauty,151.9,22.78,129.12,80.99,4.49,2.83
O501661,2026-06-27,C11175,P2076,2,0.1,94.33,153.36,Apparel,306.72,30.67,276.05,188.66,6.14,7.03
O501662,2025-12-27,C11170,P2014,1,0.25,105.6,279.48,Beauty,279.48,69.87,209.61,105.6,4.12,3.87
O501663,2025-01-25,C10724,P2076,1,0.1,94.33,153.36,Apparel,153.36,15.34,138.02,94.33,3.83,2.88
O501664,2025-12-07,C11060,P2059,3,0.1,74.58,192.13,Electronics,576.39,57.64,518.75,223.74,3.2,12.77
O501665,2025-08-22,C10876,P2018,1,0.05,23.1,60.58,Apparel,60.58,3.03,57.55,23.1,6.21,1.28
O501666,2025-10-26,C10210,P2065,3,0.0,74.22,160.54,Electronics,481.62,0.0,481.62,222.66,5.85,13.67
O501667,2025-04-13,C10244,P2070,1,0.1,80.41,185.88,Sports,185.88,18.59,167.29,80.41,4.03,4.28
O501668,2025-04-24,C11123,P2004,3,0.15,82.13,229.05,Sports,687.15,103.07,584.08,246.39,4.93,17.18
O501669,2025-11-07,C10865,P2045,2,0.05,54.87,109.92,Sports,219.84,10.99,208.85,109.74,2.5,6.59
O501670,2025-10-14,C10860,P2000,1,0.15,20.01,46.3,Beauty,46.3,6.94,39.35,20.01,2.5,1.2
O501671,2026-01-13,C10760,P2043,2,0.15,34.43,56.92,Electronics,113.84,17.08,96.76,68.86,2.72,1.85
O501672,2026-04-13,C10531,P2057,2,0.1,24.55,53.8,Beauty,107.6,10.76,96.84,49.1,3.55,1.84
O501673,2025-12-10,C10700,P2045,3,0.15,54.87,109.92,Sports,329.76,49.46,280.3,164.61,3.09,8.17
O501674,2025-12-26,C10273,P2078,1,0.05,80.99,151.9,Beauty,151.9,7.6,144.3,80.99,3.54,3.47
O501675,2026-06-24,C10753,P2069,3,0.1,90.63,175.87,Apparel,527.61,52.76,474.85,271.89,5.46,10.66
O501676,2025-09-16,C11045,P2030,1,0.15,81.44,160.67,Electronics,160.67,24.1,136.57,81.44,3.19,3.21
O501677,2025-02-17,C10419,P2025,3,0.15,59.62,149.3,Electronics,447.9,67.18,380.72,178.86,5.67,7.92
O501678,2025-08-24,C10044,P2057,2,0.05,24.55,53.8,Beauty,107.6,5.38,102.22,49.1,5.36,2.49
O501679,2025-03-19,C10055,P2007,3,0.1,81.19,138.2,Apparel,414.6,41.46,373.14,243.57,3.69,10.47
O501680,2025-02-07,C10842,P2023,2,0.25,99.43,207.17,Apparel,414.34,103.58,310.76,198.86,4.23,6.93
O501681,2025-05-09,C10757,P2049,1,0.1,75.64,173.14,Apparel,173.14,17.31,155.83,75.64,3.95,4.94
O501682,2026-03-25,C11012,P2031,1,0.0,54.53,117.07,Sports,117.07,0.0,117.07,54.53,3.83,3.06
O501683,2026-04-11,C10271,P2010,1,0.15,105.58,212.84,Electronics,212.84,31.93,180.91,105.58,4.59,3.52
O501684,2025-08-18,C10774,P2057,1,0.15,24.55,53.8,Beauty,53.8,8.07,45.73,24.55,5.57,0.84
O501685,2025-03-04,C10839,P2079,1,0.1,76.11,150.73,Apparel,150.73,15.07,135.66,76.11,4.09,3.11
O501686,2025-10-06,C10748,P2021,1,0.1,75.19,147.18,Electronics,147.18,14.72,132.46,75.19,4.83,3.89
O501687,2025-09-14,C10006,P2065,2,0.0,74.22,160.54,Electronics,321.08,0.0,321.08,148.44,5.58,6.62
O501688,2025-01-18,C10406,P2079,1,0.1,76.11,150.73,Apparel,150.73,15.07,135.66,76.11,5.21,3.1
O501689,2026-02-25,C10595,P2072,2,0.05,85.85,152.66,Sports,305.32,15.27,290.05,171.7,6.45,7.04
O501690,2026-02-17,C10946,P2022,2,0.1,39.69,79.46,Beauty,158.92,15.89,143.03,79.38,4.28,4.49
O501691,2025-07-13,C10492,P2044,3,0.25,96.39,166.51,Electronics,499.53,124.88,374.65,289.17,6.56,9.59
O501692,2025-08-20,C10377,P2046,2,0.15,41.9,79.58,Sports,159.16,23.87,135.29,83.8,4.16,3.53
O501693,2025-04-27,C10408,P2001,3,0.05,67.86,159.31,Electronics,477.93,23.9,454.03,203.58,5.24,8.58
O501694,2025-08-09,C10134,P2031,2,0.1,54.53,117.07,Sports,234.14,23.41,210.73,109.06,4.89,5.37
O501695,2025-01-20,C10074,P2070,2,0.1,80.41,185.88,Sports,371.76,37.18,334.58,160.82,5.8,9.35
O501696,2025-03-26,C10760,P2015,3,0.1,32.67,56.68,Home,170.04,17.0,153.04,98.01,5.39,3.84
O501697,2026-03-05,C10550,P2068,3,0.15,54.46,128.05,Home,384.15,57.62,326.53,163.38,3.23,10.26
O501698,2025-02-07,C10983,P2036,1,0.1,79.57,186.92,Apparel,186.92,18.69,168.23,79.57,7.66,5.3
O501699,2026-03-13,C10786,P2023,1,0.2,99.43,207.17,Apparel,207.17,41.43,165.74,99.43,7.06,3.65
O501700,2025-11-28,C10201,P2034,2,0.15,84.74,206.91,Electronics,413.82,62.07,351.75,169.48,3.62,7.85
O501701,2025-01-05,C11122,P2025,1,0.2,59.62,149.3,Electronics,149.3,29.86,119.44,59.62,5.38,3.09
O501702,2026-05-07,C10861,P2046,1,0.05,41.9,79.58,Sports,79.58,3.98,75.6,41.9,3.8,1.54
O501703,2025-02-22,C10376,P2058,1,0.2,56.31,124.87,Electronics,124.87,24.97,99.9,56.31,4.23,2.76
O501704,2026-03-09,C11155,P2017,3,0.15,42.64,69.06,Apparel,207.18,31.08,176.1,127.92,5.57,4.75
O501705,2026-05-11,C10654,P2000,3,0.1,20.01,46.3,Beauty,138.9,13.89,125.01,60.03,6.11,2.7
O501706,2025-04-02,C10235,P2077,1,0.05,99.36,190.12,Apparel,190.12,9.51,180.61,99.36,5.47,3.51
O501707,2025-07-17,C10487,P2036,3,0.0,79.57,186.92,Apparel,560.76,0.0,560.76,238.71,2.94,14.22
O501708,2026-04-18,C10551,P2011,2,0.1,25.59,43.62,Electronics,87.24,8.72,78.52,51.18,4.33,2.28
O501709,2025-04-04,C10545,P2026,1,0.05,25.88,63.53,Beauty,63.53,3.18,60.35,25.88,6.89,1.39
O501710,2025-05-25,C10345,P2030,3,0.15,81.44,160.67,Electronics,482.01,72.3,409.71,244.32,3.93,12.97
O501711,2026-05-21,C10389,P2022,2,0.15,39.69,79.46,Beauty,158.92,23.84,135.08,79.38,8.0,3.82
O501712,2025-05-12,C10234,P2004,3,0.1,82.13,229.05,Sports,687.15,68.72,618.44,246.39,4.93,19.74
O501713,2025-05-06,C10319,P2003,1,0.15,103.86,246.21,Sports,246.21,36.93,209.28,103.86,6.1,4.99
O501714,2025-12-31,C10578,P2070,1,0.1,80.41,185.88,Sports,185.88,18.59,167.29,80.41,4.49,4.27
O501715,2025-03-06,C11162,P2062,1,0.0,69.71,151.88,Beauty,151.88,0.0,151.88,69.71,4.3,3.55
O501716,2025-05-01,C10350,P2059,1,0.0,74.58,192.13,Electronics,192.13,0.0,192.13,74.58,7.05,4.09
O501717,2025-11-10,C10245,P2046,2,0.1,41.9,79.58,Sports,159.16,15.92,143.24,83.8,7.22,2.69
O501718,2026-05-23,C10642,P2030,2,0.2,81.44,160.67,Electronics,321.34,64.27,257.07,162.88,3.47,8.01
O501719,2026-06-19,C10066,P2077,1,0.15,99.36,190.12,Apparel,190.12,28.52,161.6,99.36,3.92,5.03
O501720,2026-06-16,C10486,P2062,3,0.1,69.71,151.88,Beauty,455.64,45.56,410.08,209.13,4.51,11.16
O501721,2026-05-02,C10573,P2052,1,0.2,85.13,212.17,Beauty,212.17,42.43,169.74,85.13,4.19,3.91
O501722,2025-10-01,C10675,P2007,3,0.1,81.19,138.2,Apparel,414.6,41.46,373.14,243.57,3.4,8.49
O501723,2025-12-10,C10654,P2062,2,0.2,69.71,151.88,Beauty,303.76,60.75,243.01,139.42,3.33,7.39
O501724,2026-05-13,C10245,P2018,2,0.0,23.1,60.58,Apparel,121.16,0.0,121.16,46.2,4.13,2.81
O501725,2025-12-16,C11188,P2040,1,0.15,46.24,112.16,Electronics,112.16,16.82,95.34,46.24,7.41,2.17
O501726,2025-06-08,C10379,P2043,1,0.15,34.43,56.92,Electronics,56.92,8.54,48.38,34.43,6.97,1.33
O501727,2026-02-20,C10608,P2034,1,0.1,84.74,206.91,Electronics,206.91,20.69,186.22,84.74,7.27,5.18
O501728,2025-04-18,C10532,P2038,2,0.1,61.98,100.85,Sports,201.7,20.17,181.53,123.96,6.39,5.46
O501729,2025-02-09,C10871,P2012,1,0.1,91.5,250.58,Home,250.58,25.06,225.52,91.5,5.34,6.16
O501730,2025-01-14,C10437,P2078,1,0.05,80.99,151.9,Beauty,151.9,7.6,144.3,80.99,5.28,4.12
O501731,2026-06-28,C10792,P2031,1,0.0,54.53,117.07,Sports,117.07,0.0,117.07,54.53,6.58,2.53
O501732,2025-02-24,C10874,P2003,2,0.05,103.86,246.21,Sports,492.42,24.62,467.8,207.72,5.66,9.58
O501733,2025-01-09,C10036,P2067,1,0.1,89.48,177.38,Sports,177.38,17.74,159.64,89.48,5.36,4.76
O501734,2025-07-12,C10544,P2074,3,0.0,60.53,130.38,Sports,391.14,0.0,391.14,181.59,6.08,10.66
O501735,2025-09-12,C10006,P2004,1,0.1,82.13,229.05,Sports,229.05,22.9,206.14,82.13,5.63,5.45
O501736,2025-09-27,C10980,P2028,3,0.0,49.21,76.08,Beauty,228.24,0.0,228.24,147.63,6.16,4.93
O501737,2025-12-12,C10513,P2068,1,0.0,54.46,128.05,Home,128.05,0.0,128.05,54.46,5.99,2.51
O501738,2025-10-02,C10898,P2041,1,0.2,53.15,104.66,Apparel,104.66,20.93,83.73,53.15,4.31,2.1
O501739,2025-02-06,C10409,P2054,1,0.1,19.42,50.24,Beauty,50.24,5.02,45.22,19.42,6.22,1.25
O501740,2026-02-20,C11058,P2058,3,0.1,56.31,124.87,Electronics,374.61,37.46,337.15,168.93,3.76,8.03
O501741,2025-10-02,C10289,P2064,1,0.2,92.82,194.3,Sports,194.3,38.86,155.44,92.82,6.0,3.66
O501742,2025-05-11,C10513,P2007,3,0.2,81.19,138.2,Apparel,414.6,82.92,331.68,243.57,4.87,8.1
O501743,2025-06-14,C10733,P2004,1,0.0,82.13,229.05,Sports,229.05,0.0,229.05,82.13,5.02,5.22
O501744,2026-06-20,C10392,P2023,2,0.1,99.43,207.17,Apparel,414.34,41.43,372.91,198.86,2.5,9.8
O501745,2026-05-15,C10125,P2033,1,0.05,102.58,280.83,Apparel,280.83,14.04,266.79,102.58,2.5,5.56
O501746,2026-06-17,C10850,P2005,1,0.15,21.42,39.38,Sports,39.38,5.91,33.47,21.42,5.58,0.66
O501747,2025-04-09,C10451,P2035,1,0.25,33.04,85.13,Beauty,85.13,21.28,63.85,33.04,4.92,1.7
O501748,2025-05-29,C10186,P2003,3,0.0,103.86,246.21,Sports,738.63,0.0,738.63,311.58,5.39,14.04
O501749,2025-02-09,C10300,P2052,3,0.15,85.13,212.17,Beauty,636.51,95.48,541.03,255.39,3.85,10.73
O501750,2025-10-23,C11183,P2027,2,0.2,39.51,103.84,Electronics,207.68,41.54,166.14,79.02,5.85,3.99
O501751,2026-01-05,C10337,P2060,2,0.1,91.93,225.41,Sports,450.82,45.08,405.74,183.86,5.06,11.23
O501752,2025-09-01,C10168,P2018,3,0.1,23.1,60.58,Apparel,181.74,18.17,163.57,69.3,4.23,4.96
O501753,2026-06-01,C10891,P2036,1,0.1,79.57,186.92,Apparel,186.92,18.69,168.23,79.57,3.23,3.55
O501754,2025-01-21,C10626,P2026,2,0.0,25.88,63.53,Beauty,127.06,0.0,127.06,51.76,5.67,2.8
O501755,2025-07-09,C10917,P2076,1,0.2,94.33,153.36,Apparel,153.36,30.67,122.69,94.33,5.43,2.57
O501756,2025-12-20,C10109,P2040,3,0.2,46.24,112.16,Electronics,336.48,67.3,269.18,138.72,4.56,5.44
O501757,2025-06-29,C10751,P2014,1,0.15,105.6,279.48,Beauty,279.48,41.92,237.56,105.6,6.09,4.74
O501758,2026-05-25,C11070,P2013,2,0.1,14.91,32.18,Beauty,64.36,6.44,57.92,29.82,5.73,1.06
O501759,2026-02-13,C11134,P2048,1,0.15,26.01,65.12,Home,65.12,9.77,55.35,26.01,7.31,1.3
O501760,2025-12-15,C11006,P2016,2,0.0,23.99,66.65,Electronics,133.3,0.0,133.3,47.98,3.49,3.26
O501761,2025-11-11,C11080,P2029,2,0.0,30.95,55.54,Apparel,111.08,0.0,111.08,61.9,6.99,3.17
O501762,2025-11-14,C10386,P2017,2,0.1,42.64,69.06,Apparel,138.12,13.81,124.31,85.28,6.75,3.55
O501763,2025-06-05,C10325,P2016,2,0.1,23.99,66.65,Electronics,133.3,13.33,119.97,47.98,2.5,2.6
O501764,2026-06-04,C11175,P2052,1,0.2,85.13,212.17,Beauty,212.17,42.43,169.74,85.13,3.35,4.1
O501765,2025-11-15,C10770,P2024,1,0.15,38.64,85.56,Electronics,85.56,12.83,72.73,38.64,3.72,1.49
O501766,2026-04-27,C10445,P2020,1,0.25,96.28,147.84,Home,147.84,36.96,110.88,96.28,6.26,2.77
O501767,2025-03-03,C10280,P2010,1,0.15,105.58,212.84,Electronics,212.84,31.93,180.91,105.58,2.8,4.52
O501768,2026-05-27,C11037,P2011,3,0.2,25.59,43.62,Electronics,130.86,26.17,104.69,76.77,6.82,2.6
O501769,2026-03-19,C11182,P2058,1,0.0,56.31,124.87,Electronics,124.87,0.0,124.87,56.31,7.35,2.34
O501770,2025-06-29,C10942,P2048,2,0.05,26.01,65.12,Home,130.24,6.51,123.73,52.02,5.17,2.58
O501771,2025-11-01,C11165,P2038,1,0.05,61.98,100.85,Sports,100.85,5.04,95.81,61.98,4.0,1.79
O501772,2025-03-10,C10259,P2009,1,0.1,89.03,195.13,Home,195.13,19.51,175.62,89.03,2.53,5.57
O501773,2025-03-24,C10458,P2033,1,0.2,102.58,280.83,Apparel,280.83,56.17,224.66,102.58,2.97,4.13
O501774,2025-04-22,C10166,P2003,1,0.2,103.86,246.21,Sports,246.21,49.24,196.97,103.86,6.55,4.8
O501775,2026-05-01,C10982,P2031,2,0.1,54.53,117.07,Sports,234.14,23.41,210.73,109.06,3.05,4.22
O501776,2025-07-15,C11124,P2050,1,0.05,47.62,83.27,Beauty,83.27,4.16,79.11,47.62,4.21,2.34
O501777,2025-03-02,C10114,P2020,1,0.25,96.28,147.84,Home,147.84,36.96,110.88,96.28,8.04,2.39
O501778,2025-09-13,C10622,P2059,1,0.0,74.58,192.13,Electronics,192.13,0.0,192.13,74.58,3.53,4.85
O501779,2025-06-11,C10184,P2051,2,0.15,21.09,56.25,Home,112.5,16.88,95.62,42.18,2.5,2.55
O501780,2026-04-23,C10476,P2078,1,0.0,80.99,151.9,Beauty,151.9,0.0,151.9,80.99,5.04,4.8
O501781,2025-03-20,C10853,P2002,1,0.1,36.16,61.12,Beauty,61.12,6.11,55.01,36.16,2.99,1.05
O501782,2026-04-03,C10571,P2029,2,0.1,30.95,55.54,Apparel,111.08,11.11,99.97,61.9,3.76,2.75
O501783,2026-02-28,C10325,P2073,1,0.15,103.53,278.8,Apparel,278.8,41.82,236.98,103.53,6.48,7.58
O501784,2025-01-31,C10607,P2015,2,0.1,32.67,56.68,Home,113.36,11.34,102.02,65.34,3.27,3.26
O501785,2025-11-26,C10914,P2021,2,0.0,75.19,147.18,Electronics,294.36,0.0,294.36,150.38,3.8,6.19
O501786,2025-09-06,C10464,P2076,2,0.15,94.33,153.36,Apparel,306.72,46.01,260.71,188.66,4.31,6.71
O501787,2025-11-16,C10907,P2024,2,0.15,38.64,85.56,Electronics,171.12,25.67,145.45,77.28,5.38,4.45
O501788,2025-06-17,C10812,P2053,1,0.0,95.73,175.96,Electronics,175.96,0.0,175.96,95.73,3.72,3.17
O501789,2025-03-24,C10795,P2031,2,0.05,54.53,117.07,Sports,234.14,11.71,222.43,109.06,5.57,5.29
O501790,2025-01-04,C10423,P2015,1,0.2,32.67,56.68,Home,56.68,11.34,45.34,32.67,5.04,1.45
O501791,2026-05-05,C10601,P2070,1,0.2,80.41,185.88,Sports,185.88,37.18,148.7,80.41,5.02,3.4
O501792,2026-02-12,C10938,P2002,2,0.1,36.16,61.12,Beauty,122.24,12.22,110.02,72.32,4.82,3.41
O501793,2025-09-14,C11166,P2036,2,0.2,79.57,186.92,Apparel,373.84,74.77,299.07,159.14,3.82,8.73
O501794,2026-04-13,C11004,P2078,2,0.05,80.99,151.9,Beauty,303.8,15.19,288.61,161.98,4.13,7.53
O501795,2025-04-17,C10042,P2006,2,0.0,90.83,200.16,Electronics,400.32,0.0,400.32,181.66,4.1,12.78
O501796,2025-08-12,C11096,P2064,1,0.1,92.82,194.3,Sports,194.3,19.43,174.87,92.82,4.88,5.58
O501797,2026-03-19,C10384,P2023,1,0.1,99.43,207.17,Apparel,207.17,20.72,186.45,99.43,4.09,3.48
O501798,2025-02-28,C10336,P2046,2,0.25,41.9,79.58,Sports,159.16,39.79,119.37,83.8,5.17,2.3
O501799,2025-01-29,C10675,P2068,2,0.2,54.46,128.05,Home,256.1,51.22,204.88,108.92,5.16,6.17
O501800,2025-05-12,C11156,P2075,1,0.0,49.49,125.61,Electronics,125.61,0.0,125.61,49.49,5.51,2.71
O501801,2026-02-27,C11099,P2033,2,0.1,102.58,280.83,Apparel,561.66,56.17,505.49,205.16,6.27,15.35
O501802,2025-08-17,C10983,P2061,3,0.1,92.46,150.56,Sports,451.68,45.17,406.51,277.38,5.56,10.57
O501803,2025-04-24,C10242,P2003,2,0.2,103.86,246.21,Sports,492.42,98.48,393.94,207.72,2.5,12.42
O501804,2025-08-20,C11195,P2078,1,0.25,80.99,151.9,Beauty,151.9,37.98,113.93,80.99,5.22,2.96
O501805,2025-06-28,C11092,P2022,2,0.25,39.69,79.46,Beauty,158.92,39.73,119.19,79.38,5.36,3.79
O501806,2026-02-13,C10955,P2012,2,0.1,91.5,250.58,Home,501.16,50.12,451.04,183.0,6.08,12.87
O501807,2025-11-07,C10642,P2017,2,0.15,42.64,69.06,Apparel,138.12,20.72,117.4,85.28,6.07,3.44
O501808,2025-12-29,C11042,P2053,1,0.0,95.73,175.96,Electronics,175.96,0.0,175.96,95.73,2.5,5.22
O501809,2025-12-23,C10346,P2010,3,0.05,105.58,212.84,Electronics,638.52,31.93,606.59,316.74,4.73,13.06
O501810,2025-08-19,C11001,P2048,2,0.05,26.01,65.12,Home,130.24,6.51,123.73,52.02,5.11,2.37
O501811,2025-02-13,C11105,P2063,1,0.1,107.79,241.07,Sports,241.07,24.11,216.96,107.79,4.23,4.66
O501812,2025-08-04,C10047,P2052,3,0.15,85.13,212.17,Beauty,636.51,95.48,541.03,255.39,5.81,12.96
O501813,2025-08-21,C10308,P2010,2,0.1,105.58,212.84,Electronics,425.68,42.57,383.11,211.16,4.68,10.68
O501814,2026-02-08,C11039,P2054,1,0.0,19.42,50.24,Beauty,50.24,0.0,50.24,19.42,5.98,1.35
O501815,2026-01-17,C10450,P2063,1,0.1,107.79,241.07,Sports,241.07,24.11,216.96,107.79,3.67,5.18
O501816,2025-12-27,C10771,P2027,2,0.1,39.51,103.84,Electronics,207.68,20.77,186.91,79.02,6.43,4.5
O501817,2025-02-12,C10014,P2009,3,0.1,89.03,195.13,Home,585.39,58.54,526.85,267.09,7.78,11.45
O501818,2025-02-26,C11121,P2029,1,0.1,30.95,55.54,Apparel,55.54,5.55,49.99,30.95,2.94,1.09
O501819,2026-05-19,C11128,P2063,1,0.15,107.79,241.07,Sports,241.07,36.16,204.91,107.79,5.51,3.9
O501820,2025-09-17,C10420,P2050,1,0.0,47.62,83.27,Beauty,83.27,0.0,83.27,47.62,7.78,2.28
O501821,2025-06-19,C10231,P2074,1,0.05,60.53,130.38,Sports,130.38,6.52,123.86,60.53,4.51,3.07
O501822,2025-03-11,C11118,P2024,2,0.0,38.64,85.56,Electronics,171.12,0.0,171.12,77.28,2.5,4.18
O501823,2025-05-13,C10881,P2028,1,0.0,49.21,76.08,Beauty,76.08,0.0,76.08,49.21,4.92,1.48
O501824,2026-05-19,C10218,P2021,3,0.15,75.19,147.18,Electronics,441.54,66.23,375.31,225.57,4.63,7.81
O501825,2025-12-29,C10554,P2006,1,0.1,90.83,200.16,Electronics,200.16,20.02,180.14,90.83,4.73,5.43
O501826,2025-01-23,C10990,P2017,3,0.0,42.64,69.06,Apparel,207.18,0.0,207.18,127.92,7.39,6.34
O501827,2025-06-21,C11133,P2035,2,0.0,33.04,85.13,Beauty,170.26,0.0,170.26,66.08,3.86,3.51
O501828,2025-06-01,C10339,P2071,1,0.05,72.34,202.22,Beauty,202.22,10.11,192.11,72.34,3.71,5.07
O501829,2025-12-29,C10921,P2071,1,0.25,72.34,202.22,Beauty,202.22,50.56,151.66,72.34,3.44,2.88
O501830,2025-07-18,C10473,P2076,1,0.05,94.33,153.36,Apparel,153.36,7.67,145.69,94.33,6.21,3.65
O501831,2025-12-08,C11136,P2079,3,0.0,76.11,150.73,Apparel,452.19,0.0,452.19,228.33,3.59,12.28
O501832,2025-12-18,C11027,P2018,2,0.0,23.1,60.58,Apparel,121.16,0.0,121.16,46.2,4.74,2.74
O501833,2025-01-08,C10812,P2051,1,0.0,21.09,56.25,Home,56.25,0.0,56.25,21.09,7.23,1.8
O501834,2025-03-03,C10534,P2026,3,0.1,25.88,63.53,Beauty,190.59,19.06,171.53,77.64,4.23,4.0
O501835,2025-02-04,C10406,P2028,1,0.0,49.21,76.08,Beauty,76.08,0.0,76.08,49.21,4.78,1.6
O501836,2026-06-11,C10417,P2030,1,0.0,81.44,160.67,Electronics,160.67,0.0,160.67,81.44,4.16,4.29
O501837,2025-08-28,C10984,P2035,1,0.05,33.04,85.13,Beauty,85.13,4.26,80.87,33.04,4.79,1.69
O501838,2025-06-14,C10920,P2007,1,0.15,81.19,138.2,Apparel,138.2,20.73,117.47,81.19,4.08,2.18
O501839,2025-05-11,C10514,P2018,3,0.05,23.1,60.58,Apparel,181.74,9.09,172.65,69.3,3.92,3.36
O501840,2025-08-17,C10043,P2019,1,0.2,28.46,61.03,Sports,61.03,12.21,48.82,28.46,6.24,1.53
O501841,2025-11-06,C10541,P2061,1,0.15,92.46,150.56,Sports,150.56,22.58,127.98,92.46,7.01,3.29
O501842,2026-06-29,C11096,P2015,3,0.0,32.67,56.68,Home,170.04,0.0,170.04,98.01,6.15,3.88
O501843,2025-11-17,C10409,P2039,2,0.1,88.55,225.55,Beauty,451.1,45.11,405.99,177.1,4.73,10.27
O501844,2025-01-23,C10769,P2051,2,0.05,21.09,56.25,Home,112.5,5.62,106.88,42.18,5.09,2.59
O501845,2025-11-26,C11133,P2020,1,0.15,96.28,147.84,Home,147.84,22.18,125.66,96.28,6.58,2.84
O501846,2025-09-10,C10567,P2057,2,0.05,24.55,53.8,Beauty,107.6,5.38,102.22,49.1,6.34,2.86
O501847,2025-03-21,C10020,P2076,1,0.05,94.33,153.36,Apparel,153.36,7.67,145.69,94.33,6.95,2.73
O501848,2025-04-02,C11051,P2031,1,0.05,54.53,117.07,Sports,117.07,5.85,111.22,54.53,5.93,3.14
O501849,2025-06-01,C10499,P2076,1,0.1,94.33,153.36,Apparel,153.36,15.34,138.02,94.33,2.5,3.52
O501850,2026-03-21,C11108,P2042,1,0.1,21.36,43.17,Sports,43.17,4.32,38.85,21.36,8.35,1.13
O501851,2025-12-03,C10537,P2049,1,0.1,75.64,173.14,Apparel,173.14,17.31,155.83,75.64,5.95,3.85
O501852,2026-03-31,C11090,P2060,1,0.0,91.93,225.41,Sports,225.41,0.0,225.41,91.93,4.38,5.8
O501853,2025-02-05,C10859,P2071,3,0.1,72.34,202.22,Beauty,606.66,60.67,545.99,217.02,5.37,11.73
O501854,2026-05-15,C10506,P2069,1,0.05,90.63,175.87,Apparel,175.87,8.79,167.08,90.63,4.9,3.51
O501855,2025-11-03,C10572,P2045,1,0.1,54.87,109.92,Sports,109.92,10.99,98.93,54.87,3.58,2.57
O501856,2025-09-13,C10197,P2071,1,0.0,72.34,202.22,Beauty,202.22,0.0,202.22,72.34,4.48,3.88
O501857,2025-01-04,C10392,P2000,1,0.0,20.01,46.3,Beauty,46.3,0.0,46.3,20.01,5.38,1.24
O501858,2025-02-27,C10500,P2034,1,0.0,84.74,206.91,Electronics,206.91,0.0,206.91,84.74,4.56,6.5
O501859,2025-02-17,C10371,P2017,1,0.1,42.64,69.06,Apparel,69.06,6.91,62.15,42.64,6.43,1.5
O501860,2025-06-26,C11163,P2019,1,0.1,28.46,61.03,Sports,61.03,6.1,54.93,28.46,4.44,1.41
O501861,2025-07-29,C10246,P2021,2,0.0,75.19,147.18,Electronics,294.36,0.0,294.36,150.38,2.81,8.7
O501862,2025-02-21,C11122,P2074,2,0.2,60.53,130.38,Sports,260.76,52.15,208.61,121.06,4.41,4.86
O501863,2025-02-15,C10434,P2067,3,0.1,89.48,177.38,Sports,532.14,53.21,478.93,268.44,4.17,10.91
O501864,2026-01-02,C10110,P2073,1,0.15,103.53,278.8,Apparel,278.8,41.82,236.98,103.53,7.09,4.77
O501865,2025-05-21,C10469,P2024,2,0.1,38.64,85.56,Electronics,171.12,17.11,154.01,77.28,5.02,3.82
O501866,2025-12-12,C10918,P2004,3,0.0,82.13,229.05,Sports,687.15,0.0,687.15,246.39,2.5,20.71
O501867,2025-09-20,C10365,P2000,1,0.0,20.01,46.3,Beauty,46.3,0.0,46.3,20.01,4.94,1.46
O501868,2025-11-29,C11167,P2016,1,0.2,23.99,66.65,Electronics,66.65,13.33,53.32,23.99,3.67,1.49
O501869,2026-05-15,C10265,P2041,3,0.05,53.15,104.66,Apparel,313.98,15.7,298.28,159.45,4.37,7.56
O501870,2026-01-22,C10241,P2008,1,0.0,64.11,126.24,Beauty,126.24,0.0,126.24,64.11,3.1,2.55
O501871,2025-04-15,C10905,P2076,1,0.15,94.33,153.36,Apparel,153.36,23.0,130.36,94.33,5.89,3.59
O501872,2025-11-27,C10173,P2055,3,0.1,14.94,29.55,Sports,88.65,8.86,79.79,44.82,3.56,1.79
O501873,2026-06-01,C10286,P2073,1,0.0,103.53,278.8,Apparel,278.8,0.0,278.8,103.53,2.5,8.04
O501874,2026-04-05,C10560,P2011,1,0.15,25.59,43.62,Electronics,43.62,6.54,37.08,25.59,7.96,1.09
O501875,2025-07-13,C10537,P2056,2,0.0,12.18,29.13,Home,58.26,0.0,58.26,24.36,3.86,1.86
O501876,2025-02-13,C11174,P2056,1,0.0,12.18,29.13,Home,29.13,0.0,29.13,12.18,6.81,0.53
O501877,2025-10-19,C10252,P2024,1,0.1,38.64,85.56,Electronics,85.56,8.56,77.0,38.64,5.56,2.46
O501878,2025-05-07,C10738,P2014,1,0.0,105.6,279.48,Beauty,279.48,0.0,279.48,105.6,6.59,6.51
O501879,2025-11-26,C10605,P2051,1,0.0,21.09,56.25,Home,56.25,0.0,56.25,21.09,7.47,1.13
O501880,2025-01-23,C10837,P2058,2,0.2,56.31,124.87,Electronics,249.74,49.95,199.79,112.62,7.59,4.3
O501881,2025-10-07,C10988,P2017,3,0.1,42.64,69.06,Apparel,207.18,20.72,186.46,127.92,6.02,4.68
O501882,2026-01-09,C10582,P2046,1,0.05,41.9,79.58,Sports,79.58,3.98,75.6,41.9,6.09,1.59
O501883,2025-01-05,C10383,P2060,1,0.15,91.93,225.41,Sports,225.41,33.81,191.6,91.93,5.07,5.28
O501884,2025-07-20,C10596,P2045,1,0.15,54.87,109.92,Sports,109.92,16.49,93.43,54.87,5.0,1.74
O501885,2025-03-03,C10142,P2029,1,0.05,30.95,55.54,Apparel,55.54,2.78,52.76,30.95,4.31,1.2
O501886,2025-12-24,C10338,P2045,2,0.2,54.87,109.92,Sports,219.84,43.97,175.87,109.74,4.38,4.1
O501887,2025-10-14,C10288,P2003,1,0.05,103.86,246.21,Sports,246.21,12.31,233.9,103.86,3.44,6.05
O501888,2025-11-23,C10570,P2070,1,0.0,80.41,185.88,Sports,185.88,0.0,185.88,80.41,4.93,4.69
O501889,2025-08-08,C10400,P2046,3,0.25,41.9,79.58,Sports,238.74,59.68,179.06,125.7,3.65,3.51
O501890,2025-11-07,C10928,P2075,2,0.0,49.49,125.61,Electronics,251.22,0.0,251.22,98.98,4.02,6.1
O501891,2025-07-18,C11172,P2022,1,0.05,39.69,79.46,Beauty,79.46,3.97,75.49,39.69,4.35,1.38
O501892,2025-03-16,C11146,P2062,1,0.05,69.71,151.88,Beauty,151.88,7.59,144.29,69.71,6.45,3.87
O501893,2025-04-26,C10465,P2042,1,0.1,21.36,43.17,Sports,43.17,4.32,38.85,21.36,5.94,0.86
O501894,2025-06-23,C10570,P2038,2,0.25,61.98,100.85,Sports,201.7,50.42,151.27,123.96,3.04,4.39
O501895,2026-02-03,C10425,P2039,1,0.1,88.55,225.55,Beauty,225.55,22.56,203.0,88.55,5.56,6.27
O501896,2025-10-07,C10342,P2064,1,0.1,92.82,194.3,Sports,194.3,19.43,174.87,92.82,4.75,3.6
O501897,2025-08-11,C10206,P2000,2,0.2,20.01,46.3,Beauty,92.6,18.52,74.08,40.02,7.38,1.74
O501898,2025-08-17,C10498,P2000,2,0.25,20.01,46.3,Beauty,92.6,23.15,69.45,40.02,6.07,1.62
O501899,2025-01-07,C10974,P2047,2,0.2,23.95,36.37,Sports,72.74,14.55,58.19,47.9,6.24,1.43
O501900,2025-05-15,C10932,P2013,3,0.25,14.91,32.18,Beauty,96.54,24.14,72.4,44.73,5.32,1.85
O501901,2025-10-25,C11043,P2064,3,0.0,92.82,194.3,Sports,582.9,0.0,582.9,278.46,4.56,17.92
O501902,2025-11-09,C10467,P2020,2,0.15,96.28,147.84,Home,295.68,44.35,251.33,192.56,5.77,6.96
O501903,2026-02-17,C11102,P2044,1,0.0,96.39,166.51,Electronics,166.51,0.0,166.51,96.39,7.81,4.66
O501904,2025-05-26,C10874,P2049,2,0.1,75.64,173.14,Apparel,346.28,34.63,311.65,151.28,3.97,6.94
O501905,2026-06-25,C10802,P2012,3,0.15,91.5,250.58,Home,751.74,112.76,638.98,274.5,3.05,19.78
O501906,2026-04-01,C10360,P2076,1,0.15,94.33,153.36,Apparel,153.36,23.0,130.36,94.33,3.63,2.89
O501907,2025-09-05,C10359,P2073,2,0.2,103.53,278.8,Apparel,557.6,111.52,446.08,207.06,6.16,11.28
O501908,2025-11-26,C10701,P2057,3,0.15,24.55,53.8,Beauty,161.4,24.21,137.19,73.65,3.9,4.3
O501909,2026-02-28,C10384,P2048,1,0.15,26.01,65.12,Home,65.12,9.77,55.35,26.01,5.36,1.52
O501910,2025-07-03,C11153,P2044,1,0.15,96.39,166.51,Electronics,166.51,24.98,141.53,96.39,5.64,2.82
O501911,2025-12-13,C11058,P2022,1,0.15,39.69,79.46,Beauty,79.46,11.92,67.54,39.69,5.18,1.61
O501912,2025-01-16,C10063,P2025,1,0.1,59.62,149.3,Electronics,149.3,14.93,134.37,59.62,5.9,3.5
O501913,2025-11-05,C10777,P2017,2,0.1,42.64,69.06,Apparel,138.12,13.81,124.31,85.28,6.88,3.52
O501914,2026-04-29,C10895,P2050,1,0.25,47.62,83.27,Beauty,83.27,20.82,62.45,47.62,7.63,1.51
O501915,2026-06-18,C11199,P2007,2,0.0,81.19,138.2,Apparel,276.4,0.0,276.4,162.38,4.5,7.18
O501916,2025-05-10,C11047,P2058,1,0.1,56.31,124.87,Electronics,124.87,12.49,112.38,56.31,2.5,2.27
O501917,2025-12-09,C11043,P2013,1,0.0,14.91,32.18,Beauty,32.18,0.0,32.18,14.91,6.63,0.89
O501918,2025-09-09,C10248,P2040,2,0.0,46.24,112.16,Electronics,224.32,0.0,224.32,92.48,6.02,6.53
O501919,2025-06-26,C10343,P2056,1,0.1,12.18,29.13,Home,29.13,2.91,26.22,12.18,4.36,0.8
O501920,2025-03-30,C11189,P2002,1,0.1,36.16,61.12,Beauty,61.12,6.11,55.01,36.16,8.59,1.12
O501921,2025-11-07,C10428,P2052,3,0.15,85.13,212.17,Beauty,636.51,95.48,541.03,255.39,4.73,13.51
O501922,2025-01-19,C11184,P2031,2,0.2,54.53,117.07,Sports,234.14,46.83,187.31,109.06,5.35,3.62
O501923,2025-10-12,C10495,P2010,2,0.0,105.58,212.84,Electronics,425.68,0.0,425.68,211.16,4.15,11.05
O501924,2026-06-02,C10800,P2049,2,0.0,75.64,173.14,Apparel,346.28,0.0,346.28,151.28,5.81,9.06
O501925,2025-03-07,C10377,P2044,2,0.0,96.39,166.51,Electronics,333.02,0.0,333.02,192.78,7.95,7.05
O501926,2025-11-21,C10343,P2044,2,0.05,96.39,166.51,Electronics,333.02,16.65,316.37,192.78,4.87,7.18
O501927,2025-11-30,C11038,P2007,1,0.1,81.19,138.2,Apparel,138.2,13.82,124.38,81.19,6.02,3.8
O501928,2025-09-12,C10117,P2073,2,0.1,103.53,278.8,Apparel,557.6,55.76,501.84,207.06,7.16,11.65
O501929,2026-05-26,C10160,P2021,1,0.05,75.19,147.18,Electronics,147.18,7.36,139.82,75.19,5.11,4.44
O501930,2025-03-03,C11130,P2006,1,0.1,90.83,200.16,Electronics,200.16,20.02,180.14,90.83,5.1,4.84
O501931,2026-04-07,C11067,P2014,1,0.05,105.6,279.48,Beauty,279.48,13.97,265.51,105.6,3.51,7.4
O501932,2025-11-10,C10302,P2072,3,0.05,85.85,152.66,Sports,457.98,22.9,435.08,257.55,7.02,10.57
O501933,2025-05-28,C10474,P2034,1,0.1,84.74,206.91,Electronics,206.91,20.69,186.22,84.74,2.74,3.47
O501934,2025-05-18,C11155,P2047,2,0.0,23.95,36.37,Sports,72.74,0.0,72.74,47.9,4.64,1.81
O501935,2025-06-17,C10352,P2018,3,0.0,23.1,60.58,Apparel,181.74,0.0,181.74,69.3,6.16,3.97
O501936,2025-11-13,C11037,P2025,1,0.0,59.62,149.3,Electronics,149.3,0.0,149.3,59.62,3.56,3.42
O501937,2026-03-21,C10335,P2004,1,0.15,82.13,229.05,Sports,229.05,34.36,194.69,82.13,3.62,4.27
O501938,2025-05-24,C10447,P2034,1,0.1,84.74,206.91,Electronics,206.91,20.69,186.22,84.74,5.22,5.32
O501939,2025-07-22,C10988,P2030,1,0.15,81.44,160.67,Electronics,160.67,24.1,136.57,81.44,4.05,4.14
O501940,2025-12-05,C11069,P2043,2,0.05,34.43,56.92,Electronics,113.84,5.69,108.15,68.86,7.04,2.75
O501941,2025-04-20,C10519,P2011,1,0.1,25.59,43.62,Electronics,43.62,4.36,39.26,25.59,6.88,0.76
O501942,2026-01-11,C10673,P2048,1,0.2,26.01,65.12,Home,65.12,13.02,52.1,26.01,4.8,1.33
O501943,2026-01-07,C10806,P2057,1,0.05,24.55,53.8,Beauty,53.8,2.69,51.11,24.55,5.07,1.07
O501944,2025-08-26,C11118,P2070,3,0.0,80.41,185.88,Sports,557.64,0.0,557.64,241.23,4.07,10.43
O501945,2025-08-11,C10583,P2002,1,0.0,36.16,61.12,Beauty,61.12,0.0,61.12,36.16,4.1,1.29
O501946,2025-02-14,C10007,P2050,1,0.1,47.62,83.27,Beauty,83.27,8.33,74.94,47.62,4.2,1.56
O501947,2026-06-11,C10704,P2071,1,0.05,72.34,202.22,Beauty,202.22,10.11,192.11,72.34,4.65,5.86
O501948,2026-06-24,C10535,P2063,2,0.05,107.79,241.07,Sports,482.14,24.11,458.03,215.58,5.81,8.35
O501949,2026-03-22,C10119,P2016,3,0.1,23.99,66.65,Electronics,199.95,20.0,179.96,71.97,7.43,3.64
O501950,2025-09-21,C10732,P2055,1,0.1,14.94,29.55,Sports,29.55,2.96,26.6,14.94,6.02,0.74
O501951,2025-02-06,C10185,P2034,1,0.0,84.74,206.91,Electronics,206.91,0.0,206.91,84.74,7.14,6.56
O501952,2025-07-15,C10485,P2047,1,0.1,23.95,36.37,Sports,36.37,3.64,32.73,23.95,6.7,0.72
O501953,2026-06-07,C10486,P2043,1,0.2,34.43,56.92,Electronics,56.92,11.38,45.54,34.43,3.34,0.97
O501954,2026-04-12,C10422,P2052,2,0.05,85.13,212.17,Beauty,424.34,21.22,403.12,170.26,4.65,8.36
O501955,2026-06-23,C10280,P2069,2,0.1,90.63,175.87,Apparel,351.74,35.17,316.57,181.26,4.9,9.33
O501956,2025-12-04,C10204,P2073,2,0.1,103.53,278.8,Apparel,557.6,55.76,501.84,207.06,3.13,10.7
O501957,2025-11-01,C10614,P2043,3,0.0,34.43,56.92,Electronics,170.76,0.0,170.76,103.29,4.87,4.09
O501958,2026-04-01,C10291,P2077,2,0.0,99.36,190.12,Apparel,380.24,0.0,380.24,198.72,7.58,11.91
O501959,2026-04-30,C10560,P2075,1,0.0,49.49,125.61,Electronics,125.61,0.0,125.61,49.49,2.5,3.11
O501960,2026-06-09,C10206,P2003,1,0.1,103.86,246.21,Sports,246.21,24.62,221.59,103.86,6.36,6.99
O501961,2025-08-14,C10701,P2037,1,0.15,19.43,42.14,Home,42.14,6.32,35.82,19.43,2.51,0.79
O501962,2025-10-01,C10228,P2073,2,0.0,103.53,278.8,Apparel,557.6,0.0,557.6,207.06,7.75,10.99
O501963,2025-06-12,C10753,P2033,1,0.0,102.58,280.83,Apparel,280.83,0.0,280.83,102.58,5.01,6.14
O501964,2025-01-16,C10851,P2033,1,0.05,102.58,280.83,Apparel,280.83,14.04,266.79,102.58,3.86,5.13
O501965,2025-06-20,C10741,P2034,1,0.1,84.74,206.91,Electronics,206.91,20.69,186.22,84.74,6.93,5.7
O501966,2025-05-01,C10392,P2015,1,0.05,32.67,56.68,Home,56.68,2.83,53.85,32.67,4.39,1.06
O501967,2025-10-10,C10897,P2055,1,0.05,14.94,29.55,Sports,29.55,1.48,28.07,14.94,5.66,0.57
O501968,2026-01-27,C10731,P2050,2,0.0,47.62,83.27,Beauty,166.54,0.0,166.54,95.24,4.48,3.21
O501969,2025-01-18,C11117,P2026,2,0.05,25.88,63.53,Beauty,127.06,6.35,120.71,51.76,2.5,2.33
O501970,2026-05-08,C10547,P2054,1,0.0,19.42,50.24,Beauty,50.24,0.0,50.24,19.42,4.85,1.52
O501971,2025-11-05,C11047,P2033,1,0.05,102.58,280.83,Apparel,280.83,14.04,266.79,102.58,6.98,6.3
O501972,2025-08-08,C10969,P2051,2,0.1,21.09,56.25,Home,112.5,11.25,101.25,42.18,3.04,2.59
O501973,2026-05-03,C10566,P2054,2,0.05,19.42,50.24,Beauty,100.48,5.02,95.46,38.84,6.43,2.31
O501974,2026-02-15,C10644,P2002,3,0.05,36.16,61.12,Beauty,183.36,9.17,174.19,108.48,4.2,4.37
O501975,2025-05-07,C10947,P2011,1,0.05,25.59,43.62,Electronics,43.62,2.18,41.44,25.59,4.65,0.88
O501976,2025-10-13,C10134,P2061,1,0.05,92.46,150.56,Sports,150.56,7.53,143.03,92.46,3.87,4.11
O501977,2026-05-28,C11017,P2060,3,0.25,91.93,225.41,Sports,676.23,169.06,507.17,275.79,5.21,13.66
O501978,2026-01-22,C10554,P2074,3,0.05,60.53,130.38,Sports,391.14,19.56,371.58,181.59,3.92,8.49
O501979,2025-07-19,C10437,P2031,2,0.25,54.53,117.07,Sports,234.14,58.54,175.6,109.06,2.5,3.65
O501980,2025-10-05,C10687,P2071,2,0.1,72.34,202.22,Beauty,404.44,40.44,364.0,144.68,5.57,7.53
O501981,2026-01-26,C10344,P2075,1,0.0,49.49,125.61,Electronics,125.61,0.0,125.61,49.49,2.53,3.25
O501982,2025-12-20,C10719,P2029,1,0.05,30.95,55.54,Apparel,55.54,2.78,52.76,30.95,5.81,1.38
O501983,2025-10-02,C10241,P2014,2,0.0,105.6,279.48,Beauty,558.96,0.0,558.96,211.2,4.88,14.72
O501984,2025-01-30,C11034,P2067,1,0.05,89.48,177.38,Sports,177.38,8.87,168.51,89.48,2.5,3.92
O501985,2026-04-01,C11176,P2046,1,0.2,41.9,79.58,Sports,79.58,15.92,63.66,41.9,5.4,1.96
O501986,2025-01-19,C10624,P2008,3,0.0,64.11,126.24,Beauty,378.72,0.0,378.72,192.33,3.97,9.54
O501987,2025-06-13,C10672,P2070,2,0.2,80.41,185.88,Sports,371.76,74.35,297.41,160.82,4.38,6.42
O501988,2025-03-20,C11118,P2031,2,0.15,54.53,117.07,Sports,234.14,35.12,199.02,109.06,7.3,5.47
O501989,2026-02-27,C10437,P2046,3,0.2,41.9,79.58,Sports,238.74,47.75,190.99,125.7,4.84,4.06
O501990,2025-01-22,C10996,P2063,2,0.1,107.79,241.07,Sports,482.14,48.21,433.93,215.58,5.98,10.92
O501991,2025-12-07,C10060,P2030,3,0.05,81.44,160.67,Electronics,482.01,24.1,457.91,244.32,2.63,11.58
O501992,2025-12-17,C10298,P2039,2,0.05,88.55,225.55,Beauty,451.1,22.56,428.54,177.1,5.81,10.75
O501993,2025-04-22,C10450,P2038,1,0.15,61.98,100.85,Sports,100.85,15.13,85.72,61.98,4.19,2.35
O501994,2026-06-08,C10201,P2041,3,0.0,53.15,104.66,Apparel,313.98,0.0,313.98,159.45,5.32,9.71
O501995,2026-02-27,C10982,P2072,1,0.1,85.85,152.66,Sports,152.66,15.27,137.39,85.85,7.61,4.37
O501996,2025-06-29,C10346,P2067,2,0.05,89.48,177.38,Sports,354.76,17.74,337.02,178.96,6.84,10.5
O501997,2025-05-18,C11083,P2040,2,0.1,46.24,112.16,Electronics,224.32,22.43,201.89,92.48,3.87,6.31
O501998,2026-03-20,C10834,P2017,1,0.0,42.64,69.06,Apparel,69.06,0.0,69.06,42.64,4.58,2.19
O501999,2025-10-31,C10178,P2060,2,0.15,91.93,225.41,Sports,450.82,67.62,383.2,183.86,4.3,11.12
O502000,2025-11-20,C10785,P2035,3,0.1,33.04,85.13,Beauty,255.39,25.54,229.85,99.12,4.5,6.73
O502001,2026-01-26,C10786,P2023,3,0.25,99.43,207.17,Apparel,621.51,155.38,466.13,298.29,4.98,9.87
O502002,2026-02-13,C10350,P2037,1,0.0,19.43,42.14,Home,42.14,0.0,42.14,19.43,5.79,1.1
O502003,2025-04-13,C10381,P2030,3,0.15,81.44,160.67,Electronics,482.01,72.3,409.71,244.32,3.35,10.97
O502004,2025-06-21,C10845,P2062,1,0.05,69.71,151.88,Beauty,151.88,7.59,144.29,69.71,5.71,3.47
O502005,2025-05-12,C10503,P2017,1,0.25,42.64,69.06,Apparel,69.06,17.26,51.8,42.64,7.68,1.01
O502006,2025-04-10,C11065,P2069,1,0.1,90.63,175.87,Apparel,175.87,17.59,158.28,90.63,4.75,4.18
O502007,2025-04-11,C10258,P2038,2,0.05,61.98,100.85,Sports,201.7,10.09,191.61,123.96,7.34,4.24
O502008,2026-02-11,C10961,P2031,2,0.2,54.53,117.07,Sports,234.14,46.83,187.31,109.06,2.63,4.87
O502009,2026-04-26,C10240,P2074,1,0.1,60.53,130.38,Sports,130.38,13.04,117.34,60.53,6.52,3.45
O502010,2026-05-19,C10649,P2039,3,0.1,88.55,225.55,Beauty,676.65,67.67,608.99,265.65,5.24,14.94
O502011,2026-04-25,C10565,P2003,3,0.1,103.86,246.21,Sports,738.63,73.86,664.77,311.58,6.67,18.97
O502012,2025-03-23,C10045,P2033,3,0.2,102.58,280.83,Apparel,842.49,168.5,673.99,307.74,5.41,17.0
O502013,2025-04-02,C10364,P2036,2,0.1,79.57,186.92,Apparel,373.84,37.38,336.46,159.14,6.94,8.64
O502014,2025-08-18,C10142,P2048,1,0.1,26.01,65.12,Home,65.12,6.51,58.61,26.01,2.89,1.57
O502015,2026-03-26,C10078,P2016,3,0.1,23.99,66.65,Electronics,199.95,20.0,179.96,71.97,4.52,3.31
O502016,2025-01-11,C10518,P2033,1,0.15,102.58,280.83,Apparel,280.83,42.12,238.71,102.58,2.5,4.37
O502017,2025-10-08,C10010,P2075,1,0.0,49.49,125.61,Electronics,125.61,0.0,125.61,49.49,5.28,4.0
O502018,2025-01-25,C11109,P2078,1,0.15,80.99,151.9,Beauty,151.9,22.78,129.12,80.99,4.48,3.53
O502019,2025-01-29,C11149,P2060,2,0.0,91.93,225.41,Sports,450.82,0.0,450.82,183.86,6.33,8.99
O502020,2026-06-09,C10734,P2009,2,0.0,89.03,195.13,Home,390.26,0.0,390.26,178.06,6.23,9.04
O502021,2025-03-28,C10937,P2042,2,0.1,21.36,43.17,Sports,86.34,8.63,77.71,42.72,7.25,1.61
O502022,2026-06-24,C11134,P2063,1,0.2,107.79,241.07,Sports,241.07,48.21,192.86,107.79,3.42,4.98
O502023,2026-01-30,C10801,P2036,3,0.15,79.57,186.92,Apparel,560.76,84.11,476.65,238.71,3.67,12.88
O502024,2025-11-13,C10914,P2059,2,0.05,74.58,192.13,Electronics,384.26,19.21,365.05,149.16,4.96,9.27
O502025,2026-04-07,C10783,P2013,1,0.15,14.91,32.18,Beauty,32.18,4.83,27.35,14.91,3.31,0.81
O502026,2025-11-07,C10865,P2037,1,0.0,19.43,42.14,Home,42.14,0.0,42.14,19.43,4.69,1.31
O502027,2025-07-09,C11138,P2056,1,0.2,12.18,29.13,Home,29.13,5.83,23.3,12.18,5.74,0.62
O502028,2025-03-15,C10280,P2074,1,0.0,60.53,130.38,Sports,130.38,0.0,130.38,60.53,3.84,3.42
O502029,2026-04-23,C10470,P2009,2,0.15,89.03,195.13,Home,390.26,58.54,331.72,178.06,8.51,6.18
O502030,2026-02-15,C10048,P2022,2,0.0,39.69,79.46,Beauty,158.92,0.0,158.92,79.38,5.2,3.98
O502031,2026-05-05,C10692,P2074,2,0.1,60.53,130.38,Sports,260.76,26.08,234.68,121.06,3.72,5.59
O502032,2025-10-09,C10070,P2023,2,0.25,99.43,207.17,Apparel,414.34,103.58,310.76,198.86,3.27,5.79
O502033,2025-04-18,C10494,P2072,2,0.25,85.85,152.66,Sports,305.32,76.33,228.99,171.7,4.46,4.14
O502034,2025-02-10,C10294,P2071,3,0.0,72.34,202.22,Beauty,606.66,0.0,606.66,217.02,4.16,19.07
O502035,2025-08-30,C10834,P2074,1,0.0,60.53,130.38,Sports,130.38,0.0,130.38,60.53,4.22,2.89
O502036,2025-06-02,C10605,P2017,1,0.1,42.64,69.06,Apparel,69.06,6.91,62.15,42.64,4.38,1.83
O502037,2025-03-24,C10485,P2052,2,0.0,85.13,212.17,Beauty,424.34,0.0,424.34,170.26,6.37,9.3
O502038,2025-03-09,C10489,P2077,2,0.1,99.36,190.12,Apparel,380.24,38.02,342.22,198.72,6.09,9.0
O502039,2025-10-09,C10119,P2051,1,0.15,21.09,56.25,Home,56.25,8.44,47.81,21.09,3.58,1.38
O502040,2025-08-13,C10019,P2008,3,0.05,64.11,126.24,Beauty,378.72,18.94,359.78,192.33,3.03,8.99
O502041,2025-05-30,C10012,P2002,1,0.0,36.16,61.12,Beauty,61.12,0.0,61.12,36.16,3.51,1.65
O502042,2025-04-09,C11162,P2007,2,0.05,81.19,138.2,Apparel,276.4,13.82,262.58,162.38,4.94,7.78
O502043,2025-03-13,C10894,P2029,1,0.15,30.95,55.54,Apparel,55.54,8.33,47.21,30.95,7.26,0.97
O502044,2026-02-18,C10621,P2073,2,0.2,103.53,278.8,Apparel,557.6,111.52,446.08,207.06,5.66,8.66
O502045,2025-09-25,C10107,P2051,2,0.25,21.09,56.25,Home,112.5,28.12,84.38,42.18,7.66,1.54
O502046,2026-06-22,C10721,P2064,3,0.1,92.82,194.3,Sports,582.9,58.29,524.61,278.46,7.14,11.9
O502047,2025-12-15,C10324,P2075,1,0.05,49.49,125.61,Electronics,125.61,6.28,119.33,49.49,5.39,3.09
O502048,2025-03-20,C10988,P2072,2,0.05,85.85,152.66,Sports,305.32,15.27,290.05,171.7,4.3,8.4
O502049,2025-12-09,C11188,P2072,1,0.2,85.85,152.66,Sports,152.66,30.53,122.13,85.85,2.5,2.62
O502050,2025-10-17,C10779,P2062,3,0.25,69.71,151.88,Beauty,455.64,113.91,341.73,209.13,2.5,9.04
O502051,2025-09-18,C10175,P2043,1,0.15,34.43,56.92,Electronics,56.92,8.54,48.38,34.43,4.27,1.36
O502052,2026-03-08,C11002,P2048,1,0.05,26.01,65.12,Home,65.12,3.26,61.86,26.01,4.34,1.82
O502053,2025-08-11,C10454,P2043,1,0.05,34.43,56.92,Electronics,56.92,2.85,54.07,34.43,6.67,1.2
O502054,2026-02-19,C10636,P2038,2,0.0,61.98,100.85,Sports,201.7,0.0,201.7,123.96,7.75,4.86
O502055,2025-01-03,C10870,P2058,2,0.15,56.31,124.87,Electronics,249.74,37.46,212.28,112.62,6.09,4.89
O502056,2025-02-11,C10989,P2007,1,0.15,81.19,138.2,Apparel,138.2,20.73,117.47,81.19,5.35,2.44
O502057,2025-02-04,C10412,P2057,1,0.05,24.55,53.8,Beauty,53.8,2.69,51.11,24.55,4.44,1.44
O502058,2025-04-03,C10379,P2027,1,0.0,39.51,103.84,Electronics,103.84,0.0,103.84,39.51,5.48,2.08
O502059,2026-01-03,C10439,P2029,1,0.15,30.95,55.54,Apparel,55.54,8.33,47.21,30.95,4.55,1.1
O502060,2025-05-07,C10493,P2061,1,0.0,92.46,150.56,Sports,150.56,0.0,150.56,92.46,3.94,4.13
O502061,2025-02-26,C10129,P2076,2,0.1,94.33,153.36,Apparel,306.72,30.67,276.05,188.66,4.28,6.77
O502062,2025-02-02,C10719,P2036,3,0.0,79.57,186.92,Apparel,560.76,0.0,560.76,238.71,3.34,13.88
O502063,2026-03-28,C10176,P2061,1,0.1,92.46,150.56,Sports,150.56,15.06,135.5,92.46,3.84,2.47
O502064,2025-01-15,C10663,P2065,2,0.1,74.22,160.54,Electronics,321.08,32.11,288.97,148.44,3.97,7.49
O502065,2026-05-08,C10321,P2076,1,0.2,94.33,153.36,Apparel,153.36,30.67,122.69,94.33,4.89,3.16
O502066,2025-05-21,C11191,P2003,2,0.15,103.86,246.21,Sports,492.42,73.86,418.56,207.72,3.38,10.06
O502067,2025-08-30,C10605,P2069,2,0.2,90.63,175.87,Apparel,351.74,70.35,281.39,181.26,4.14,8.4
O502068,2025-11-26,C11088,P2043,1,0.1,34.43,56.92,Electronics,56.92,5.69,51.23,34.43,4.67,1.23
O502069,2025-07-14,C10707,P2053,1,0.15,95.73,175.96,Electronics,175.96,26.39,149.57,95.73,4.46,3.51
O502070,2026-06-11,C10442,P2060,3,0.2,91.93,225.41,Sports,676.23,135.25,540.98,275.79,6.73,15.79
O502071,2025-03-22,C10955,P2014,1,0.2,105.6,279.48,Beauty,279.48,55.9,223.58,105.6,4.78,6.24
O502072,2025-12-01,C10616,P2027,1,0.1,39.51,103.84,Electronics,103.84,10.38,93.46,39.51,4.19,1.89
O502073,2025-12-08,C11149,P2038,1,0.0,61.98,100.85,Sports,100.85,0.0,100.85,61.98,2.5,2.16
O502074,2025-08-19,C10240,P2024,2,0.25,38.64,85.56,Electronics,171.12,42.78,128.34,77.28,6.27,2.4
O502075,2025-03-29,C11122,P2042,1,0.15,21.36,43.17,Sports,43.17,6.48,36.69,21.36,6.13,1.1
O502076,2025-12-14,C10647,P2044,1,0.15,96.39,166.51,Electronics,166.51,24.98,141.53,96.39,5.14,2.78
O502077,2025-01-24,C10492,P2062,1,0.2,69.71,151.88,Beauty,151.88,30.38,121.5,69.71,3.97,2.19
O502078,2025-03-30,C10808,P2045,1,0.15,54.87,109.92,Sports,109.92,16.49,93.43,54.87,6.86,2.88
O502079,2025-04-25,C10786,P2075,1,0.25,49.49,125.61,Electronics,125.61,31.4,94.21,49.49,5.16,2.39
O502080,2025-03-03,C10446,P2053,1,0.1,95.73,175.96,Electronics,175.96,17.6,158.36,95.73,5.31,3.83
O502081,2025-08-12,C10498,P2063,1,0.2,107.79,241.07,Sports,241.07,48.21,192.86,107.79,4.86,3.51
O502082,2025-03-03,C10301,P2057,1,0.1,24.55,53.8,Beauty,53.8,5.38,48.42,24.55,6.77,1.29
O502083,2025-11-19,C10548,P2021,1,0.0,75.19,147.18,Electronics,147.18,0.0,147.18,75.19,5.82,4.62
O502084,2025-08-03,C10640,P2013,2,0.0,14.91,32.18,Beauty,64.36,0.0,64.36,29.82,6.97,1.38
O502085,2025-12-25,C10913,P2014,1,0.05,105.6,279.48,Beauty,279.48,13.97,265.51,105.6,6.2,7.33
O502086,2025-11-30,C10613,P2076,2,0.1,94.33,153.36,Apparel,306.72,30.67,276.05,188.66,5.07,5.6
O502087,2025-04-26,C10343,P2057,2,0.05,24.55,53.8,Beauty,107.6,5.38,102.22,49.1,2.76,2.52
O502088,2025-04-19,C10182,P2064,1,0.2,92.82,194.3,Sports,194.3,38.86,155.44,92.82,5.55,4.37
O502089,2026-05-20,C10854,P2067,1,0.2,89.48,177.38,Sports,177.38,35.48,141.9,89.48,2.73,3.47
O502090,2026-05-03,C10034,P2054,3,0.0,19.42,50.24,Beauty,150.72,0.0,150.72,58.26,5.21,2.95
O502091,2025-10-21,C10856,P2026,1,0.25,25.88,63.53,Beauty,63.53,15.88,47.65,25.88,5.92,1.41
O502092,2025-02-05,C10006,P2058,2,0.0,56.31,124.87,Electronics,249.74,0.0,249.74,112.62,5.97,6.05
O502093,2026-06-07,C10525,P2074,1,0.1,60.53,130.38,Sports,130.38,13.04,117.34,60.53,4.2,2.16
O502094,2025-02-27,C10358,P2023,1,0.2,99.43,207.17,Apparel,207.17,41.43,165.74,99.43,6.32,3.83
O502095,2026-01-21,C10342,P2016,1,0.15,23.99,66.65,Electronics,66.65,10.0,56.65,23.99,4.11,1.19
O502096,2025-02-07,C10374,P2009,2,0.0,89.03,195.13,Home,390.26,0.0,390.26,178.06,3.65,9.71
O502097,2026-03-08,C10051,P2030,1,0.0,81.44,160.67,Electronics,160.67,0.0,160.67,81.44,3.09,3.88
O502098,2025-07-20,C10488,P2022,2,0.15,39.69,79.46,Beauty,158.92,23.84,135.08,79.38,2.5,3.49
O502099,2026-05-06,C10883,P2066,1,0.1,21.23,45.94,Beauty,45.94,4.59,41.35,21.23,5.42,0.96
O502100,2026-06-03,C10404,P2061,1,0.05,92.46,150.56,Sports,150.56,7.53,143.03,92.46,5.52,3.21
O502101,2025-10-29,C10594,P2041,2,0.25,53.15,104.66,Apparel,209.32,52.33,156.99,106.3,3.42,3.36
O502102,2025-05-01,C10667,P2062,1,0.1,69.71,151.88,Beauty,151.88,15.19,136.69,69.71,5.3,2.53
O502103,2026-06-27,C10690,P2067,2,0.0,89.48,177.38,Sports,354.76,0.0,354.76,178.96,7.4,8.06
O502104,2026-05-30,C10303,P2037,3,0.05,19.43,42.14,Home,126.42,6.32,120.1,58.29,4.96,2.45
O502105,2025-07-12,C10596,P2066,1,0.05,21.23,45.94,Beauty,45.94,2.3,43.64,21.23,5.34,0.81
O502106,2025-11-14,C10346,P2074,1,0.15,60.53,130.38,Sports,130.38,19.56,110.82,60.53,7.02,3.4
O502107,2025-03-02,C10995,P2072,1,0.0,85.85,152.66,Sports,152.66,0.0,152.66,85.85,3.4,4.14
O502108,2025-11-12,C10698,P2047,1,0.0,23.95,36.37,Sports,36.37,0.0,36.37,23.95,3.5,0.82
O502109,2025-09-16,C11020,P2050,1,0.05,47.62,83.27,Beauty,83.27,4.16,79.11,47.62,3.46,1.76
O502110,2025-01-13,C10468,P2024,1,0.1,38.64,85.56,Electronics,85.56,8.56,77.0,38.64,5.79,2.2
O502111,2026-06-13,C10283,P2070,1,0.25,80.41,185.88,Sports,185.88,46.47,139.41,80.41,3.14,2.82
O502112,2025-07-17,C10759,P2010,1,0.0,105.58,212.84,Electronics,212.84,0.0,212.84,105.58,2.5,5.2
O502113,2026-04-16,C10613,P2079,1,0.0,76.11,150.73,Apparel,150.73,0.0,150.73,76.11,5.55,2.78
O502114,2026-06-04,C10279,P2013,1,0.0,14.91,32.18,Beauty,32.18,0.0,32.18,14.91,4.34,0.66
O502115,2025-10-20,C10834,P2037,1,0.1,19.43,42.14,Home,42.14,4.21,37.93,19.43,4.02,0.89
O502116,2025-09-26,C10913,P2047,1,0.2,23.95,36.37,Sports,36.37,7.27,29.1,23.95,4.92,0.55
O502117,2025-04-22,C10884,P2028,1,0.0,49.21,76.08,Beauty,76.08,0.0,76.08,49.21,6.38,1.95
O502118,2026-05-04,C10138,P2065,1,0.05,74.22,160.54,Electronics,160.54,8.03,152.51,74.22,4.17,3.57
O502119,2026-01-19,C11077,P2027,2,0.1,39.51,103.84,Electronics,207.68,20.77,186.91,79.02,4.12,4.5
O502120,2025-10-10,C10775,P2011,1,0.05,25.59,43.62,Electronics,43.62,2.18,41.44,25.59,2.5,1.15
O502121,2025-05-22,C10852,P2016,1,0.15,23.99,66.65,Electronics,66.65,10.0,56.65,23.99,4.32,1.25
O502122,2025-11-12,C10410,P2048,1,0.0,26.01,65.12,Home,65.12,0.0,65.12,26.01,3.64,1.37
O502123,2025-06-19,C10656,P2021,1,0.0,75.19,147.18,Electronics,147.18,0.0,147.18,75.19,5.92,4.24
O502124,2025-11-11,C10430,P2003,3,0.2,103.86,246.21,Sports,738.63,147.73,590.9,311.58,2.5,12.08
O502125,2025-09-07,C10104,P2021,2,0.15,75.19,147.18,Electronics,294.36,44.15,250.21,150.38,5.7,7.89
O502126,2025-04-07,C10095,P2021,1,0.0,75.19,147.18,Electronics,147.18,0.0,147.18,75.19,5.01,3.46
O502127,2025-08-20,C10966,P2007,2,0.2,81.19,138.2,Apparel,276.4,55.28,221.12,162.38,5.97,6.51
O502128,2025-06-02,C10146,P2012,1,0.2,91.5,250.58,Home,250.58,50.12,200.46,91.5,3.35,4.75
O502129,2025-07-24,C10210,P2032,1,0.15,83.59,176.17,Apparel,176.17,26.43,149.74,83.59,3.21,4.36
O502130,2025-12-28,C10579,P2023,1,0.15,99.43,207.17,Apparel,207.17,31.08,176.09,99.43,4.04,3.79
O502131,2025-02-26,C10657,P2022,3,0.1,39.69,79.46,Beauty,238.38,23.84,214.54,119.07,4.53,6.7
O502132,2025-02-26,C11165,P2058,1,0.0,56.31,124.87,Electronics,124.87,0.0,124.87,56.31,4.56,2.57
O502133,2025-03-31,C11159,P2059,1,0.1,74.58,192.13,Electronics,192.13,19.21,172.92,74.58,4.1,4.73
O502134,2026-05-29,C10858,P2077,1,0.0,99.36,190.12,Apparel,190.12,0.0,190.12,99.36,3.96,3.91
O502135,2026-02-04,C10409,P2009,1,0.0,89.03,195.13,Home,195.13,0.0,195.13,89.03,5.94,3.91
O502136,2025-11-08,C10715,P2022,3,0.15,39.69,79.46,Beauty,238.38,35.76,202.62,119.07,3.55,4.46
O502137,2025-04-18,C10633,P2053,1,0.25,95.73,175.96,Electronics,175.96,43.99,131.97,95.73,3.71,3.45
O502138,2025-11-10,C10573,P2047,1,0.15,23.95,36.37,Sports,36.37,5.46,30.91,23.95,7.26,0.8
O502139,2026-01-18,C10066,P2050,1,0.0,47.62,83.27,Beauty,83.27,0.0,83.27,47.62,4.84,1.9
O502140,2026-02-24,C10826,P2005,1,0.0,21.42,39.38,Sports,39.38,0.0,39.38,21.42,3.57,1.09
O502141,2026-06-26,C10354,P2016,3,0.05,23.99,66.65,Electronics,199.95,10.0,189.95,71.97,3.73,5.08
O502142,2025-07-13,C10120,P2046,3,0.05,41.9,79.58,Sports,238.74,11.94,226.8,125.7,3.19,7.03
O502143,2025-09-24,C11171,P2007,3,0.0,81.19,138.2,Apparel,414.6,0.0,414.6,243.57,2.64,8.5
O502144,2025-05-26,C10678,P2044,1,0.0,96.39,166.51,Electronics,166.51,0.0,166.51,96.39,4.9,4.1
O502145,2026-01-22,C10478,P2076,1,0.0,94.33,153.36,Apparel,153.36,0.0,153.36,94.33,5.42,4.88
O502146,2026-06-03,C10728,P2066,1,0.2,21.23,45.94,Beauty,45.94,9.19,36.75,21.23,6.91,0.75
O502147,2026-02-27,C10311,P2048,1,0.2,26.01,65.12,Home,65.12,13.02,52.1,26.01,3.74,0.95
O502148,2025-11-28,C10529,P2039,1,0.1,88.55,225.55,Beauty,225.55,22.56,203.0,88.55,6.6,4.71
O502149,2025-12-22,C10637,P2079,2,0.25,76.11,150.73,Apparel,301.46,75.36,226.09,152.22,7.26,4.19
O502150,2025-09-19,C10709,P2038,1,0.1,61.98,100.85,Sports,100.85,10.09,90.76,61.98,5.3,2.47
O502151,2025-10-03,C10213,P2059,2,0.15,74.58,192.13,Electronics,384.26,57.64,326.62,149.16,6.59,6.28
O502152,2025-01-10,C10114,P2005,1,0.05,21.42,39.38,Sports,39.38,1.97,37.41,21.42,5.06,1.01
O502153,2026-01-03,C10523,P2012,1,0.1,91.5,250.58,Home,250.58,25.06,225.52,91.5,4.17,5.75
O502154,2026-06-07,C10739,P2026,3,0.0,25.88,63.53,Beauty,190.59,0.0,190.59,77.64,5.45,5.21
O502155,2026-01-26,C10970,P2061,1,0.1,92.46,150.56,Sports,150.56,15.06,135.5,92.46,4.72,3.14
O502156,2025-09-29,C10925,P2061,2,0.2,92.46,150.56,Sports,301.12,60.22,240.9,184.92,4.59,5.32
O502157,2026-05-22,C10325,P2069,1,0.25,90.63,175.87,Apparel,175.87,43.97,131.9,90.63,7.26,3.63
O502158,2026-02-19,C10484,P2061,1,0.0,92.46,150.56,Sports,150.56,0.0,150.56,92.46,3.42,3.59
O502159,2026-01-25,C10891,P2015,1,0.05,32.67,56.68,Home,56.68,2.83,53.85,32.67,5.91,1.19
O502160,2026-06-21,C10863,P2033,1,0.0,102.58,280.83,Apparel,280.83,0.0,280.83,102.58,2.5,6.12
O502161,2025-12-07,C10904,P2049,1,0.25,75.64,173.14,Apparel,173.14,43.28,129.85,75.64,3.96,3.29
O502162,2026-03-16,C11037,P2055,3,0.1,14.94,29.55,Sports,88.65,8.86,79.79,44.82,2.74,1.74
O502163,2025-10-16,C10755,P2001,3,0.05,67.86,159.31,Electronics,477.93,23.9,454.03,203.58,4.02,10.83
O502164,2025-01-04,C10362,P2033,2,0.1,102.58,280.83,Apparel,561.66,56.17,505.49,205.16,3.69,16.09
O502165,2025-01-09,C10613,P2021,2,0.05,75.19,147.18,Electronics,294.36,14.72,279.64,150.38,6.49,6.38
O502166,2026-05-11,C10006,P2057,3,0.05,24.55,53.8,Beauty,161.4,8.07,153.33,73.65,8.87,3.54
O502167,2025-11-29,C10984,P2052,1,0.0,85.13,212.17,Beauty,212.17,0.0,212.17,85.13,4.57,6.43
O502168,2026-03-02,C10060,P2017,1,0.1,42.64,69.06,Apparel,69.06,6.91,62.15,42.64,6.13,1.42
O502169,2025-11-10,C10002,P2011,2,0.0,25.59,43.62,Electronics,87.24,0.0,87.24,51.18,7.88,2.48
O502170,2025-11-24,C10628,P2062,1,0.15,69.71,151.88,Beauty,151.88,22.78,129.1,69.71,5.96,3.87
O502171,2025-07-21,C10615,P2075,1,0.1,49.49,125.61,Electronics,125.61,12.56,113.05,49.49,3.61,3.41
O502172,2026-06-26,C10476,P2019,3,0.0,28.46,61.03,Sports,183.09,0.0,183.09,85.38,4.21,4.24
O502173,2025-01-23,C10391,P2053,1,0.15,95.73,175.96,Electronics,175.96,26.39,149.57,95.73,7.17,3.43
O502174,2025-06-15,C10737,P2044,1,0.1,96.39,166.51,Electronics,166.51,16.65,149.86,96.39,4.55,2.87
O502175,2026-01-27,C10017,P2033,3,0.05,102.58,280.83,Apparel,842.49,42.12,800.37,307.74,4.54,25.25
O502176,2025-03-22,C10819,P2033,2,0.2,102.58,280.83,Apparel,561.66,112.33,449.33,205.16,4.95,11.19
O502177,2026-04-14,C10782,P2020,3,0.05,96.28,147.84,Home,443.52,22.18,421.34,288.84,2.85,10.95
O502178,2026-03-13,C10747,P2033,2,0.15,102.58,280.83,Apparel,561.66,84.25,477.41,205.16,3.85,11.81
O502179,2026-02-05,C10391,P2040,1,0.0,46.24,112.16,Electronics,112.16,0.0,112.16,46.24,5.55,2.55
O502180,2025-02-15,C10872,P2021,1,0.1,75.19,147.18,Electronics,147.18,14.72,132.46,75.19,5.88,4.11
O502181,2025-12-10,C10782,P2051,1,0.0,21.09,56.25,Home,56.25,0.0,56.25,21.09,7.56,1.11
O502182,2025-07-07,C10355,P2039,1,0.15,88.55,225.55,Beauty,225.55,33.83,191.72,88.55,4.12,4.3
O502183,2025-02-16,C10492,P2055,3,0.05,14.94,29.55,Sports,88.65,4.43,84.22,44.82,7.77,1.58
O502184,2025-09-16,C10777,P2066,1,0.1,21.23,45.94,Beauty,45.94,4.59,41.35,21.23,6.34,1.13
O502185,2025-04-13,C10332,P2002,1,0.1,36.16,61.12,Beauty,61.12,6.11,55.01,36.16,3.49,1.2
O502186,2026-06-20,C10689,P2022,1,0.1,39.69,79.46,Beauty,79.46,7.95,71.51,39.69,3.77,2.1
O502187,2025-12-25,C10099,P2026,3,0.25,25.88,63.53,Beauty,190.59,47.65,142.94,77.64,6.45,4.04
O502188,2025-08-13,C10661,P2066,2,0.15,21.23,45.94,Beauty,91.88,13.78,78.1,42.46,4.91,1.91
O502189,2026-01-29,C10450,P2009,1,0.0,89.03,195.13,Home,195.13,0.0,195.13,89.03,5.27,5.92
O502190,2025-04-19,C10921,P2022,2,0.1,39.69,79.46,Beauty,158.92,15.89,143.03,79.38,3.89,3.24
O502191,2025-02-23,C11047,P2031,3,0.05,54.53,117.07,Sports,351.21,17.56,333.65,163.59,7.83,8.05
O502192,2026-04-07,C10318,P2012,2,0.25,91.5,250.58,Home,501.16,125.29,375.87,183.0,4.41,8.12
O502193,2025-06-11,C11177,P2043,2,0.25,34.43,56.92,Electronics,113.84,28.46,85.38,68.86,6.61,2.5
O502194,2025-07-25,C11049,P2074,1,0.1,60.53,130.38,Sports,130.38,13.04,117.34,60.53,5.1,3.32
O502195,2025-03-27,C10293,P2006,1,0.0,90.83,200.16,Electronics,200.16,0.0,200.16,90.83,3.57,4.86
O502196,2025-10-16,C10584,P2034,3,0.0,84.74,206.91,Electronics,620.73,0.0,620.73,254.22,6.59,17.45
O502197,2026-04-01,C10974,P2071,1,0.15,72.34,202.22,Beauty,202.22,30.33,171.89,72.34,5.02,3.73
O502198,2025-02-05,C10387,P2033,2,0.15,102.58,280.83,Apparel,561.66,84.25,477.41,205.16,3.7,11.55
O502199,2025-09-25,C10253,P2005,2,0.05,21.42,39.38,Sports,78.76,3.94,74.82,42.84,2.5,2.09
O502200,2025-05-24,C10596,P2040,1,0.1,46.24,112.16,Electronics,112.16,11.22,100.94,46.24,7.62,2.22
O502201,2026-06-25,C11077,P2036,2,0.05,79.57,186.92,Apparel,373.84,18.69,355.15,159.14,4.67,7.57
O502202,2025-04-27,C10835,P2003,1,0.15,103.86,246.21,Sports,246.21,36.93,209.28,103.86,3.55,5.77
O502203,2025-11-04,C10293,P2009,1,0.05,89.03,195.13,Home,195.13,9.76,185.37,89.03,4.18,4.2
O502204,2025-05-16,C11098,P2059,1,0.05,74.58,192.13,Electronics,192.13,9.61,182.52,74.58,6.71,5.42
O502205,2025-05-06,C11178,P2070,1,0.1,80.41,185.88,Sports,185.88,18.59,167.29,80.41,3.95,5.15
O502206,2026-04-13,C10418,P2047,1,0.1,23.95,36.37,Sports,36.37,3.64,32.73,23.95,6.22,0.9
O502207,2025-05-22,C11160,P2072,1,0.1,85.85,152.66,Sports,152.66,15.27,137.39,85.85,6.8,3.42
O502208,2025-05-12,C11023,P2063,1,0.2,107.79,241.07,Sports,241.07,48.21,192.86,107.79,7.02,4.92
O502209,2025-05-14,C10032,P2052,1,0.0,85.13,212.17,Beauty,212.17,0.0,212.17,85.13,3.39,5.11
O502210,2025-03-09,C10127,P2032,1,0.0,83.59,176.17,Apparel,176.17,0.0,176.17,83.59,5.24,5.07
O502211,2025-07-27,C10938,P2078,1,0.15,80.99,151.9,Beauty,151.9,22.78,129.12,80.99,7.62,2.51
O502212,2026-03-28,C10119,P2031,2,0.25,54.53,117.07,Sports,234.14,58.54,175.6,109.06,2.77,5.31
O502213,2026-06-05,C10271,P2019,2,0.1,28.46,61.03,Sports,122.06,12.21,109.85,56.92,3.82,3.18
O502214,2026-05-02,C10427,P2009,2,0.2,89.03,195.13,Home,390.26,78.05,312.21,178.06,5.83,6.13
O502215,2025-09-29,C11126,P2041,3,0.1,53.15,104.66,Apparel,313.98,31.4,282.58,159.45,7.24,8.63
O502216,2026-06-05,C10555,P2035,1,0.25,33.04,85.13,Beauty,85.13,21.28,63.85,33.04,2.5,1.4
O502217,2026-05-13,C11064,P2005,2,0.2,21.42,39.38,Sports,78.76,15.75,63.01,42.84,5.16,1.18
O502218,2025-01-09,C10879,P2039,1,0.0,88.55,225.55,Beauty,225.55,0.0,225.55,88.55,2.74,4.55
O502219,2025-11-17,C10661,P2046,1,0.1,41.9,79.58,Sports,79.58,7.96,71.62,41.9,5.68,1.91
O502220,2025-10-04,C10691,P2003,2,0.15,103.86,246.21,Sports,492.42,73.86,418.56,207.72,4.84,11.73
O502221,2026-04-25,C10386,P2063,2,0.0,107.79,241.07,Sports,482.14,0.0,482.14,215.58,4.71,14.23
O502222,2026-01-29,C10481,P2015,1,0.15,32.67,56.68,Home,56.68,8.5,48.18,32.67,5.62,1.24
O502223,2025-05-21,C10611,P2021,1,0.05,75.19,147.18,Electronics,147.18,7.36,139.82,75.19,5.81,4.15
O502224,2025-04-03,C10749,P2059,2,0.1,74.58,192.13,Electronics,384.26,38.43,345.83,149.16,6.18,9.51
O502225,2026-02-04,C10296,P2007,1,0.15,81.19,138.2,Apparel,138.2,20.73,117.47,81.19,4.5,2.31
O502226,2026-06-27,C11133,P2051,1,0.05,21.09,56.25,Home,56.25,2.81,53.44,21.09,6.66,1.12
O502227,2025-11-02,C11110,P2021,1,0.0,75.19,147.18,Electronics,147.18,0.0,147.18,75.19,5.62,3.17
O502228,2026-01-17,C10506,P2063,3,0.2,107.79,241.07,Sports,723.21,144.64,578.57,323.37,4.76,16.09
O502229,2026-02-13,C10450,P2079,1,0.15,76.11,150.73,Apparel,150.73,22.61,128.12,76.11,5.21,3.26
O502230,2026-01-29,C10207,P2061,3,0.1,92.46,150.56,Sports,451.68,45.17,406.51,277.38,7.67,10.98
O502231,2025-06-18,C10087,P2067,1,0.0,89.48,177.38,Sports,177.38,0.0,177.38,89.48,5.93,5.27
O502232,2026-03-30,C10181,P2047,1,0.2,23.95,36.37,Sports,36.37,7.27,29.1,23.95,6.83,0.73
O502233,2025-11-04,C10183,P2037,3,0.0,19.43,42.14,Home,126.42,0.0,126.42,58.29,7.48,2.91
O502234,2026-04-29,C10513,P2005,1,0.2,21.42,39.38,Sports,39.38,7.88,31.5,21.42,6.73,0.62
O502235,2025-07-02,C11050,P2009,2,0.15,89.03,195.13,Home,390.26,58.54,331.72,178.06,6.37,7.72
O502236,2025-07-30,C10748,P2001,2,0.05,67.86,159.31,Electronics,318.62,15.93,302.69,135.72,4.86,6.5
O502237,2025-12-06,C10008,P2027,2,0.2,39.51,103.84,Electronics,207.68,41.54,166.14,79.02,5.95,5.04
O502238,2025-09-07,C10773,P2049,1,0.1,75.64,173.14,Apparel,173.14,17.31,155.83,75.64,4.29,4.31
O502239,2025-03-19,C10655,P2048,2,0.1,26.01,65.12,Home,130.24,13.02,117.22,52.02,4.94,3.34
O502240,2025-04-25,C10590,P2057,3,0.2,24.55,53.8,Beauty,161.4,32.28,129.12,73.65,3.28,2.93
O502241,2026-04-03,C10538,P2000,2,0.0,20.01,46.3,Beauty,92.6,0.0,92.6,40.02,5.78,2.61
O502242,2025-01-05,C10879,P2015,2,0.15,32.67,56.68,Home,113.36,17.0,96.36,65.34,5.95,2.65
O502243,2025-04-05,C10279,P2027,1,0.0,39.51,103.84,Electronics,103.84,0.0,103.84,39.51,6.41,2.2
O502244,2025-03-03,C10868,P2044,3,0.05,96.39,166.51,Electronics,499.53,24.98,474.55,289.17,5.65,11.92
O502245,2026-05-30,C11124,P2044,1,0.1,96.39,166.51,Electronics,166.51,16.65,149.86,96.39,7.03,3.19
O502246,2025-12-04,C10452,P2008,3,0.0,64.11,126.24,Beauty,378.72,0.0,378.72,192.33,5.73,7.32
O502247,2026-03-08,C10902,P2043,1,0.0,34.43,56.92,Electronics,56.92,0.0,56.92,34.43,5.31,1.4
O502248,2026-02-04,C10200,P2038,2,0.05,61.98,100.85,Sports,201.7,10.09,191.61,123.96,5.17,4.59
O502249,2026-04-25,C10814,P2017,1,0.1,42.64,69.06,Apparel,69.06,6.91,62.15,42.64,5.59,1.96
O502250,2025-12-20,C10956,P2047,1,0.05,23.95,36.37,Sports,36.37,1.82,34.55,23.95,7.69,0.73
O502251,2025-03-11,C10571,P2001,1,0.15,67.86,159.31,Electronics,159.31,23.9,135.41,67.86,3.78,3.99
O502252,2026-03-29,C10536,P2075,3,0.1,49.49,125.61,Electronics,376.83,37.68,339.15,148.47,5.18,9.25
O502253,2026-02-04,C10814,P2002,2,0.15,36.16,61.12,Beauty,122.24,18.34,103.9,72.32,5.44,2.63
O502254,2026-01-02,C10080,P2077,2,0.2,99.36,190.12,Apparel,380.24,76.05,304.19,198.72,6.18,8.33
O502255,2025-03-20,C10585,P2043,1,0.05,34.43,56.92,Electronics,56.92,2.85,54.07,34.43,5.98,1.37
O502256,2025-01-10,C10402,P2076,1,0.15,94.33,153.36,Apparel,153.36,23.0,130.36,94.33,2.5,2.44
O502257,2026-04-20,C11106,P2059,1,0.0,74.58,192.13,Electronics,192.13,0.0,192.13,74.58,2.86,3.86
O502258,2025-07-17,C10494,P2045,3,0.05,54.87,109.92,Sports,329.76,16.49,313.27,164.61,5.77,6.4
O502259,2025-10-03,C10732,P2000,3,0.15,20.01,46.3,Beauty,138.9,20.83,118.06,60.03,4.52,3.58
O502260,2025-11-30,C10147,P2023,1,0.05,99.43,207.17,Apparel,207.17,10.36,196.81,99.43,6.94,5.1
O502261,2026-02-01,C11142,P2068,1,0.1,54.46,128.05,Home,128.05,12.81,115.24,54.46,5.6,3.4
O502262,2026-06-19,C10682,P2066,3,0.1,21.23,45.94,Beauty,137.82,13.78,124.04,63.69,4.4,3.95
O502263,2025-08-05,C10865,P2066,2,0.1,21.23,45.94,Beauty,91.88,9.19,82.69,42.46,2.5,2.25
O502264,2026-06-01,C11172,P2061,1,0.05,92.46,150.56,Sports,150.56,7.53,143.03,92.46,3.7,4.06
O502265,2026-02-15,C10495,P2009,2,0.05,89.03,195.13,Home,390.26,19.51,370.75,178.06,6.01,11.37
O502266,2025-06-23,C10274,P2003,1,0.15,103.86,246.21,Sports,246.21,36.93,209.28,103.86,5.82,3.98
O502267,2025-04-15,C10205,P2033,1,0.1,102.58,280.83,Apparel,280.83,28.08,252.75,102.58,5.91,6.1
O502268,2025-04-28,C10207,P2044,1,0.1,96.39,166.51,Electronics,166.51,16.65,149.86,96.39,5.64,3.18
O502269,2026-05-12,C10495,P2061,3,0.1,92.46,150.56,Sports,451.68,45.17,406.51,277.38,5.65,10.51
O502270,2026-01-17,C10848,P2033,1,0.0,102.58,280.83,Apparel,280.83,0.0,280.83,102.58,4.25,5.42
O502271,2026-04-28,C10353,P2069,1,0.25,90.63,175.87,Apparel,175.87,43.97,131.9,90.63,4.5,3.82
O502272,2026-02-14,C10641,P2043,1,0.05,34.43,56.92,Electronics,56.92,2.85,54.07,34.43,6.77,1.46
O502273,2025-10-30,C10258,P2064,2,0.15,92.82,194.3,Sports,388.6,58.29,330.31,185.64,2.5,9.97
O502274,2025-04-22,C10504,P2059,2,0.15,74.58,192.13,Electronics,384.26,57.64,326.62,149.16,5.44,10.22
O502275,2026-04-30,C10459,P2065,1,0.1,74.22,160.54,Electronics,160.54,16.05,144.49,74.22,5.47,3.86
O502276,2026-03-09,C11186,P2060,1,0.0,91.93,225.41,Sports,225.41,0.0,225.41,91.93,5.2,5.06
O502277,2026-06-08,C10874,P2050,2,0.05,47.62,83.27,Beauty,166.54,8.33,158.21,95.24,4.59,2.85
O502278,2025-09-09,C10271,P2063,1,0.0,107.79,241.07,Sports,241.07,0.0,241.07,107.79,5.19,6.24
O502279,2025-03-17,C10975,P2046,1,0.0,41.9,79.58,Sports,79.58,0.0,79.58,41.9,4.34,1.93
O502280,2025-07-11,C10302,P2054,2,0.05,19.42,50.24,Beauty,100.48,5.02,95.46,38.84,6.87,2.57
O502281,2026-01-07,C11078,P2019,1,0.1,28.46,61.03,Sports,61.03,6.1,54.93,28.46,5.06,1.03
O502282,2025-07-04,C11162,P2037,1,0.2,19.43,42.14,Home,42.14,8.43,33.71,19.43,5.4,0.89
O502283,2026-06-19,C10385,P2043,2,0.2,34.43,56.92,Electronics,113.84,22.77,91.07,68.86,3.4,1.65
O502284,2025-01-14,C10710,P2014,2,0.0,105.6,279.48,Beauty,558.96,0.0,558.96,211.2,4.41,17.7
O502285,2025-09-14,C11073,P2055,1,0.1,14.94,29.55,Sports,29.55,2.96,26.6,14.94,4.66,0.79
O502286,2025-07-17,C10235,P2038,1,0.0,61.98,100.85,Sports,100.85,0.0,100.85,61.98,3.1,2.19
O502287,2025-06-29,C11002,P2001,2,0.2,67.86,159.31,Electronics,318.62,63.72,254.9,135.72,5.36,8.15
O502288,2025-06-14,C10246,P2018,1,0.15,23.1,60.58,Apparel,60.58,9.09,51.49,23.1,4.21,1.58
O502289,2026-03-24,C10800,P2010,2,0.0,105.58,212.84,Electronics,425.68,0.0,425.68,211.16,3.75,10.55
O502290,2025-11-14,C10703,P2064,2,0.05,92.82,194.3,Sports,388.6,19.43,369.17,185.64,6.53,10.8
O502291,2025-09-04,C10344,P2031,2,0.1,54.53,117.07,Sports,234.14,23.41,210.73,109.06,5.27,3.98
O502292,2025-03-27,C11016,P2042,1,0.15,21.36,43.17,Sports,43.17,6.48,36.69,21.36,4.16,0.92
O502293,2025-08-02,C10342,P2071,1,0.0,72.34,202.22,Beauty,202.22,0.0,202.22,72.34,4.25,3.65
O502294,2025-01-13,C11039,P2067,2,0.1,89.48,177.38,Sports,354.76,35.48,319.28,178.96,5.72,8.22
O502295,2026-02-25,C10150,P2040,1,0.05,46.24,112.16,Electronics,112.16,5.61,106.55,46.24,5.4,3.33
O502296,2026-03-18,C10134,P2034,1,0.25,84.74,206.91,Electronics,206.91,51.73,155.18,84.74,5.93,4.95
O502297,2025-01-21,C11136,P2075,1,0.05,49.49,125.61,Electronics,125.61,6.28,119.33,49.49,5.7,2.84
O502298,2025-02-01,C10330,P2075,1,0.0,49.49,125.61,Electronics,125.61,0.0,125.61,49.49,3.81,2.93
O502299,2025-12-20,C10748,P2006,2,0.0,90.83,200.16,Electronics,400.32,0.0,400.32,181.66,5.38,11.63
O502300,2025-09-14,C10031,P2005,2,0.15,21.42,39.38,Sports,78.76,11.81,66.95,42.84,5.75,1.87
O502301,2026-05-30,C11157,P2015,1,0.0,32.67,56.68,Home,56.68,0.0,56.68,32.67,6.54,1.37
O502302,2026-01-25,C10815,P2062,2,0.1,69.71,151.88,Beauty,303.76,30.38,273.38,139.42,3.9,6.18
O502303,2025-02-05,C10910,P2022,2,0.0,39.69,79.46,Beauty,158.92,0.0,158.92,79.38,4.15,4.75
O502304,2025-05-17,C10608,P2024,1,0.25,38.64,85.56,Electronics,85.56,21.39,64.17,38.64,4.44,1.51
O502305,2026-01-03,C10589,P2042,3,0.15,21.36,43.17,Sports,129.51,19.43,110.08,64.08,5.29,2.66
O502306,2025-05-07,C10243,P2024,1,0.1,38.64,85.56,Electronics,85.56,8.56,77.0,38.64,4.84,2.04
O502307,2026-06-01,C10691,P2062,1,0.15,69.71,151.88,Beauty,151.88,22.78,129.1,69.71,6.78,3.08
O502308,2025-02-04,C10915,P2020,2,0.0,96.28,147.84,Home,295.68,0.0,295.68,192.56,6.55,8.82
O502309,2025-12-03,C10167,P2029,2,0.1,30.95,55.54,Apparel,111.08,11.11,99.97,61.9,5.01,2.43
O502310,2026-01-09,C10458,P2046,2,0.0,41.9,79.58,Sports,159.16,0.0,159.16,83.8,4.24,5.05
O502311,2026-06-21,C10740,P2073,1,0.15,103.53,278.8,Apparel,278.8,41.82,236.98,103.53,6.35,5.54
O502312,2025-01-11,C10987,P2016,1,0.15,23.99,66.65,Electronics,66.65,10.0,56.65,23.99,6.14,1.53
O502313,2025-03-18,C10462,P2019,1,0.0,28.46,61.03,Sports,61.03,0.0,61.03,28.46,3.86,1.91
O502314,2025-09-06,C10866,P2005,2,0.0,21.42,39.38,Sports,78.76,0.0,78.76,42.84,6.02,1.65
O502315,2025-10-10,C10465,P2069,1,0.2,90.63,175.87,Apparel,175.87,35.17,140.7,90.63,5.32,3.25
O502316,2025-02-26,C10775,P2007,2,0.2,81.19,138.2,Apparel,276.4,55.28,221.12,162.38,4.92,6.79
O502317,2025-06-18,C11069,P2052,2,0.15,85.13,212.17,Beauty,424.34,63.65,360.69,170.26,5.46,10.27
O502318,2026-05-06,C10708,P2019,1,0.0,28.46,61.03,Sports,61.03,0.0,61.03,28.46,5.95,1.34
O502319,2026-03-20,C10842,P2055,2,0.2,14.94,29.55,Sports,59.1,11.82,47.28,29.88,5.26,1.09
O502320,2025-11-26,C10540,P2007,1,0.0,81.19,138.2,Apparel,138.2,0.0,138.2,81.19,8.25,2.68
O502321,2025-09-13,C11008,P2025,2,0.05,59.62,149.3,Electronics,298.6,14.93,283.67,119.24,3.43,8.62
O502322,2026-02-01,C10834,P2024,1,0.0,38.64,85.56,Electronics,85.56,0.0,85.56,38.64,4.02,2.28
O502323,2026-01-05,C10796,P2067,1,0.15,89.48,177.38,Sports,177.38,26.61,150.77,89.48,4.4,3.46
O502324,2026-05-11,C10710,P2013,1,0.05,14.91,32.18,Beauty,32.18,1.61,30.57,14.91,4.7,0.91
O502325,2026-04-17,C11155,P2035,2,0.0,33.04,85.13,Beauty,170.26,0.0,170.26,66.08,6.87,3.81
O502326,2025-12-05,C10593,P2068,2,0.1,54.46,128.05,Home,256.1,25.61,230.49,108.92,6.11,7.34
O502327,2025-02-21,C10880,P2070,2,0.05,80.41,185.88,Sports,371.76,18.59,353.17,160.82,6.26,10.65
O502328,2025-05-25,C10960,P2049,2,0.2,75.64,173.14,Apparel,346.28,69.26,277.02,151.28,3.78,5.95
O502329,2025-04-02,C11041,P2007,3,0.0,81.19,138.2,Apparel,414.6,0.0,414.6,243.57,7.26,12.48
O502330,2025-01-29,C10794,P2071,1,0.1,72.34,202.22,Beauty,202.22,20.22,182.0,72.34,4.63,3.29
O502331,2026-03-21,C11155,P2078,2,0.0,80.99,151.9,Beauty,303.8,0.0,303.8,161.98,5.99,6.51
O502332,2025-03-01,C10693,P2048,1,0.15,26.01,65.12,Home,65.12,9.77,55.35,26.01,6.31,1.23
O502333,2025-08-10,C10473,P2072,1,0.0,85.85,152.66,Sports,152.66,0.0,152.66,85.85,5.46,3.1
O502334,2026-05-03,C10681,P2044,1,0.0,96.39,166.51,Electronics,166.51,0.0,166.51,96.39,6.79,5.3
O502335,2025-12-21,C10680,P2054,1,0.1,19.42,50.24,Beauty,50.24,5.02,45.22,19.42,7.03,1.06
O502336,2026-04-13,C11019,P2051,2,0.1,21.09,56.25,Home,112.5,11.25,101.25,42.18,3.7,2.08
O502337,2025-12-13,C10426,P2008,1,0.15,64.11,126.24,Beauty,126.24,18.94,107.3,64.11,2.5,2.96
O502338,2026-05-10,C10281,P2016,1,0.1,23.99,66.65,Electronics,66.65,6.67,59.99,23.99,2.5,1.13
O502339,2026-04-10,C10140,P2056,1,0.0,12.18,29.13,Home,29.13,0.0,29.13,12.18,5.59,0.83
O502340,2026-01-05,C10075,P2024,2,0.05,38.64,85.56,Electronics,171.12,8.56,162.56,77.28,3.63,5.1
O502341,2026-02-21,C10996,P2033,2,0.2,102.58,280.83,Apparel,561.66,112.33,449.33,205.16,3.72,12.69
O502342,2025-10-16,C11004,P2035,1,0.05,33.04,85.13,Beauty,85.13,4.26,80.87,33.04,3.67,1.94
O502343,2025-03-08,C10510,P2043,3,0.05,34.43,56.92,Electronics,170.76,8.54,162.22,103.29,5.07,3.66
O502344,2025-03-19,C10186,P2067,3,0.15,89.48,177.38,Sports,532.14,79.82,452.32,268.44,4.64,11.04
O502345,2025-11-11,C10578,P2032,2,0.2,83.59,176.17,Apparel,352.34,70.47,281.87,167.18,5.65,5.39
O502346,2025-03-13,C10961,P2069,3,0.1,90.63,175.87,Apparel,527.61,52.76,474.85,271.89,4.48,8.81
O502347,2025-06-03,C10415,P2059,1,0.2,74.58,192.13,Electronics,192.13,38.43,153.7,74.58,5.11,4.15
O502348,2026-05-15,C10031,P2034,3,0.25,84.74,206.91,Electronics,620.73,155.18,465.55,254.22,5.39,10.82
O502349,2025-04-07,C10670,P2018,1,0.15,23.1,60.58,Apparel,60.58,9.09,51.49,23.1,2.84,1.55
O502350,2025-09-10,C10082,P2076,1,0.1,94.33,153.36,Apparel,153.36,15.34,138.02,94.33,7.71,3.29
O502351,2025-03-03,C10214,P2029,3,0.1,30.95,55.54,Apparel,166.62,16.66,149.96,92.85,6.89,4.57
O502352,2026-01-24,C10577,P2057,2,0.0,24.55,53.8,Beauty,107.6,0.0,107.6,49.1,6.88,3.26
O502353,2025-05-20,C11020,P2016,2,0.0,23.99,66.65,Electronics,133.3,0.0,133.3,47.98,6.67,2.4
O502354,2025-05-07,C10832,P2010,2,0.25,105.58,212.84,Electronics,425.68,106.42,319.26,211.16,4.84,7.47
O502355,2026-06-08,C10975,P2055,2,0.1,14.94,29.55,Sports,59.1,5.91,53.19,29.88,7.7,1.42
O502356,2025-07-13,C11025,P2007,1,0.1,81.19,138.2,Apparel,138.2,13.82,124.38,81.19,3.73,2.52
O502357,2025-04-21,C10084,P2078,1,0.05,80.99,151.9,Beauty,151.9,7.6,144.3,80.99,7.02,3.28
O502358,2025-06-09,C10582,P2074,3,0.15,60.53,130.38,Sports,391.14,58.67,332.47,181.59,5.08,6.5
O502359,2025-11-22,C10038,P2078,2,0.2,80.99,151.9,Beauty,303.8,60.76,243.04,161.98,5.33,7.65
O502360,2026-02-12,C11070,P2031,2,0.0,54.53,117.07,Sports,234.14,0.0,234.14,109.06,2.91,4.38
O502361,2025-01-04,C10524,P2056,1,0.05,12.18,29.13,Home,29.13,1.46,27.67,12.18,4.47,0.77
O502362,2026-03-14,C10950,P2019,3,0.05,28.46,61.03,Sports,183.09,9.15,173.94,85.38,5.18,4.73
O502363,2025-07-12,C10381,P2048,2,0.05,26.01,65.12,Home,130.24,6.51,123.73,52.02,4.84,2.37
O502364,2025-10-12,C10590,P2042,1,0.2,21.36,43.17,Sports,43.17,8.63,34.54,21.36,4.5,1.04
O502365,2025-02-05,C10527,P2067,2,0.0,89.48,177.38,Sports,354.76,0.0,354.76,178.96,4.42,7.36
O502366,2026-05-04,C10226,P2069,1,0.0,90.63,175.87,Apparel,175.87,0.0,175.87,90.63,5.83,4.27
O502367,2025-03-06,C10939,P2018,2,0.15,23.1,60.58,Apparel,121.16,18.17,102.99,46.2,5.0,3.08
O502368,2026-01-31,C10899,P2026,2,0.2,25.88,63.53,Beauty,127.06,25.41,101.65,51.76,7.4,2.83
O502369,2025-12-01,C11099,P2021,2,0.1,75.19,147.18,Electronics,294.36,29.44,264.92,150.38,2.87,7.08
O502370,2026-03-18,C10577,P2052,1,0.25,85.13,212.17,Beauty,212.17,53.04,159.13,85.13,7.62,4.24
O502371,2026-05-22,C11170,P2002,3,0.0,36.16,61.12,Beauty,183.36,0.0,183.36,108.48,3.89,4.48
O502372,2025-01-30,C10839,P2010,1,0.0,105.58,212.84,Electronics,212.84,0.0,212.84,105.58,4.47,6.36
O502373,2026-01-23,C10144,P2077,2,0.15,99.36,190.12,Apparel,380.24,57.04,323.2,198.72,5.02,8.1
O502374,2025-03-30,C10308,P2038,1,0.0,61.98,100.85,Sports,100.85,0.0,100.85,61.98,3.71,2.17
O502375,2025-01-14,C10642,P2074,1,0.1,60.53,130.38,Sports,130.38,13.04,117.34,60.53,5.66,3.56
O502376,2026-01-03,C10559,P2063,2,0.0,107.79,241.07,Sports,482.14,0.0,482.14,215.58,3.6,12.23
O502377,2026-02-17,C10055,P2009,2,0.05,89.03,195.13,Home,390.26,19.51,370.75,178.06,4.93,8.8
O502378,2025-12-04,C11145,P2008,2,0.0,64.11,126.24,Beauty,252.48,0.0,252.48,128.22,6.55,5.62
O502379,2025-11-08,C10578,P2056,1,0.15,12.18,29.13,Home,29.13,4.37,24.76,12.18,4.92,0.78
O502380,2026-02-20,C11176,P2022,2,0.15,39.69,79.46,Beauty,158.92,23.84,135.08,79.38,4.96,3.69
O502381,2025-06-01,C10471,P2041,1,0.15,53.15,104.66,Apparel,104.66,15.7,88.96,53.15,4.04,2.23
O502382,2026-03-17,C10853,P2008,3,0.05,64.11,126.24,Beauty,378.72,18.94,359.78,192.33,5.38,7.04
O502383,2026-05-03,C11160,P2012,2,0.1,91.5,250.58,Home,501.16,50.12,451.04,183.0,5.45,13.13
O502384,2026-02-04,C11166,P2044,1,0.05,96.39,166.51,Electronics,166.51,8.33,158.18,96.39,4.48,4.65
O502385,2026-01-25,C11118,P2013,3,0.2,14.91,32.18,Beauty,96.54,19.31,77.23,44.73,5.61,2.01
O502386,2025-11-02,C10966,P2070,1,0.05,80.41,185.88,Sports,185.88,9.29,176.59,80.41,5.06,3.26
O502387,2025-11-27,C10011,P2038,3,0.15,61.98,100.85,Sports,302.55,45.38,257.17,185.94,2.5,6.58
O502388,2025-07-15,C10498,P2032,1,0.2,83.59,176.17,Apparel,176.17,35.23,140.94,83.59,5.86,3.7
O502389,2025-07-19,C10671,P2050,3,0.15,47.62,83.27,Beauty,249.81,37.47,212.34,142.86,4.06,4.43
O502390,2025-01-08,C10826,P2000,2,0.25,20.01,46.3,Beauty,92.6,23.15,69.45,40.02,5.32,2.1
O502391,2025-02-18,C11084,P2046,1,0.0,41.9,79.58,Sports,79.58,0.0,79.58,41.9,4.11,2.49
O502392,2026-04-06,C11017,P2008,2,0.2,64.11,126.24,Beauty,252.48,50.5,201.98,128.22,6.67,5.22
O502393,2025-04-24,C10287,P2007,3,0.15,81.19,138.2,Apparel,414.6,62.19,352.41,243.57,4.82,9.05
O502394,2026-02-25,C10878,P2017,1,0.15,42.64,69.06,Apparel,69.06,10.36,58.7,42.64,4.21,1.84
O502395,2026-01-22,C10046,P2012,1,0.1,91.5,250.58,Home,250.58,25.06,225.52,91.5,4.03,5.23
O502396,2025-11-15,C10784,P2018,1,0.05,23.1,60.58,Apparel,60.58,3.03,57.55,23.1,6.23,1.52
O502397,2026-06-01,C10756,P2017,1,0.05,42.64,69.06,Apparel,69.06,3.45,65.61,42.64,6.78,2.05
O502398,2025-05-14,C10022,P2005,1,0.05,21.42,39.38,Sports,39.38,1.97,37.41,21.42,6.91,0.77
O502399,2026-02-01,C10377,P2052,1,0.1,85.13,212.17,Beauty,212.17,21.22,190.95,85.13,3.91,3.64
O502400,2025-11-18,C11088,P2076,3,0.05,94.33,153.36,Apparel,460.08,23.0,437.08,282.99,4.85,11.24
O502401,2025-01-07,C11025,P2019,2,0.05,28.46,61.03,Sports,122.06,6.1,115.96,56.92,4.38,3.63
O502402,2026-02-13,C10361,P2055,1,0.15,14.94,29.55,Sports,29.55,4.43,25.12,14.94,3.62,0.72
O502403,2025-06-09,C11145,P2030,1,0.05,81.44,160.67,Electronics,160.67,8.03,152.64,81.44,3.55,4.5
O502404,2026-03-31,C10812,P2069,1,0.05,90.63,175.87,Apparel,175.87,8.79,167.08,90.63,6.35,3.3
O502405,2025-03-01,C10920,P2074,3,0.25,60.53,130.38,Sports,391.14,97.78,293.36,181.59,4.18,7.34
O502406,2025-09-01,C10118,P2044,1,0.1,96.39,166.51,Electronics,166.51,16.65,149.86,96.39,6.29,2.91
O502407,2025-06-11,C10440,P2076,1,0.1,94.33,153.36,Apparel,153.36,15.34,138.02,94.33,5.92,4.15
O502408,2025-06-29,C10730,P2057,1,0.05,24.55,53.8,Beauty,53.8,2.69,51.11,24.55,7.72,1.58
O502409,2025-05-14,C10266,P2067,1,0.0,89.48,177.38,Sports,177.38,0.0,177.38,89.48,5.76,4.81
O502410,2026-04-05,C10543,P2070,3,0.1,80.41,185.88,Sports,557.64,55.76,501.88,241.23,6.34,14.9
O502411,2026-02-12,C10124,P2067,1,0.2,89.48,177.38,Sports,177.38,35.48,141.9,89.48,4.48,4.03
O502412,2025-08-17,C10236,P2039,1,0.1,88.55,225.55,Beauty,225.55,22.56,203.0,88.55,3.05,3.75
O502413,2025-09-29,C10525,P2008,1,0.15,64.11,126.24,Beauty,126.24,18.94,107.3,64.11,4.86,2.46
O502414,2025-05-29,C11180,P2023,1,0.1,99.43,207.17,Apparel,207.17,20.72,186.45,99.43,5.31,5.74
O502415,2025-08-25,C10874,P2076,2,0.25,94.33,153.36,Apparel,306.72,76.68,230.04,188.66,5.84,6.34
O502416,2025-08-31,C10726,P2039,3,0.2,88.55,225.55,Beauty,676.65,135.33,541.32,265.65,7.19,13.17
O502417,2025-09-07,C11057,P2017,2,0.1,42.64,69.06,Apparel,138.12,13.81,124.31,85.28,4.57,3.25
O502418,2025-07-19,C10655,P2010,1,0.05,105.58,212.84,Electronics,212.84,10.64,202.2,105.58,6.65,5.31
O502419,2026-04-10,C10459,P2046,3,0.1,41.9,79.58,Sports,238.74,23.87,214.87,125.7,4.77,6.33
O502420,2026-01-24,C11158,P2051,1,0.1,21.09,56.25,Home,56.25,5.62,50.62,21.09,6.27,1.29
O502421,2025-09-07,C10279,P2072,2,0.0,85.85,152.66,Sports,305.32,0.0,305.32,171.7,8.87,6.98
O502422,2026-01-01,C11029,P2057,2,0.2,24.55,53.8,Beauty,107.6,21.52,86.08,49.1,8.07,2.18
O502423,2025-06-12,C10380,P2028,1,0.05,49.21,76.08,Beauty,76.08,3.8,72.28,49.21,6.29,2.25
O502424,2025-11-19,C10565,P2049,3,0.0,75.64,173.14,Apparel,519.42,0.0,519.42,226.92,5.09,13.68
O502425,2026-04-17,C10901,P2004,2,0.1,82.13,229.05,Sports,458.1,45.81,412.29,164.26,4.83,9.45
O502426,2025-12-21,C10337,P2044,3,0.15,96.39,166.51,Electronics,499.53,74.93,424.6,289.17,3.39,11.68
O502427,2025-07-10,C10709,P2070,1,0.0,80.41,185.88,Sports,185.88,0.0,185.88,80.41,4.95,4.75
O502428,2025-09-26,C10173,P2023,2,0.1,99.43,207.17,Apparel,414.34,41.43,372.91,198.86,5.87,7.6
O502429,2025-10-27,C10735,P2069,2,0.2,90.63,175.87,Apparel,351.74,70.35,281.39,181.26,6.23,7.76
O502430,2025-10-12,C10872,P2017,2,0.2,42.64,69.06,Apparel,138.12,27.62,110.5,85.28,5.7,3.5
O502431,2025-09-17,C10452,P2050,3,0.15,47.62,83.27,Beauty,249.81,37.47,212.34,142.86,5.02,4.75
O502432,2025-08-22,C10790,P2066,1,0.2,21.23,45.94,Beauty,45.94,9.19,36.75,21.23,6.98,0.84
O502433,2026-05-18,C10146,P2060,2,0.1,91.93,225.41,Sports,450.82,45.08,405.74,183.86,6.73,11.13
O502434,2025-06-19,C11054,P2045,1,0.1,54.87,109.92,Sports,109.92,10.99,98.93,54.87,2.5,2.97
O502435,2025-07-01,C10393,P2025,3,0.1,59.62,149.3,Electronics,447.9,44.79,403.11,178.86,3.59,9.82
O502436,2026-01-18,C10028,P2064,1,0.1,92.82,194.3,Sports,194.3,19.43,174.87,92.82,4.16,4.14
O502437,2025-10-09,C10853,P2049,1,0.2,75.64,173.14,Apparel,173.14,34.63,138.51,75.64,4.77,4.31
O502438,2026-05-05,C10740,P2020,1,0.15,96.28,147.84,Home,147.84,22.18,125.66,96.28,3.27,3.91
O502439,2025-09-16,C10030,P2032,2,0.25,83.59,176.17,Apparel,352.34,88.08,264.26,167.18,6.52,7.42
O502440,2026-06-30,C11048,P2072,3,0.1,85.85,152.66,Sports,457.98,45.8,412.18,257.55,3.51,11.86
O502441,2025-10-24,C11036,P2050,3,0.0,47.62,83.27,Beauty,249.81,0.0,249.81,142.86,5.62,5.01
O502442,2025-10-22,C10400,P2022,1,0.1,39.69,79.46,Beauty,79.46,7.95,71.51,39.69,6.02,2.07
O502443,2025-05-23,C10329,P2048,1,0.05,26.01,65.12,Home,65.12,3.26,61.86,26.01,4.53,1.84
O502444,2025-05-20,C11088,P2077,1,0.0,99.36,190.12,Apparel,190.12,0.0,190.12,99.36,4.62,4.44
O502445,2026-02-04,C11041,P2048,1,0.0,26.01,65.12,Home,65.12,0.0,65.12,26.01,2.5,1.86
O502446,2025-06-06,C10501,P2070,3,0.0,80.41,185.88,Sports,557.64,0.0,557.64,241.23,2.93,11.59
O502447,2026-06-16,C11165,P2005,3,0.2,21.42,39.38,Sports,118.14,23.63,94.51,64.26,4.24,1.75
O502448,2026-01-16,C10572,P2030,2,0.15,81.44,160.67,Electronics,321.34,48.2,273.14,162.88,9.33,8.4
O502449,2025-09-03,C11195,P2072,2,0.15,85.85,152.66,Sports,305.32,45.8,259.52,171.7,5.32,7.08
O502450,2025-07-17,C10816,P2027,1,0.0,39.51,103.84,Electronics,103.84,0.0,103.84,39.51,4.41,2.63
O502451,2025-01-17,C10822,P2002,1,0.0,36.16,61.12,Beauty,61.12,0.0,61.12,36.16,6.16,1.52
O502452,2025-10-09,C10296,P2034,2,0.1,84.74,206.91,Electronics,413.82,41.38,372.44,169.48,6.85,10.36
O502453,2025-09-20,C11039,P2028,3,0.0,49.21,76.08,Beauty,228.24,0.0,228.24,147.63,5.72,4.28
O502454,2025-03-11,C10811,P2001,3,0.05,67.86,159.31,Electronics,477.93,23.9,454.03,203.58,6.41,10.52
O502455,2025-05-09,C10593,P2044,1,0.15,96.39,166.51,Electronics,166.51,24.98,141.53,96.39,5.87,2.65
O502456,2026-04-12,C10946,P2021,1,0.0,75.19,147.18,Electronics,147.18,0.0,147.18,75.19,4.11,2.78
O502457,2025-02-26,C10271,P2058,2,0.1,56.31,124.87,Electronics,249.74,24.97,224.77,112.62,2.5,6.99
O502458,2025-09-07,C10707,P2077,1,0.1,99.36,190.12,Apparel,190.12,19.01,171.11,99.36,2.98,4.62
O502459,2025-07-08,C10193,P2050,2,0.1,47.62,83.27,Beauty,166.54,16.65,149.89,95.24,5.6,3.83
O502460,2025-07-15,C11079,P2037,2,0.1,19.43,42.14,Home,84.28,8.43,75.85,38.86,4.99,2.26
O502461,2025-10-08,C10879,P2030,1,0.05,81.44,160.67,Electronics,160.67,8.03,152.64,81.44,5.19,2.96
O502462,2025-01-21,C11015,P2037,2,0.25,19.43,42.14,Home,84.28,21.07,63.21,38.86,6.48,1.28
O502463,2025-11-24,C10956,P2067,3,0.15,89.48,177.38,Sports,532.14,79.82,452.32,268.44,3.96,12.17
O502464,2026-03-13,C10990,P2045,3,0.05,54.87,109.92,Sports,329.76,16.49,313.27,164.61,3.33,8.39
O502465,2025-10-18,C10326,P2018,2,0.15,23.1,60.58,Apparel,121.16,18.17,102.99,46.2,5.11,2.16
O502466,2025-05-22,C10283,P2012,2,0.25,91.5,250.58,Home,501.16,125.29,375.87,183.0,7.72,11.39
O502467,2026-03-14,C10597,P2005,2,0.2,21.42,39.38,Sports,78.76,15.75,63.01,42.84,5.52,1.15
O502468,2025-09-03,C11196,P2028,1,0.1,49.21,76.08,Beauty,76.08,7.61,68.47,49.21,6.37,1.86
O502469,2025-08-23,C10931,P2033,2,0.0,102.58,280.83,Apparel,561.66,0.0,561.66,205.16,3.2,16.32
O502470,2026-04-07,C10647,P2049,3,0.05,75.64,173.14,Apparel,519.42,25.97,493.45,226.92,6.36,9.69
O502471,2026-03-04,C11179,P2054,1,0.25,19.42,50.24,Beauty,50.24,12.56,37.68,19.42,7.12,1.15
O502472,2026-02-13,C10857,P2065,1,0.0,74.22,160.54,Electronics,160.54,0.0,160.54,74.22,6.67,5.07
O502473,2025-07-12,C10910,P2074,1,0.0,60.53,130.38,Sports,130.38,0.0,130.38,60.53,6.35,3.74
O502474,2025-02-26,C11179,P2063,1,0.05,107.79,241.07,Sports,241.07,12.05,229.02,107.79,4.96,5.03
O502475,2025-07-16,C10037,P2047,1,0.0,23.95,36.37,Sports,36.37,0.0,36.37,23.95,4.98,0.67
O502476,2025-03-14,C10516,P2028,2,0.05,49.21,76.08,Beauty,152.16,7.61,144.55,98.42,4.71,4.39
O502477,2025-12-16,C10044,P2016,1,0.1,23.99,66.65,Electronics,66.65,6.67,59.99,23.99,6.12,1.48
O502478,2025-08-29,C10186,P2040,1,0.05,46.24,112.16,Electronics,112.16,5.61,106.55,46.24,6.01,1.94
O502479,2025-05-22,C10731,P2018,1,0.1,23.1,60.58,Apparel,60.58,6.06,54.52,23.1,5.86,1.68
O502480,2026-04-22,C11033,P2062,2,0.05,69.71,151.88,Beauty,303.76,15.19,288.57,139.42,6.0,7.9
O502481,2025-09-23,C10788,P2065,2,0.1,74.22,160.54,Electronics,321.08,32.11,288.97,148.44,4.55,7.46
O502482,2026-03-06,C10871,P2062,2,0.0,69.71,151.88,Beauty,303.76,0.0,303.76,139.42,5.68,5.64
O502483,2025-09-10,C10920,P2067,1,0.0,89.48,177.38,Sports,177.38,0.0,177.38,89.48,6.12,4.17
O502484,2025-06-13,C10166,P2046,3,0.0,41.9,79.58,Sports,238.74,0.0,238.74,125.7,4.23,5.45
O502485,2025-04-19,C10563,P2065,2,0.15,74.22,160.54,Electronics,321.08,48.16,272.92,148.44,5.87,7.03
O502486,2025-10-25,C10104,P2012,1,0.1,91.5,250.58,Home,250.58,25.06,225.52,91.5,4.06,4.22
O502487,2026-02-10,C10521,P2046,3,0.15,41.9,79.58,Sports,238.74,35.81,202.93,125.7,5.7,4.21
O502488,2026-01-27,C10240,P2067,1,0.25,89.48,177.38,Sports,177.38,44.34,133.04,89.48,4.8,3.05
O502489,2026-03-03,C10071,P2024,1,0.1,38.64,85.56,Electronics,85.56,8.56,77.0,38.64,2.5,1.9
O502490,2025-01-31,C10316,P2037,1,0.0,19.43,42.14,Home,42.14,0.0,42.14,19.43,6.45,1.23
O502491,2025-03-15,C10356,P2070,1,0.0,80.41,185.88,Sports,185.88,0.0,185.88,80.41,5.29,3.95
O502492,2025-10-22,C11135,P2063,1,0.1,107.79,241.07,Sports,241.07,24.11,216.96,107.79,4.96,4.31
O502493,2025-08-29,C10956,P2012,1,0.05,91.5,250.58,Home,250.58,12.53,238.05,91.5,5.89,6.95
O502494,2025-01-20,C10034,P2049,1,0.05,75.64,173.14,Apparel,173.14,8.66,164.48,75.64,3.98,3.61
O502495,2025-02-24,C10693,P2021,1,0.15,75.19,147.18,Electronics,147.18,22.08,125.1,75.19,5.78,2.49
O502496,2025-04-08,C10601,P2078,2,0.0,80.99,151.9,Beauty,303.8,0.0,303.8,161.98,6.02,9.49
O502497,2026-05-09,C10174,P2012,1,0.15,91.5,250.58,Home,250.58,37.59,212.99,91.5,4.86,5.47
O502498,2025-07-31,C10785,P2020,2,0.05,96.28,147.84,Home,295.68,14.78,280.9,192.56,2.5,7.52
O502499,2025-06-21,C10731,P2058,3,0.15,56.31,124.87,Electronics,374.61,56.19,318.42,168.93,4.54,8.89
O502500,2025-11-14,C10481,P2038,2,0.1,61.98,100.85,Sports,201.7,20.17,181.53,123.96,4.62,4.66
O502501,2025-08-08,C10512,P2034,1,0.05,84.74,206.91,Electronics,206.91,10.35,196.56,84.74,4.18,4.56
O502502,2025-09-05,C10537,P2057,3,0.1,24.55,53.8,Beauty,161.4,16.14,145.26,73.65,5.18,4.16
O502503,2025-03-26,C10191,P2037,1,0.15,19.43,42.14,Home,42.14,6.32,35.82,19.43,6.28,0.74
O502504,2025-09-06,C10626,P2012,2,0.05,91.5,250.58,Home,501.16,25.06,476.1,183.0,3.42,9.33
O502505,2026-05-01,C10051,P2072,3,0.05,85.85,152.66,Sports,457.98,22.9,435.08,257.55,6.53,13.19
O502506,2026-02-27,C10660,P2073,2,0.05,103.53,278.8,Apparel,557.6,27.88,529.72,207.06,7.09,15.79
O502507,2026-03-19,C10618,P2050,1,0.0,47.62,83.27,Beauty,83.27,0.0,83.27,47.62,4.91,2.59
O502508,2025-10-30,C10325,P2049,1,0.25,75.64,173.14,Apparel,173.14,43.28,129.85,75.64,5.03,3.81
O502509,2025-03-20,C10089,P2073,1,0.15,103.53,278.8,Apparel,278.8,41.82,236.98,103.53,6.59,6.74
O502510,2026-03-27,C10003,P2005,2,0.0,21.42,39.38,Sports,78.76,0.0,78.76,42.84,7.06,1.6
O502511,2026-06-14,C10197,P2065,1,0.1,74.22,160.54,Electronics,160.54,16.05,144.49,74.22,7.73,3.31
O502512,2026-05-27,C10980,P2046,1,0.1,41.9,79.58,Sports,79.58,7.96,71.62,41.9,3.63,2.22
O502513,2025-04-23,C10795,P2001,1,0.1,67.86,159.31,Electronics,159.31,15.93,143.38,67.86,2.66,3.32
O502514,2026-04-19,C10410,P2003,2,0.15,103.86,246.21,Sports,492.42,73.86,418.56,207.72,3.83,11.06
O502515,2025-09-15,C10315,P2059,2,0.1,74.58,192.13,Electronics,384.26,38.43,345.83,149.16,6.87,8.81
O502516,2025-12-14,C10529,P2036,1,0.05,79.57,186.92,Apparel,186.92,9.35,177.57,79.57,5.32,3.63
O502517,2025-06-11,C10531,P2028,2,0.0,49.21,76.08,Beauty,152.16,0.0,152.16,98.42,4.6,3.41
O502518,2026-02-21,C11083,P2067,2,0.25,89.48,177.38,Sports,354.76,88.69,266.07,178.96,4.4,7.58
O502519,2025-05-02,C10465,P2066,1,0.05,21.23,45.94,Beauty,45.94,2.3,43.64,21.23,6.1,1.09
O502520,2025-07-17,C10599,P2015,3,0.0,32.67,56.68,Home,170.04,0.0,170.04,98.01,4.44,4.59
O502521,2025-09-02,C10347,P2002,1,0.2,36.16,61.12,Beauty,61.12,12.22,48.9,36.16,3.91,1.41
O502522,2025-11-02,C10833,P2030,2,0.1,81.44,160.67,Electronics,321.34,32.13,289.21,162.88,6.23,8.58
O502523,2025-10-26,C10498,P2060,2,0.0,91.93,225.41,Sports,450.82,0.0,450.82,183.86,5.09,10.82
O502524,2025-05-01,C10701,P2025,1,0.05,59.62,149.3,Electronics,149.3,7.47,141.84,59.62,4.29,3.21
O502525,2025-06-03,C10967,P2019,1,0.15,28.46,61.03,Sports,61.03,9.15,51.88,28.46,5.67,1.03
O502526,2026-04-30,C10254,P2032,2,0.0,83.59,176.17,Apparel,352.34,0.0,352.34,167.18,5.61,8.04
O502527,2025-12-09,C10149,P2041,1,0.0,53.15,104.66,Apparel,104.66,0.0,104.66,53.15,5.67,2.13
O502528,2025-08-10,C10839,P2055,2,0.1,14.94,29.55,Sports,59.1,5.91,53.19,29.88,7.32,1.11
O502529,2026-06-21,C10561,P2075,3,0.15,49.49,125.61,Electronics,376.83,56.52,320.31,148.47,6.78,8.56
O502530,2025-04-06,C11194,P2075,2,0.15,49.49,125.61,Electronics,251.22,37.68,213.54,98.98,4.98,6.21
O502531,2025-09-11,C10177,P2039,2,0.0,88.55,225.55,Beauty,451.1,0.0,451.1,177.1,3.61,13.2
O502532,2025-07-15,C10585,P2049,2,0.0,75.64,173.14,Apparel,346.28,0.0,346.28,151.28,4.45,6.4
O502533,2026-05-25,C10273,P2006,2,0.1,90.83,200.16,Electronics,400.32,40.03,360.29,181.66,6.7,8.16
O502534,2025-06-10,C10657,P2037,1,0.1,19.43,42.14,Home,42.14,4.21,37.93,19.43,5.0,0.8
O502535,2026-06-24,C11100,P2061,1,0.05,92.46,150.56,Sports,150.56,7.53,143.03,92.46,2.5,3.66
O502536,2025-12-05,C11053,P2023,1,0.0,99.43,207.17,Apparel,207.17,0.0,207.17,99.43,7.25,5.32
O502537,2025-05-01,C10504,P2049,1,0.1,75.64,173.14,Apparel,173.14,17.31,155.83,75.64,3.56,3.38
O502538,2025-10-21,C10427,P2029,1,0.15,30.95,55.54,Apparel,55.54,8.33,47.21,30.95,3.91,0.95
O502539,2026-05-25,C10421,P2058,3,0.0,56.31,124.87,Electronics,374.61,0.0,374.61,168.93,6.97,7.2
O502540,2026-05-23,C10911,P2016,1,0.1,23.99,66.65,Electronics,66.65,6.67,59.99,23.99,4.06,1.7
O502541,2025-03-24,C10239,P2047,1,0.1,23.95,36.37,Sports,36.37,3.64,32.73,23.95,6.01,0.98
O502542,2025-12-11,C10819,P2051,2,0.05,21.09,56.25,Home,112.5,5.62,106.88,42.18,6.26,2.68
O502543,2026-03-23,C10763,P2021,2,0.0,75.19,147.18,Electronics,294.36,0.0,294.36,150.38,5.21,9.02
O502544,2026-03-02,C10236,P2017,2,0.0,42.64,69.06,Apparel,138.12,0.0,138.12,85.28,5.18,3.9
O502545,2026-01-21,C10821,P2017,2,0.1,42.64,69.06,Apparel,138.12,13.81,124.31,85.28,4.99,3.04
O502546,2025-03-06,C10068,P2032,1,0.25,83.59,176.17,Apparel,176.17,44.04,132.13,83.59,4.05,3.97
O502547,2025-01-18,C10144,P2008,1,0.15,64.11,126.24,Beauty,126.24,18.94,107.3,64.11,2.5,2.75
O502548,2026-06-21,C10313,P2073,2,0.2,103.53,278.8,Apparel,557.6,111.52,446.08,207.06,4.33,14.03
O502549,2025-03-15,C10233,P2051,1,0.2,21.09,56.25,Home,56.25,11.25,45.0,21.09,3.95,1.01
O502550,2025-08-01,C10147,P2005,3,0.1,21.42,39.38,Sports,118.14,11.81,106.33,64.26,2.5,2.68
O502551,2025-01-27,C10305,P2043,2,0.1,34.43,56.92,Electronics,113.84,11.38,102.46,68.86,5.47,2.76
O502552,2025-07-19,C11009,P2050,3,0.2,47.62,83.27,Beauty,249.81,49.96,199.85,142.86,4.36,6.25
O502553,2026-04-11,C11154,P2003,2,0.05,103.86,246.21,Sports,492.42,24.62,467.8,207.72,2.81,12.32
O502554,2025-10-23,C10803,P2069,2,0.05,90.63,175.87,Apparel,351.74,17.59,334.15,181.26,5.98,6.7
O502555,2025-06-06,C10108,P2020,3,0.15,96.28,147.84,Home,443.52,66.53,376.99,288.84,5.38,7.01
O502556,2026-04-30,C11024,P2032,2,0.15,83.59,176.17,Apparel,352.34,52.85,299.49,167.18,4.23,8.59
O502557,2026-06-21,C11028,P2046,3,0.15,41.9,79.58,Sports,238.74,35.81,202.93,125.7,5.15,3.77
O502558,2026-04-04,C10496,P2053,3,0.15,95.73,175.96,Electronics,527.88,79.18,448.7,287.19,4.43,11.27
O502559,2025-01-16,C10764,P2002,2,0.0,36.16,61.12,Beauty,122.24,0.0,122.24,72.32,4.56,3.33
O502560,2026-06-15,C10612,P2063,3,0.05,107.79,241.07,Sports,723.21,36.16,687.05,323.37,4.13,19.9
O502561,2025-05-04,C10788,P2068,2,0.25,54.46,128.05,Home,256.1,64.03,192.08,108.92,5.38,3.48
O502562,2026-01-04,C10420,P2032,3,0.15,83.59,176.17,Apparel,528.51,79.28,449.23,250.77,6.65,9.79
O502563,2025-05-16,C10592,P2073,1,0.1,103.53,278.8,Apparel,278.8,27.88,250.92,103.53,4.1,5.42
O502564,2025-10-24,C10424,P2036,1,0.0,79.57,186.92,Apparel,186.92,0.0,186.92,79.57,5.21,4.98
O502565,2025-12-25,C10110,P2020,3,0.15,96.28,147.84,Home,443.52,66.53,376.99,288.84,2.5,7.41
O502566,2025-02-10,C10357,P2051,3,0.0,21.09,56.25,Home,168.75,0.0,168.75,63.27,3.68,4.54
O502567,2025-05-29,C10138,P2008,2,0.0,64.11,126.24,Beauty,252.48,0.0,252.48,128.22,4.14,7.89
O502568,2026-04-12,C10768,P2063,3,0.0,107.79,241.07,Sports,723.21,0.0,723.21,323.37,3.99,16.88
O502569,2025-12-28,C10341,P2039,2,0.05,88.55,225.55,Beauty,451.1,22.56,428.54,177.1,4.51,9.5
O502570,2026-04-13,C10944,P2051,3,0.1,21.09,56.25,Home,168.75,16.88,151.88,63.27,3.35,4.04
O502571,2025-12-23,C10419,P2054,1,0.0,19.42,50.24,Beauty,50.24,0.0,50.24,19.42,4.63,0.95
O502572,2026-03-11,C10487,P2055,3,0.0,14.94,29.55,Sports,88.65,0.0,88.65,44.82,4.61,2.45
O502573,2025-06-13,C10980,P2025,1,0.15,59.62,149.3,Electronics,149.3,22.4,126.91,59.62,3.83,3.6
O502574,2026-01-03,C10029,P2039,1,0.0,88.55,225.55,Beauty,225.55,0.0,225.55,88.55,3.09,4.96
O502575,2025-07-07,C10161,P2031,1,0.15,54.53,117.07,Sports,117.07,17.56,99.51,54.53,6.97,2.06
O502576,2025-10-10,C10022,P2055,3,0.05,14.94,29.55,Sports,88.65,4.43,84.22,44.82,8.94,2.5
O502577,2025-08-03,C11029,P2050,1,0.15,47.62,83.27,Beauty,83.27,12.49,70.78,47.62,5.09,2.16
O502578,2025-03-10,C10821,P2009,2,0.1,89.03,195.13,Home,390.26,39.03,351.23,178.06,5.28,8.09
O502579,2025-06-17,C10056,P2031,3,0.1,54.53,117.07,Sports,351.21,35.12,316.09,163.59,5.24,9.42
O502580,2025-11-19,C11066,P2020,1,0.15,96.28,147.84,Home,147.84,22.18,125.66,96.28,3.97,3.19
O502581,2025-06-20,C11113,P2041,2,0.0,53.15,104.66,Apparel,209.32,0.0,209.32,106.3,2.99,6.55
O502582,2026-01-25,C10968,P2057,2,0.1,24.55,53.8,Beauty,107.6,10.76,96.84,49.1,4.97,3.05
O502583,2025-10-24,C11028,P2048,1,0.0,26.01,65.12,Home,65.12,0.0,65.12,26.01,6.27,1.97
O502584,2026-04-07,C10070,P2037,2,0.05,19.43,42.14,Home,84.28,4.21,80.07,38.86,5.62,2.48
O502585,2025-01-10,C10075,P2005,1,0.2,21.42,39.38,Sports,39.38,7.88,31.5,21.42,4.48,1.0
O502586,2026-03-27,C10314,P2071,3,0.1,72.34,202.22,Beauty,606.66,60.67,545.99,217.02,5.39,12.07
O502587,2025-03-17,C10274,P2006,3,0.1,90.83,200.16,Electronics,600.48,60.05,540.43,272.49,7.61,14.04
O502588,2025-10-01,C10283,P2040,1,0.1,46.24,112.16,Electronics,112.16,11.22,100.94,46.24,4.63,2.89
O502589,2025-12-16,C10440,P2054,3,0.1,19.42,50.24,Beauty,150.72,15.07,135.65,58.26,4.95,3.02
O502590,2025-08-29,C10015,P2013,2,0.1,14.91,32.18,Beauty,64.36,6.44,57.92,29.82,3.32,1.19
O502591,2025-07-11,C10395,P2020,1,0.25,96.28,147.84,Home,147.84,36.96,110.88,96.28,3.31,2.2
O502592,2026-02-27,C10954,P2039,2,0.15,88.55,225.55,Beauty,451.1,67.67,383.44,177.1,4.3,11.44
O502593,2025-03-28,C11141,P2036,2,0.15,79.57,186.92,Apparel,373.84,56.08,317.76,159.14,5.71,6.2
O502594,2025-09-15,C11077,P2008,1,0.05,64.11,126.24,Beauty,126.24,6.31,119.93,64.11,3.82,3.21
O502595,2025-11-07,C10387,P2079,2,0.0,76.11,150.73,Apparel,301.46,0.0,301.46,152.22,6.41,6.92
O502596,2026-05-08,C10708,P2060,2,0.0,91.93,225.41,Sports,450.82,0.0,450.82,183.86,3.19,8.99
O502597,2026-01-02,C10176,P2034,1,0.0,84.74,206.91,Electronics,206.91,0.0,206.91,84.74,4.63,5.79
O502598,2025-08-07,C10054,P2060,1,0.15,91.93,225.41,Sports,225.41,33.81,191.6,91.93,4.94,5.24
O502599,2026-05-19,C11134,P2017,2,0.0,42.64,69.06,Apparel,138.12,0.0,138.12,85.28,5.19,3.3
O502600,2026-02-15,C10653,P2078,2,0.05,80.99,151.9,Beauty,303.8,15.19,288.61,161.98,4.76,7.93
O502601,2025-11-24,C10186,P2050,3,0.1,47.62,83.27,Beauty,249.81,24.98,224.83,142.86,6.21,4.28
O502602,2025-06-27,C10583,P2022,1,0.15,39.69,79.46,Beauty,79.46,11.92,67.54,39.69,5.57,2.0
O502603,2025-10-03,C11085,P2067,3,0.1,89.48,177.38,Sports,532.14,53.21,478.93,268.44,6.65,9.81
O502604,2026-01-24,C10209,P2052,1,0.0,85.13,212.17,Beauty,212.17,0.0,212.17,85.13,5.22,5.23
O502605,2026-03-25,C10413,P2021,1,0.1,75.19,147.18,Electronics,147.18,14.72,132.46,75.19,4.58,2.79
O502606,2025-01-16,C10971,P2002,1,0.15,36.16,61.12,Beauty,61.12,9.17,51.95,36.16,4.11,1.44
O502607,2025-06-01,C10580,P2015,1,0.15,32.67,56.68,Home,56.68,8.5,48.18,32.67,6.54,0.87
O502608,2026-03-10,C11079,P2055,2,0.15,14.94,29.55,Sports,59.1,8.86,50.24,29.88,4.1,1.21
O502609,2026-01-08,C11159,P2070,1,0.0,80.41,185.88,Sports,185.88,0.0,185.88,80.41,7.84,3.38
O502610,2025-03-01,C10788,P2072,1,0.1,85.85,152.66,Sports,152.66,15.27,137.39,85.85,4.48,3.57
O502611,2026-01-13,C11068,P2010,1,0.1,105.58,212.84,Electronics,212.84,21.28,191.56,105.58,6.85,4.88
O502612,2025-04-30,C10209,P2042,1,0.0,21.36,43.17,Sports,43.17,0.0,43.17,21.36,7.62,1.09
O502613,2025-08-12,C10412,P2078,2,0.2,80.99,151.9,Beauty,303.8,60.76,243.04,161.98,3.75,5.24
O502614,2026-05-11,C10534,P2004,1,0.15,82.13,229.05,Sports,229.05,34.36,194.69,82.13,4.96,5.96
O502615,2025-05-14,C10970,P2056,2,0.05,12.18,29.13,Home,58.26,2.91,55.35,24.36,5.22,1.52
O502616,2026-01-26,C11162,P2022,1,0.05,39.69,79.46,Beauty,79.46,3.97,75.49,39.69,5.52,2.34
O502617,2026-06-13,C10655,P2050,1,0.15,47.62,83.27,Beauty,83.27,12.49,70.78,47.62,2.94,1.67
O502618,2025-04-29,C10614,P2019,2,0.1,28.46,61.03,Sports,122.06,12.21,109.85,56.92,3.41,2.38
O502619,2025-06-20,C10328,P2078,3,0.05,80.99,151.9,Beauty,455.7,22.79,432.92,242.97,4.59,8.79
O502620,2025-03-30,C10541,P2019,1,0.05,28.46,61.03,Sports,61.03,3.05,57.98,28.46,5.38,1.47
O502621,2026-03-12,C10227,P2037,3,0.05,19.43,42.14,Home,126.42,6.32,120.1,58.29,7.95,3.08
O502622,2025-02-26,C10900,P2046,1,0.25,41.9,79.58,Sports,79.58,19.9,59.68,41.9,2.5,1.77
O502623,2025-12-18,C10754,P2019,3,0.1,28.46,61.03,Sports,183.09,18.31,164.78,85.38,4.42,3.92
O502624,2025-03-07,C10228,P2065,1,0.15,74.22,160.54,Electronics,160.54,24.08,136.46,74.22,2.96,3.59
O502625,2026-02-11,C10182,P2058,3,0.05,56.31,124.87,Electronics,374.61,18.73,355.88,168.93,4.34,11.0
O502626,2026-06-26,C10592,P2014,1,0.0,105.6,279.48,Beauty,279.48,0.0,279.48,105.6,7.52,6.39
O502627,2026-01-04,C10826,P2013,3,0.0,14.91,32.18,Beauty,96.54,0.0,96.54,44.73,6.52,2.66
O502628,2026-05-13,C10870,P2021,1,0.1,75.19,147.18,Electronics,147.18,14.72,132.46,75.19,3.11,3.72
O502629,2026-03-27,C10884,P2060,1,0.1,91.93,225.41,Sports,225.41,22.54,202.87,91.93,4.5,4.04
O502630,2025-04-07,C10191,P2037,2,0.05,19.43,42.14,Home,84.28,4.21,80.07,38.86,4.11,1.47
O502631,2025-02-16,C10506,P2073,2,0.1,103.53,278.8,Apparel,557.6,55.76,501.84,207.06,5.02,13.65
O502632,2025-05-22,C10819,P2020,2,0.25,96.28,147.84,Home,295.68,73.92,221.76,192.56,6.19,5.84
O502633,2025-07-01,C10082,P2054,1,0.15,19.42,50.24,Beauty,50.24,7.54,42.7,19.42,5.1,1.29
O502634,2025-05-17,C10146,P2028,2,0.2,49.21,76.08,Beauty,152.16,30.43,121.73,98.42,2.5,3.88
O502635,2025-08-02,C10568,P2022,1,0.1,39.69,79.46,Beauty,79.46,7.95,71.51,39.69,8.43,1.78
O502636,2025-03-22,C10987,P2048,1,0.15,26.01,65.12,Home,65.12,9.77,55.35,26.01,4.12,1.46
O502637,2025-03-02,C10580,P2024,1,0.0,38.64,85.56,Electronics,85.56,0.0,85.56,38.64,6.95,2.02
O502638,2025-06-15,C11122,P2055,2,0.0,14.94,29.55,Sports,59.1,0.0,59.1,29.88,2.5,1.5
O502639,2026-04-21,C10522,P2052,2,0.1,85.13,212.17,Beauty,424.34,42.43,381.91,170.26,5.39,9.89
O502640,2025-03-25,C11098,P2013,3,0.1,14.91,32.18,Beauty,96.54,9.65,86.89,44.73,2.93,2.74
O502641,2026-02-06,C10476,P2066,1,0.2,21.23,45.94,Beauty,45.94,9.19,36.75,21.23,5.57,0.84
O502642,2026-05-07,C11042,P2068,3,0.2,54.46,128.05,Home,384.15,76.83,307.32,163.38,4.63,6.86
O502643,2026-04-12,C10381,P2038,2,0.1,61.98,100.85,Sports,201.7,20.17,181.53,123.96,6.37,5.63
O502644,2025-02-01,C10412,P2012,1,0.0,91.5,250.58,Home,250.58,0.0,250.58,91.5,5.22,4.69
O502645,2026-04-23,C10332,P2037,2,0.25,19.43,42.14,Home,84.28,21.07,63.21,38.86,5.9,1.45
O502646,2025-02-28,C10376,P2019,2,0.0,28.46,61.03,Sports,122.06,0.0,122.06,56.92,5.07,2.9
O502647,2026-06-02,C11047,P2032,2,0.1,83.59,176.17,Apparel,352.34,35.23,317.11,167.18,5.32,6.92
O502648,2025-03-05,C11049,P2041,2,0.15,53.15,104.66,Apparel,209.32,31.4,177.92,106.3,6.51,3.88
O502649,2025-08-29,C10519,P2045,3,0.25,54.87,109.92,Sports,329.76,82.44,247.32,164.61,6.03,6.97
O502650,2025-11-13,C10284,P2042,2,0.0,21.36,43.17,Sports,86.34,0.0,86.34,42.72,5.34,1.82
O502651,2025-05-25,C10146,P2042,2,0.05,21.36,43.17,Sports,86.34,4.32,82.02,42.72,5.61,2.14
O502652,2025-12-28,C10325,P2002,1,0.15,36.16,61.12,Beauty,61.12,9.17,51.95,36.16,5.54,1.13
O502653,2025-02-22,C10657,P2045,1,0.2,54.87,109.92,Sports,109.92,21.98,87.94,54.87,3.38,2.7
O502654,2026-04-13,C10562,P2051,2,0.15,21.09,56.25,Home,112.5,16.88,95.62,42.18,6.13,1.82
O502655,2025-10-10,C10495,P2079,1,0.05,76.11,150.73,Apparel,150.73,7.54,143.19,76.11,7.28,4.42
O502656,2025-04-14,C10653,P2031,1,0.05,54.53,117.07,Sports,117.07,5.85,111.22,54.53,8.09,2.19
O502657,2025-04-23,C10906,P2013,3,0.1,14.91,32.18,Beauty,96.54,9.65,86.89,44.73,6.04,2.6
O502658,2025-04-29,C11165,P2023,2,0.0,99.43,207.17,Apparel,414.34,0.0,414.34,198.86,6.08,9.77
O502659,2025-06-11,C10087,P2028,3,0.0,49.21,76.08,Beauty,228.24,0.0,228.24,147.63,4.13,5.77
O502660,2025-07-09,C10749,P2052,1,0.2,85.13,212.17,Beauty,212.17,42.43,169.74,85.13,4.83,3.44
O502661,2025-11-08,C10414,P2034,1,0.1,84.74,206.91,Electronics,206.91,20.69,186.22,84.74,3.19,4.58
O502662,2025-10-31,C10111,P2070,1,0.0,80.41,185.88,Sports,185.88,0.0,185.88,80.41,3.72,4.4
O502663,2025-04-23,C10951,P2041,1,0.05,53.15,104.66,Apparel,104.66,5.23,99.43,53.15,3.69,3.12
O502664,2025-11-07,C10333,P2001,1,0.1,67.86,159.31,Electronics,159.31,15.93,143.38,67.86,4.81,3.59
O502665,2025-12-29,C10642,P2078,1,0.15,80.99,151.9,Beauty,151.9,22.78,129.12,80.99,6.83,3.46
O502666,2025-11-30,C10234,P2018,1,0.2,23.1,60.58,Apparel,60.58,12.12,48.46,23.1,6.3,0.95
O502667,2025-03-02,C10775,P2062,1,0.1,69.71,151.88,Beauty,151.88,15.19,136.69,69.71,5.05,3.86
O502668,2026-05-03,C10896,P2043,1,0.1,34.43,56.92,Electronics,56.92,5.69,51.23,34.43,5.69,1.41
O502669,2026-04-16,C10710,P2070,2,0.05,80.41,185.88,Sports,371.76,18.59,353.17,160.82,5.8,9.47
O502670,2025-07-06,C11169,P2024,3,0.05,38.64,85.56,Electronics,256.68,12.83,243.85,115.92,6.0,6.65
O502671,2026-06-07,C10769,P2022,1,0.05,39.69,79.46,Beauty,79.46,3.97,75.49,39.69,2.96,2.04
O502672,2025-05-05,C11069,P2046,2,0.25,41.9,79.58,Sports,159.16,39.79,119.37,83.8,7.45,3.14
O502673,2025-09-10,C10805,P2071,2,0.0,72.34,202.22,Beauty,404.44,0.0,404.44,144.68,5.77,10.14
O502674,2026-06-08,C10245,P2075,1,0.15,49.49,125.61,Electronics,125.61,18.84,106.77,49.49,4.8,3.03
O502675,2025-08-24,C10663,P2056,1,0.1,12.18,29.13,Home,29.13,2.91,26.22,12.18,4.54,0.78
O502676,2025-05-30,C10702,P2026,1,0.0,25.88,63.53,Beauty,63.53,0.0,63.53,25.88,3.51,1.99
O502677,2025-02-10,C11061,P2050,2,0.15,47.62,83.27,Beauty,166.54,24.98,141.56,95.24,6.25,3.48
O502678,2025-05-14,C10760,P2061,2,0.1,92.46,150.56,Sports,301.12,30.11,271.01,184.92,6.44,8.34
O502679,2026-01-19,C10491,P2003,1,0.2,103.86,246.21,Sports,246.21,49.24,196.97,103.86,4.89,3.57
O502680,2025-08-11,C10895,P2004,2,0.05,82.13,229.05,Sports,458.1,22.9,435.2,164.26,3.8,9.31
O502681,2026-03-18,C10025,P2033,1,0.1,102.58,280.83,Apparel,280.83,28.08,252.75,102.58,5.22,7.65
O502682,2025-03-01,C11033,P2053,1,0.05,95.73,175.96,Electronics,175.96,8.8,167.16,95.73,6.11,4.87
O502683,2026-04-17,C10041,P2044,1,0.1,96.39,166.51,Electronics,166.51,16.65,149.86,96.39,3.83,4.78
O502684,2026-03-29,C10066,P2026,1,0.15,25.88,63.53,Beauty,63.53,9.53,54.0,25.88,6.31,1.42
O502685,2026-06-13,C10438,P2044,3,0.0,96.39,166.51,Electronics,499.53,0.0,499.53,289.17,2.5,10.57
O502686,2026-01-08,C11112,P2061,2,0.25,92.46,150.56,Sports,301.12,75.28,225.84,184.92,3.94,4.74
O502687,2026-06-11,C10186,P2067,3,0.1,89.48,177.38,Sports,532.14,53.21,478.93,268.44,5.23,12.73
O502688,2025-10-10,C11061,P2068,1,0.1,54.46,128.05,Home,128.05,12.81,115.24,54.46,5.22,3.47
O502689,2026-04-03,C11026,P2014,1,0.1,105.6,279.48,Beauty,279.48,27.95,251.53,105.6,4.85,5.29
O502690,2026-06-10,C10638,P2030,1,0.05,81.44,160.67,Electronics,160.67,8.03,152.64,81.44,6.35,4.85
O502691,2025-07-29,C10722,P2048,1,0.15,26.01,65.12,Home,65.12,9.77,55.35,26.01,4.84,1.34
O502692,2025-10-07,C10024,P2048,3,0.1,26.01,65.12,Home,195.36,19.54,175.82,78.03,2.5,4.46
O502693,2025-04-12,C10377,P2026,1,0.0,25.88,63.53,Beauty,63.53,0.0,63.53,25.88,5.31,1.21
O502694,2026-06-05,C10063,P2010,2,0.1,105.58,212.84,Electronics,425.68,42.57,383.11,211.16,3.8,11.5
O502695,2025-11-21,C10939,P2033,2,0.05,102.58,280.83,Apparel,561.66,28.08,533.58,205.16,5.61,12.28
O502696,2026-04-19,C10443,P2049,1,0.15,75.64,173.14,Apparel,173.14,25.97,147.17,75.64,4.89,3.4
O502697,2025-10-24,C10593,P2004,3,0.2,82.13,229.05,Sports,687.15,137.43,549.72,246.39,3.58,17.27
O502698,2026-04-09,C10757,P2041,3,0.05,53.15,104.66,Apparel,313.98,15.7,298.28,159.45,4.67,5.63
O502699,2025-06-09,C10231,P2040,2,0.2,46.24,112.16,Electronics,224.32,44.86,179.46,92.48,5.69,5.33
O502700,2026-04-26,C10262,P2071,1,0.0,72.34,202.22,Beauty,202.22,0.0,202.22,72.34,6.72,3.83
O502701,2026-04-19,C10027,P2074,1,0.15,60.53,130.38,Sports,130.38,19.56,110.82,60.53,4.7,2.74
O502702,2025-05-10,C10112,P2013,1,0.15,14.91,32.18,Beauty,32.18,4.83,27.35,14.91,7.13,0.81
O502703,2025-03-12,C10893,P2002,2,0.25,36.16,61.12,Beauty,122.24,30.56,91.68,72.32,4.56,2.8
O502704,2026-02-13,C10291,P2064,2,0.25,92.82,194.3,Sports,388.6,97.15,291.45,185.64,5.39,7.73
O502705,2026-02-14,C10094,P2040,3,0.0,46.24,112.16,Electronics,336.48,0.0,336.48,138.72,5.46,8.93
O502706,2025-11-22,C10743,P2020,1,0.05,96.28,147.84,Home,147.84,7.39,140.45,96.28,5.67,2.79
O502707,2026-06-21,C10231,P2072,2,0.2,85.85,152.66,Sports,305.32,61.06,244.26,171.7,7.13,7.46
O502708,2026-04-09,C10523,P2025,1,0.2,59.62,149.3,Electronics,149.3,29.86,119.44,59.62,2.97,3.71
O502709,2025-02-08,C11125,P2034,1,0.05,84.74,206.91,Electronics,206.91,10.35,196.56,84.74,5.38,5.37
O502710,2025-09-25,C10746,P2024,3,0.2,38.64,85.56,Electronics,256.68,51.34,205.34,115.92,3.22,5.18
O502711,2025-07-04,C11159,P2050,1,0.1,47.62,83.27,Beauty,83.27,8.33,74.94,47.62,6.77,1.95
O502712,2025-08-27,C10891,P2075,1,0.15,49.49,125.61,Electronics,125.61,18.84,106.77,49.49,7.26,2.53
O502713,2026-06-06,C10861,P2051,1,0.1,21.09,56.25,Home,56.25,5.62,50.62,21.09,4.48,0.97
O502714,2025-08-28,C11174,P2027,2,0.15,39.51,103.84,Electronics,207.68,31.15,176.53,79.02,5.95,4.39
O502715,2025-08-31,C10860,P2036,1,0.0,79.57,186.92,Apparel,186.92,0.0,186.92,79.57,6.22,4.43
O502716,2025-04-02,C11014,P2004,2,0.1,82.13,229.05,Sports,458.1,45.81,412.29,164.26,4.93,12.95
O502717,2026-03-10,C10415,P2076,1,0.0,94.33,153.36,Apparel,153.36,0.0,153.36,94.33,5.9,3.93
O502718,2025-08-02,C10067,P2007,1,0.05,81.19,138.2,Apparel,138.2,6.91,131.29,81.19,6.04,3.54
O502719,2025-11-08,C10148,P2071,3,0.05,72.34,202.22,Beauty,606.66,30.33,576.33,217.02,5.65,10.88
O502720,2025-10-28,C10963,P2056,1,0.05,12.18,29.13,Home,29.13,1.46,27.67,12.18,3.34,0.72
O502721,2026-03-28,C10145,P2017,1,0.1,42.64,69.06,Apparel,69.06,6.91,62.15,42.64,6.65,1.54
O502722,2025-12-11,C10008,P2025,1,0.15,59.62,149.3,Electronics,149.3,22.4,126.91,59.62,3.35,3.59
O502723,2025-10-13,C10748,P2044,1,0.15,96.39,166.51,Electronics,166.51,24.98,141.53,96.39,6.37,3.67
O502724,2025-06-10,C10440,P2075,3,0.15,49.49,125.61,Electronics,376.83,56.52,320.31,148.47,6.32,8.98
O502725,2026-06-09,C10624,P2054,1,0.15,19.42,50.24,Beauty,50.24,7.54,42.7,19.42,6.87,1.22
O502726,2026-04-09,C11109,P2053,2,0.1,95.73,175.96,Electronics,351.92,35.19,316.73,191.46,4.89,6.85
O502727,2025-02-08,C10363,P2045,3,0.15,54.87,109.92,Sports,329.76,49.46,280.3,164.61,3.62,5.98
O502728,2026-05-17,C10400,P2074,1,0.0,60.53,130.38,Sports,130.38,0.0,130.38,60.53,4.19,2.98
O502729,2026-05-25,C10909,P2048,2,0.0,26.01,65.12,Home,130.24,0.0,130.24,52.02,6.77,2.58
O502730,2026-06-26,C11125,P2034,1,0.0,84.74,206.91,Electronics,206.91,0.0,206.91,84.74,5.67,4.61
O502731,2025-04-13,C10634,P2058,2,0.0,56.31,124.87,Electronics,249.74,0.0,249.74,112.62,3.94,6.67
O502732,2025-12-12,C11048,P2056,1,0.2,12.18,29.13,Home,29.13,5.83,23.3,12.18,5.81,0.52
O502733,2025-12-11,C10942,P2073,1,0.1,103.53,278.8,Apparel,278.8,27.88,250.92,103.53,4.18,6.33
O502734,2025-09-30,C10747,P2036,3,0.05,79.57,186.92,Apparel,560.76,28.04,532.72,238.71,7.4,12.2
O502735,2025-07-17,C10599,P2069,2,0.05,90.63,175.87,Apparel,351.74,17.59,334.15,181.26,5.32,8.21
O502736,2025-05-25,C10220,P2026,1,0.0,25.88,63.53,Beauty,63.53,0.0,63.53,25.88,6.7,1.31
O502737,2026-04-29,C10516,P2016,1,0.1,23.99,66.65,Electronics,66.65,6.67,59.99,23.99,5.03,1.89
O502738,2025-06-12,C10026,P2066,3,0.05,21.23,45.94,Beauty,137.82,6.89,130.93,63.69,4.51,4.07
O502739,2025-03-15,C10896,P2060,1,0.0,91.93,225.41,Sports,225.41,0.0,225.41,91.93,3.04,4.18
O502740,2025-06-28,C10419,P2021,3,0.05,75.19,147.18,Electronics,441.54,22.08,419.46,225.57,7.04,8.97
O502741,2026-04-05,C10384,P2040,3,0.05,46.24,112.16,Electronics,336.48,16.82,319.66,138.72,4.76,6.83
O502742,2026-01-11,C10684,P2015,3,0.05,32.67,56.68,Home,170.04,8.5,161.54,98.01,3.14,4.21
O502743,2025-02-20,C10236,P2039,1,0.1,88.55,225.55,Beauty,225.55,22.56,203.0,88.55,3.22,4.24
O502744,2026-03-26,C10032,P2066,2,0.15,21.23,45.94,Beauty,91.88,13.78,78.1,42.46,4.35,1.78
O502745,2025-10-08,C11001,P2061,3,0.0,92.46,150.56,Sports,451.68,0.0,451.68,277.38,3.16,12.79
O502746,2025-02-27,C10812,P2035,2,0.05,33.04,85.13,Beauty,170.26,8.51,161.75,66.08,3.57,3.54
O502747,2025-09-04,C10799,P2032,2,0.15,83.59,176.17,Apparel,352.34,52.85,299.49,167.18,4.92,9.11
O502748,2025-11-29,C11016,P2068,1,0.1,54.46,128.05,Home,128.05,12.81,115.24,54.46,6.79,2.82
O502749,2025-02-16,C10582,P2076,3,0.1,94.33,153.36,Apparel,460.08,46.01,414.07,282.99,4.73,8.9
O502750,2026-03-29,C10440,P2033,1,0.05,102.58,280.83,Apparel,280.83,14.04,266.79,102.58,4.78,6.29
O502751,2025-02-17,C10646,P2067,1,0.1,89.48,177.38,Sports,177.38,17.74,159.64,89.48,2.98,4.07
O502752,2026-06-17,C11047,P2068,1,0.1,54.46,128.05,Home,128.05,12.81,115.24,54.46,5.23,2.78
O502753,2026-06-11,C11161,P2067,2,0.0,89.48,177.38,Sports,354.76,0.0,354.76,178.96,5.13,9.3
O502754,2025-01-20,C10897,P2072,1,0.0,85.85,152.66,Sports,152.66,0.0,152.66,85.85,3.78,3.49
O502755,2025-04-13,C11033,P2037,1,0.05,19.43,42.14,Home,42.14,2.11,40.03,19.43,6.02,1.19
O502756,2026-06-22,C11106,P2031,3,0.25,54.53,117.07,Sports,351.21,87.8,263.41,163.59,2.5,8.02
O502757,2025-05-11,C10637,P2028,3,0.1,49.21,76.08,Beauty,228.24,22.82,205.42,147.63,4.12,4.31
O502758,2025-04-15,C11099,P2021,1,0.15,75.19,147.18,Electronics,147.18,22.08,125.1,75.19,4.38,2.51
O502759,2026-02-16,C10563,P2009,1,0.0,89.03,195.13,Home,195.13,0.0,195.13,89.03,2.5,5.77
O502760,2026-05-04,C10119,P2024,2,0.0,38.64,85.56,Electronics,171.12,0.0,171.12,77.28,4.77,3.41
O502761,2025-02-13,C10218,P2062,1,0.1,69.71,151.88,Beauty,151.88,15.19,136.69,69.71,2.82,4.03
O502762,2025-06-07,C10252,P2058,3,0.15,56.31,124.87,Electronics,374.61,56.19,318.42,168.93,4.8,9.47
O502763,2025-11-20,C10653,P2006,1,0.15,90.83,200.16,Electronics,200.16,30.02,170.14,90.83,5.33,4.88
O502764,2025-09-27,C10278,P2001,1,0.15,67.86,159.31,Electronics,159.31,23.9,135.41,67.86,5.12,3.84
O502765,2025-10-08,C10257,P2065,1,0.0,74.22,160.54,Electronics,160.54,0.0,160.54,74.22,6.01,4.61
O502766,2025-02-25,C10705,P2031,1,0.25,54.53,117.07,Sports,117.07,29.27,87.8,54.53,5.81,1.87
O502767,2025-05-11,C10090,P2062,1,0.15,69.71,151.88,Beauty,151.88,22.78,129.1,69.71,5.55,3.12
O502768,2025-09-07,C10682,P2029,1,0.1,30.95,55.54,Apparel,55.54,5.55,49.99,30.95,5.96,1.0
O502769,2025-11-20,C11016,P2006,1,0.0,90.83,200.16,Electronics,200.16,0.0,200.16,90.83,4.68,4.4
O502770,2025-09-22,C10449,P2077,1,0.0,99.36,190.12,Apparel,190.12,0.0,190.12,99.36,3.72,5.54
O502771,2026-06-18,C10935,P2072,1,0.2,85.85,152.66,Sports,152.66,30.53,122.13,85.85,6.46,2.28
O502772,2025-07-20,C10122,P2059,2,0.05,74.58,192.13,Electronics,384.26,19.21,365.05,149.16,4.6,9.39
O502773,2025-12-25,C10706,P2078,2,0.05,80.99,151.9,Beauty,303.8,15.19,288.61,161.98,5.93,5.35
O502774,2025-03-15,C10750,P2043,3,0.0,34.43,56.92,Electronics,170.76,0.0,170.76,103.29,4.19,5.33
O502775,2025-05-28,C10427,P2019,3,0.2,28.46,61.03,Sports,183.09,36.62,146.47,85.38,3.96,4.45
O502776,2025-12-17,C11065,P2036,1,0.15,79.57,186.92,Apparel,186.92,28.04,158.88,79.57,7.41,4.29
O502777,2025-02-14,C10557,P2054,2,0.0,19.42,50.24,Beauty,100.48,0.0,100.48,38.84,5.84,2.41
O502778,2026-03-16,C10078,P2065,3,0.15,74.22,160.54,Electronics,481.62,72.24,409.38,222.66,5.99,7.51
O502779,2026-04-24,C10096,P2061,2,0.0,92.46,150.56,Sports,301.12,0.0,301.12,184.92,5.92,7.91
O502780,2025-04-23,C10283,P2063,1,0.05,107.79,241.07,Sports,241.07,12.05,229.02,107.79,3.33,5.6
O502781,2025-08-30,C11158,P2076,1,0.0,94.33,153.36,Apparel,153.36,0.0,153.36,94.33,2.5,3.89
O502782,2026-03-17,C10326,P2041,1,0.2,53.15,104.66,Apparel,104.66,20.93,83.73,53.15,4.88,1.71
O502783,2025-05-05,C11056,P2064,1,0.1,92.82,194.3,Sports,194.3,19.43,174.87,92.82,5.0,5.23
O502784,2025-06-25,C10522,P2050,1,0.2,47.62,83.27,Beauty,83.27,16.65,66.62,47.62,5.59,1.97
O502785,2025-04-11,C10268,P2008,1,0.25,64.11,126.24,Beauty,126.24,31.56,94.68,64.11,3.65,2.17
O502786,2026-03-08,C10187,P2070,2,0.05,80.41,185.88,Sports,371.76,18.59,353.17,160.82,3.86,9.54
O502787,2025-05-31,C10857,P2071,2,0.1,72.34,202.22,Beauty,404.44,40.44,364.0,144.68,4.68,6.74
O502788,2025-03-02,C10429,P2029,1,0.15,30.95,55.54,Apparel,55.54,8.33,47.21,30.95,5.22,1.32
O502789,2025-10-13,C10544,P2004,1,0.1,82.13,229.05,Sports,229.05,22.9,206.14,82.13,5.37,5.07
O502790,2026-01-25,C11103,P2044,1,0.15,96.39,166.51,Electronics,166.51,24.98,141.53,96.39,4.29,2.91
O502791,2025-05-27,C11093,P2026,2,0.1,25.88,63.53,Beauty,127.06,12.71,114.35,51.76,6.67,3.56
O502792,2026-03-13,C10666,P2062,1,0.0,69.71,151.88,Beauty,151.88,0.0,151.88,69.71,6.47,3.69
O502793,2026-02-08,C10320,P2023,2,0.05,99.43,207.17,Apparel,414.34,20.72,393.62,198.86,3.57,11.4
O502794,2026-06-18,C11108,P2038,2,0.1,61.98,100.85,Sports,201.7,20.17,181.53,123.96,3.47,5.78
O502795,2025-04-12,C10268,P2005,3,0.05,21.42,39.38,Sports,118.14,5.91,112.23,64.26,2.5,2.49
O502796,2025-10-15,C10257,P2070,1,0.0,80.41,185.88,Sports,185.88,0.0,185.88,80.41,6.11,5.66
O502797,2026-02-13,C10802,P2035,2,0.2,33.04,85.13,Beauty,170.26,34.05,136.21,66.08,5.37,3.56
O502798,2025-04-06,C10188,P2074,3,0.1,60.53,130.38,Sports,391.14,39.11,352.03,181.59,2.5,10.75
O502799,2025-07-05,C10069,P2029,2,0.0,30.95,55.54,Apparel,111.08,0.0,111.08,61.9,5.75,3.2
O502800,2025-10-05,C11058,P2014,1,0.1,105.6,279.48,Beauty,279.48,27.95,251.53,105.6,5.13,4.98
O502801,2025-02-22,C11078,P2038,3,0.0,61.98,100.85,Sports,302.55,0.0,302.55,185.94,5.03,9.36
O502802,2026-06-18,C10745,P2036,3,0.0,79.57,186.92,Apparel,560.76,0.0,560.76,238.71,6.83,13.67
O502803,2025-03-25,C10318,P2007,2,0.15,81.19,138.2,Apparel,276.4,41.46,234.94,162.38,2.5,5.08
O502804,2025-06-08,C10393,P2061,1,0.05,92.46,150.56,Sports,150.56,7.53,143.03,92.46,5.33,2.58
O502805,2026-05-15,C10481,P2059,1,0.1,74.58,192.13,Electronics,192.13,19.21,172.92,74.58,5.23,4.99
O502806,2025-08-23,C10179,P2015,3,0.2,32.67,56.68,Home,170.04,34.01,136.03,98.01,4.31,3.07
O502807,2025-05-09,C10837,P2028,3,0.15,49.21,76.08,Beauty,228.24,34.24,194.0,147.63,5.26,6.04
O502808,2026-05-10,C10439,P2072,2,0.25,85.85,152.66,Sports,305.32,76.33,228.99,171.7,3.17,7.16
O502809,2025-06-16,C10178,P2016,1,0.15,23.99,66.65,Electronics,66.65,10.0,56.65,23.99,4.66,1.77
O502810,2025-07-21,C10550,P2027,2,0.2,39.51,103.84,Electronics,207.68,41.54,166.14,79.02,3.81,4.29
O502811,2025-04-23,C10293,P2020,1,0.05,96.28,147.84,Home,147.84,7.39,140.45,96.28,2.89,3.93
O502812,2025-05-25,C10393,P2022,1,0.1,39.69,79.46,Beauty,79.46,7.95,71.51,39.69,5.81,1.98
O502813,2026-04-29,C10644,P2001,1,0.0,67.86,159.31,Electronics,159.31,0.0,159.31,67.86,5.41,3.44
O502814,2025-07-04,C10340,P2017,2,0.1,42.64,69.06,Apparel,138.12,13.81,124.31,85.28,4.5,3.63
O502815,2025-12-30,C10503,P2066,3,0.15,21.23,45.94,Beauty,137.82,20.67,117.15,63.69,5.67,2.74
O502816,2025-05-12,C10291,P2014,1,0.0,105.6,279.48,Beauty,279.48,0.0,279.48,105.6,3.44,6.26
O502817,2025-01-07,C10627,P2039,1,0.0,88.55,225.55,Beauty,225.55,0.0,225.55,88.55,5.15,4.5
O502818,2025-06-11,C10064,P2024,2,0.0,38.64,85.56,Electronics,171.12,0.0,171.12,77.28,4.59,5.44
O502819,2026-02-26,C11030,P2036,1,0.2,79.57,186.92,Apparel,186.92,37.38,149.54,79.57,4.12,4.37
O502820,2025-05-04,C11117,P2061,2,0.15,92.46,150.56,Sports,301.12,45.17,255.95,184.92,7.78,5.91
O502821,2025-08-23,C10297,P2035,3,0.2,33.04,85.13,Beauty,255.39,51.08,204.31,99.12,7.92,5.6
O502822,2025-12-18,C10892,P2005,3,0.15,21.42,39.38,Sports,118.14,17.72,100.42,64.26,3.44,3.01
O502823,2025-01-13,C10514,P2013,2,0.1,14.91,32.18,Beauty,64.36,6.44,57.92,29.82,5.35,1.29
O502824,2025-05-10,C11112,P2028,1,0.25,49.21,76.08,Beauty,76.08,19.02,57.06,49.21,6.47,1.53
O502825,2025-03-21,C10782,P2016,2,0.0,23.99,66.65,Electronics,133.3,0.0,133.3,47.98,3.55,2.65
O502826,2025-09-05,C10264,P2067,1,0.0,89.48,177.38,Sports,177.38,0.0,177.38,89.48,4.3,3.57
O502827,2025-08-01,C11089,P2044,2,0.0,96.39,166.51,Electronics,333.02,0.0,333.02,192.78,5.31,7.96
O502828,2025-12-02,C10315,P2030,3,0.0,81.44,160.67,Electronics,482.01,0.0,482.01,244.32,4.68,10.47
O502829,2025-07-09,C10946,P2020,1,0.1,96.28,147.84,Home,147.84,14.78,133.06,96.28,4.24,2.57
O502830,2025-06-27,C10679,P2060,1,0.0,91.93,225.41,Sports,225.41,0.0,225.41,91.93,7.77,5.4
O502831,2025-01-01,C10275,P2022,3,0.15,39.69,79.46,Beauty,238.38,35.76,202.62,119.07,4.99,3.74
O502832,2025-09-23,C10597,P2000,2,0.0,20.01,46.3,Beauty,92.6,0.0,92.6,40.02,4.18,2.46
O502833,2025-09-05,C10556,P2015,2,0.0,32.67,56.68,Home,113.36,0.0,113.36,65.34,4.15,2.26
O502834,2026-01-31,C10760,P2010,2,0.15,105.58,212.84,Electronics,425.68,63.85,361.83,211.16,5.53,8.43
O502835,2025-04-18,C10461,P2047,2,0.0,23.95,36.37,Sports,72.74,0.0,72.74,47.9,2.5,1.93
O502836,2025-03-05,C11142,P2015,2,0.0,32.67,56.68,Home,113.36,0.0,113.36,65.34,3.28,3.18
O502837,2025-02-22,C10413,P2029,2,0.0,30.95,55.54,Apparel,111.08,0.0,111.08,61.9,5.16,3.49
O502838,2025-08-23,C11109,P2061,1,0.05,92.46,150.56,Sports,150.56,7.53,143.03,92.46,4.21,4.47
O502839,2025-11-11,C10482,P2069,2,0.05,90.63,175.87,Apparel,351.74,17.59,334.15,181.26,6.37,6.11
O502840,2025-12-18,C10510,P2069,1,0.2,90.63,175.87,Apparel,175.87,35.17,140.7,90.63,5.99,3.73
O502841,2025-06-25,C10485,P2041,2,0.2,53.15,104.66,Apparel,209.32,41.86,167.46,106.3,5.77,3.19
O502842,2025-01-21,C10097,P2060,1,0.0,91.93,225.41,Sports,225.41,0.0,225.41,91.93,4.64,4.74
O502843,2025-03-13,C10573,P2043,1,0.15,34.43,56.92,Electronics,56.92,8.54,48.38,34.43,2.86,1.36
O502844,2026-03-06,C10893,P2012,3,0.15,91.5,250.58,Home,751.74,112.76,638.98,274.5,4.82,12.18
O502845,2025-07-07,C10731,P2035,1,0.0,33.04,85.13,Beauty,85.13,0.0,85.13,33.04,7.02,2.23
O502846,2025-11-04,C10841,P2015,3,0.2,32.67,56.68,Home,170.04,34.01,136.03,98.01,5.55,2.5
O502847,2026-06-18,C10772,P2077,1,0.2,99.36,190.12,Apparel,190.12,38.02,152.1,99.36,3.95,3.23
O502848,2025-03-04,C10000,P2075,3,0.05,49.49,125.61,Electronics,376.83,18.84,357.99,148.47,6.9,10.91
O502849,2025-11-29,C10505,P2009,2,0.15,89.03,195.13,Home,390.26,58.54,331.72,178.06,3.45,9.44
O502850,2025-10-20,C10864,P2000,3,0.05,20.01,46.3,Beauty,138.9,6.94,131.95,60.03,3.58,3.62
O502851,2025-12-29,C11186,P2038,3,0.0,61.98,100.85,Sports,302.55,0.0,302.55,185.94,3.64,7.21
O502852,2026-02-09,C10321,P2022,1,0.1,39.69,79.46,Beauty,79.46,7.95,71.51,39.69,4.83,2.02
O502853,2026-03-30,C10087,P2056,1,0.0,12.18,29.13,Home,29.13,0.0,29.13,12.18,4.88,0.81
O502854,2025-10-21,C10347,P2022,2,0.0,39.69,79.46,Beauty,158.92,0.0,158.92,79.38,4.41,3.03
O502855,2025-12-26,C10534,P2045,1,0.1,54.87,109.92,Sports,109.92,10.99,98.93,54.87,6.27,2.88
O502856,2025-10-21,C11098,P2010,2,0.1,105.58,212.84,Electronics,425.68,42.57,383.11,211.16,6.68,8.26
O502857,2025-01-04,C10544,P2015,1,0.1,32.67,56.68,Home,56.68,5.67,51.01,32.67,5.09,1.35
O502858,2025-11-29,C10385,P2057,2,0.0,24.55,53.8,Beauty,107.6,0.0,107.6,49.1,2.85,2.43
O502859,2026-03-31,C10608,P2052,1,0.25,85.13,212.17,Beauty,212.17,53.04,159.13,85.13,5.2,4.31
O502860,2026-06-28,C10607,P2031,3,0.0,54.53,117.07,Sports,351.21,0.0,351.21,163.59,6.4,10.88
O502861,2025-04-06,C10880,P2028,1,0.25,49.21,76.08,Beauty,76.08,19.02,57.06,49.21,5.69,1.4
O502862,2025-09-10,C10556,P2075,3,0.0,49.49,125.61,Electronics,376.83,0.0,376.83,148.47,6.44,8.13
O502863,2026-06-19,C10737,P2076,2,0.05,94.33,153.36,Apparel,306.72,15.34,291.38,188.66,5.32,8.36
O502864,2026-04-24,C10157,P2075,1,0.0,49.49,125.61,Electronics,125.61,0.0,125.61,49.49,5.94,3.16
O502865,2025-03-14,C10041,P2066,2,0.05,21.23,45.94,Beauty,91.88,4.59,87.29,42.46,3.47,2.76
O502866,2025-02-15,C10114,P2023,2,0.1,99.43,207.17,Apparel,414.34,41.43,372.91,198.86,7.16,7.09
O502867,2026-03-08,C10956,P2000,3,0.0,20.01,46.3,Beauty,138.9,0.0,138.9,60.03,5.92,3.33
O502868,2026-03-01,C10152,P2045,1,0.2,54.87,109.92,Sports,109.92,21.98,87.94,54.87,2.5,2.18
O502869,2025-08-24,C10278,P2030,1,0.2,81.44,160.67,Electronics,160.67,32.13,128.54,81.44,8.68,2.53
O502870,2025-08-30,C10289,P2033,1,0.15,102.58,280.83,Apparel,280.83,42.12,238.71,102.58,6.86,4.66
O502871,2025-03-05,C10237,P2027,1,0.05,39.51,103.84,Electronics,103.84,5.19,98.65,39.51,5.57,1.81
O502872,2025-03-23,C10615,P2062,3,0.1,69.71,151.88,Beauty,455.64,45.56,410.08,209.13,3.81,13.03
O502873,2025-03-20,C11042,P2066,3,0.05,21.23,45.94,Beauty,137.82,6.89,130.93,63.69,2.5,2.65
O502874,2025-06-21,C10733,P2051,3,0.05,21.09,56.25,Home,168.75,8.44,160.31,63.27,6.44,2.98
O502875,2026-04-23,C10727,P2067,2,0.0,89.48,177.38,Sports,354.76,0.0,354.76,178.96,5.99,8.91
O502876,2025-07-10,C10772,P2043,2,0.1,34.43,56.92,Electronics,113.84,11.38,102.46,68.86,6.14,2.73
O502877,2025-05-26,C10827,P2003,2,0.1,103.86,246.21,Sports,492.42,49.24,443.18,207.72,2.5,12.38
O502878,2025-06-13,C10804,P2015,1,0.1,32.67,56.68,Home,56.68,5.67,51.01,32.67,5.24,1.09
O502879,2025-07-05,C10701,P2036,1,0.0,79.57,186.92,Apparel,186.92,0.0,186.92,79.57,7.0,4.23
O502880,2026-04-18,C11045,P2029,1,0.05,30.95,55.54,Apparel,55.54,2.78,52.76,30.95,6.58,1.49
O502881,2025-07-24,C10491,P2034,1,0.05,84.74,206.91,Electronics,206.91,10.35,196.56,84.74,4.62,5.99
O502882,2025-04-22,C11140,P2054,2,0.2,19.42,50.24,Beauty,100.48,20.1,80.38,38.84,4.1,1.79
O502883,2025-07-04,C11157,P2000,1,0.2,20.01,46.3,Beauty,46.3,9.26,37.04,20.01,5.19,1.09
O502884,2025-05-28,C11125,P2051,2,0.15,21.09,56.25,Home,112.5,16.88,95.62,42.18,4.56,2.42
O502885,2025-01-04,C10334,P2053,3,0.15,95.73,175.96,Electronics,527.88,79.18,448.7,287.19,2.95,13.15
O502886,2025-08-21,C10863,P2072,2,0.2,85.85,152.66,Sports,305.32,61.06,244.26,171.7,5.94,7.48
O502887,2025-10-25,C10702,P2055,1,0.2,14.94,29.55,Sports,29.55,5.91,23.64,14.94,7.68,0.63
O502888,2025-12-30,C10478,P2049,1,0.0,75.64,173.14,Apparel,173.14,0.0,173.14,75.64,7.27,3.83
O502889,2025-09-07,C10219,P2053,1,0.1,95.73,175.96,Electronics,175.96,17.6,158.36,95.73,5.29,4.02
O502890,2025-02-05,C10027,P2020,1,0.05,96.28,147.84,Home,147.84,7.39,140.45,96.28,2.94,4.4
O502891,2026-03-07,C10829,P2063,2,0.0,107.79,241.07,Sports,482.14,0.0,482.14,215.58,3.71,10.36
O502892,2026-05-31,C10306,P2006,2,0.15,90.83,200.16,Electronics,400.32,60.05,340.27,181.66,3.44,6.15
O502893,2025-03-27,C10935,P2050,1,0.2,47.62,83.27,Beauty,83.27,16.65,66.62,47.62,3.98,1.55
O502894,2026-05-16,C10369,P2002,3,0.0,36.16,61.12,Beauty,183.36,0.0,183.36,108.48,8.2,4.6
O502895,2026-01-23,C10697,P2050,2,0.15,47.62,83.27,Beauty,166.54,24.98,141.56,95.24,6.53,3.43
O502896,2025-06-06,C10139,P2023,1,0.1,99.43,207.17,Apparel,207.17,20.72,186.45,99.43,5.37,3.64
O502897,2025-10-06,C10187,P2035,1,0.25,33.04,85.13,Beauty,85.13,21.28,63.85,33.04,5.77,1.21
O502898,2025-07-06,C10475,P2030,3,0.2,81.44,160.67,Electronics,482.01,96.4,385.61,244.32,4.22,8.82
O502899,2026-05-09,C10225,P2073,2,0.1,103.53,278.8,Apparel,557.6,55.76,501.84,207.06,2.5,15.21
O502900,2025-01-12,C10065,P2013,1,0.0,14.91,32.18,Beauty,32.18,0.0,32.18,14.91,4.62,0.69
O502901,2026-03-07,C10302,P2021,3,0.2,75.19,147.18,Electronics,441.54,88.31,353.23,225.57,6.25,10.38
O502902,2025-05-10,C10327,P2078,1,0.0,80.99,151.9,Beauty,151.9,0.0,151.9,80.99,6.1,4.56
O502903,2025-03-25,C10327,P2011,3,0.15,25.59,43.62,Electronics,130.86,19.63,111.23,76.77,7.15,3.43
O502904,2025-01-30,C10743,P2076,2,0.05,94.33,153.36,Apparel,306.72,15.34,291.38,188.66,3.37,8.84
O502905,2025-02-21,C10048,P2020,2,0.15,96.28,147.84,Home,295.68,44.35,251.33,192.56,3.99,7.39
O502906,2025-02-25,C10776,P2012,1,0.0,91.5,250.58,Home,250.58,0.0,250.58,91.5,5.47,6.61
O502907,2025-03-16,C10331,P2074,1,0.05,60.53,130.38,Sports,130.38,6.52,123.86,60.53,4.5,3.21
O502908,2026-06-24,C11082,P2033,1,0.0,102.58,280.83,Apparel,280.83,0.0,280.83,102.58,6.36,8.95
O502909,2025-04-20,C10231,P2016,2,0.1,23.99,66.65,Electronics,133.3,13.33,119.97,47.98,2.71,2.65
O502910,2025-02-19,C10591,P2064,1,0.1,92.82,194.3,Sports,194.3,19.43,174.87,92.82,4.35,4.23
O502911,2026-03-27,C11040,P2075,1,0.2,49.49,125.61,Electronics,125.61,25.12,100.49,49.49,4.89,2.0
O502912,2026-05-10,C10176,P2064,1,0.0,92.82,194.3,Sports,194.3,0.0,194.3,92.82,3.33,4.56
O502913,2025-10-09,C11090,P2030,1,0.25,81.44,160.67,Electronics,160.67,40.17,120.5,81.44,6.31,2.94
O502914,2025-01-22,C10375,P2064,1,0.0,92.82,194.3,Sports,194.3,0.0,194.3,92.82,5.11,5.05
O502915,2025-09-10,C10723,P2045,3,0.2,54.87,109.92,Sports,329.76,65.95,263.81,164.61,4.75,5.54
O502916,2026-01-02,C11098,P2050,3,0.05,47.62,83.27,Beauty,249.81,12.49,237.32,142.86,5.8,4.94
O502917,2025-01-13,C10190,P2010,3,0.15,105.58,212.84,Electronics,638.52,95.78,542.74,316.74,2.89,13.49
O502918,2026-06-20,C10577,P2072,2,0.1,85.85,152.66,Sports,305.32,30.53,274.79,171.7,6.34,8.05
O502919,2025-06-23,C10887,P2000,1,0.0,20.01,46.3,Beauty,46.3,0.0,46.3,20.01,4.14,1.07
O502920,2026-04-08,C10362,P2003,2,0.0,103.86,246.21,Sports,492.42,0.0,492.42,207.72,4.14,14.99
O502921,2025-09-22,C10893,P2018,3,0.0,23.1,60.58,Apparel,181.74,0.0,181.74,69.3,6.54,3.52
O502922,2026-01-01,C10308,P2003,2,0.05,103.86,246.21,Sports,492.42,24.62,467.8,207.72,6.72,10.8
O502923,2025-03-05,C10321,P2030,1,0.05,81.44,160.67,Electronics,160.67,8.03,152.64,81.44,6.11,4.31
O502924,2025-11-21,C10982,P2077,1,0.2,99.36,190.12,Apparel,190.12,38.02,152.1,99.36,4.87,3.26
O502925,2026-05-20,C10024,P2077,2,0.1,99.36,190.12,Apparel,380.24,38.02,342.22,198.72,5.6,7.72
O502926,2025-06-18,C10101,P2047,2,0.0,23.95,36.37,Sports,72.74,0.0,72.74,47.9,3.66,1.81
O502927,2025-09-21,C10834,P2031,1,0.0,54.53,117.07,Sports,117.07,0.0,117.07,54.53,4.25,2.79
O502928,2025-08-27,C10969,P2061,2,0.1,92.46,150.56,Sports,301.12,30.11,271.01,184.92,4.25,5.4
O502929,2025-01-11,C10832,P2016,3,0.05,23.99,66.65,Electronics,199.95,10.0,189.95,71.97,6.68,5.22
O502930,2025-04-15,C10754,P2019,1,0.0,28.46,61.03,Sports,61.03,0.0,61.03,28.46,5.21,1.35
O502931,2026-06-05,C11023,P2044,2,0.05,96.39,166.51,Electronics,333.02,16.65,316.37,192.78,7.79,10.04
O502932,2025-10-18,C10079,P2031,1,0.1,54.53,117.07,Sports,117.07,11.71,105.36,54.53,3.64,3.34
O502933,2025-05-13,C10865,P2032,2,0.15,83.59,176.17,Apparel,352.34,52.85,299.49,167.18,3.51,6.63
O502934,2025-07-11,C10667,P2020,2,0.05,96.28,147.84,Home,295.68,14.78,280.9,192.56,5.99,6.27
O502935,2026-03-04,C11198,P2029,3,0.2,30.95,55.54,Apparel,166.62,33.32,133.3,92.85,4.33,2.72
O502936,2025-09-07,C10926,P2028,2,0.05,49.21,76.08,Beauty,152.16,7.61,144.55,98.42,5.54,4.57
O502937,2026-02-09,C10401,P2027,1,0.1,39.51,103.84,Electronics,103.84,10.38,93.46,39.51,6.06,2.46
O502938,2026-02-06,C10569,P2063,1,0.15,107.79,241.07,Sports,241.07,36.16,204.91,107.79,3.45,5.13
O502939,2025-07-30,C10963,P2052,2,0.25,85.13,212.17,Beauty,424.34,106.08,318.26,170.26,5.12,8.76
O502940,2025-07-28,C10429,P2048,2,0.15,26.01,65.12,Home,130.24,19.54,110.7,52.02,4.66,3.09
O502941,2025-08-07,C10713,P2056,1,0.05,12.18,29.13,Home,29.13,1.46,27.67,12.18,4.22,0.63
O502942,2026-01-30,C10517,P2046,3,0.1,41.9,79.58,Sports,238.74,23.87,214.87,125.7,4.09,6.41
O502943,2026-04-19,C10624,P2012,1,0.15,91.5,250.58,Home,250.58,37.59,212.99,91.5,2.5,4.87
O502944,2025-09-12,C10942,P2036,3,0.1,79.57,186.92,Apparel,560.76,56.08,504.68,238.71,4.56,9.13
O502945,2025-10-08,C11168,P2040,3,0.0,46.24,112.16,Electronics,336.48,0.0,336.48,138.72,5.87,7.7
O502946,2026-02-07,C10686,P2047,2,0.0,23.95,36.37,Sports,72.74,0.0,72.74,47.9,3.32,2.12
O502947,2025-06-12,C10178,P2030,2,0.05,81.44,160.67,Electronics,321.34,16.07,305.27,162.88,7.08,6.83
O502948,2025-09-09,C10978,P2002,2,0.0,36.16,61.12,Beauty,122.24,0.0,122.24,72.32,8.53,3.55
O502949,2025-11-14,C10456,P2079,1,0.2,76.11,150.73,Apparel,150.73,30.15,120.58,76.11,4.66,2.82
O502950,2025-12-21,C10496,P2048,1,0.1,26.01,65.12,Home,65.12,6.51,58.61,26.01,3.07,1.12
O502951,2025-12-20,C11110,P2045,1,0.0,54.87,109.92,Sports,109.92,0.0,109.92,54.87,4.93,2.13
O502952,2026-03-27,C10393,P2068,2,0.05,54.46,128.05,Home,256.1,12.81,243.3,108.92,3.98,7.27
O502953,2026-06-13,C11065,P2070,3,0.25,80.41,185.88,Sports,557.64,139.41,418.23,241.23,4.87,8.12
O502954,2026-05-01,C11018,P2067,2,0.1,89.48,177.38,Sports,354.76,35.48,319.28,178.96,4.35,9.91
O502955,2025-03-15,C10206,P2052,2,0.1,85.13,212.17,Beauty,424.34,42.43,381.91,170.26,4.37,10.47
O502956,2025-05-04,C10361,P2025,2,0.1,59.62,149.3,Electronics,298.6,29.86,268.74,119.24,4.26,6.37
O502957,2026-02-21,C10162,P2021,1,0.0,75.19,147.18,Electronics,147.18,0.0,147.18,75.19,5.02,3.84
O502958,2026-06-23,C10215,P2035,3,0.1,33.04,85.13,Beauty,255.39,25.54,229.85,99.12,6.5,5.1
O502959,2025-03-20,C11172,P2012,1,0.05,91.5,250.58,Home,250.58,12.53,238.05,91.5,5.46,5.03
O502960,2025-02-01,C10029,P2000,2,0.15,20.01,46.3,Beauty,92.6,13.89,78.71,40.02,3.3,2.0
O502961,2025-07-19,C10988,P2021,2,0.15,75.19,147.18,Electronics,294.36,44.15,250.21,150.38,5.99,4.85
O502962,2026-05-12,C11089,P2077,1,0.0,99.36,190.12,Apparel,190.12,0.0,190.12,99.36,3.55,3.71
O502963,2025-10-21,C10285,P2048,2,0.15,26.01,65.12,Home,130.24,19.54,110.7,52.02,2.97,2.58
O502964,2026-04-22,C10166,P2024,2,0.25,38.64,85.56,Electronics,171.12,42.78,128.34,77.28,8.1,4.08
O502965,2025-06-04,C10655,P2014,2,0.1,105.6,279.48,Beauty,558.96,55.9,503.06,211.2,2.95,13.78
O502966,2026-05-31,C10062,P2020,3,0.1,96.28,147.84,Home,443.52,44.35,399.17,288.84,5.28,10.21
O502967,2025-07-11,C10883,P2065,1,0.2,74.22,160.54,Electronics,160.54,32.11,128.43,74.22,2.5,4.0
O502968,2025-10-15,C10580,P2074,2,0.15,60.53,130.38,Sports,260.76,39.11,221.65,121.06,4.07,6.49
O502969,2026-04-11,C10295,P2030,2,0.0,81.44,160.67,Electronics,321.34,0.0,321.34,162.88,8.09,6.9
O502970,2025-11-16,C11150,P2028,1,0.25,49.21,76.08,Beauty,76.08,19.02,57.06,49.21,6.1,1.26
O502971,2026-04-11,C10219,P2030,1,0.1,81.44,160.67,Electronics,160.67,16.07,144.6,81.44,3.82,2.93
O502972,2025-09-05,C10186,P2005,3,0.0,21.42,39.38,Sports,118.14,0.0,118.14,64.26,3.55,2.91
O502973,2025-12-02,C10571,P2071,3,0.0,72.34,202.22,Beauty,606.66,0.0,606.66,217.02,5.69,16.93
O502974,2025-08-21,C10532,P2070,3,0.1,80.41,185.88,Sports,557.64,55.76,501.88,241.23,3.32,11.25
O502975,2026-03-09,C10939,P2010,1,0.15,105.58,212.84,Electronics,212.84,31.93,180.91,105.58,5.51,3.41
O502976,2025-02-03,C10827,P2067,2,0.1,89.48,177.38,Sports,354.76,35.48,319.28,178.96,3.52,10.16
O502977,2026-03-23,C10756,P2070,1,0.2,80.41,185.88,Sports,185.88,37.18,148.7,80.41,6.98,2.88
O502978,2025-03-09,C10660,P2005,2,0.0,21.42,39.38,Sports,78.76,0.0,78.76,42.84,3.73,2.42
O502979,2025-01-01,C10564,P2041,3,0.0,53.15,104.66,Apparel,313.98,0.0,313.98,159.45,6.2,9.69
O502980,2025-11-25,C10464,P2014,2,0.15,105.6,279.48,Beauty,558.96,83.84,475.12,211.2,4.94,9.07
O502981,2025-06-22,C11064,P2049,2,0.0,75.64,173.14,Apparel,346.28,0.0,346.28,151.28,5.27,8.12
O502982,2025-12-18,C10540,P2045,1,0.0,54.87,109.92,Sports,109.92,0.0,109.92,54.87,6.42,3.2
O502983,2025-05-22,C10029,P2055,1,0.2,14.94,29.55,Sports,29.55,5.91,23.64,14.94,5.96,0.57
O502984,2025-10-24,C10909,P2030,2,0.2,81.44,160.67,Electronics,321.34,64.27,257.07,162.88,4.14,7.39
O502985,2026-04-30,C10620,P2046,2,0.25,41.9,79.58,Sports,159.16,39.79,119.37,83.8,3.71,2.36
O502986,2025-10-24,C11091,P2028,1,0.0,49.21,76.08,Beauty,76.08,0.0,76.08,49.21,5.07,2.05
O502987,2026-01-03,C10741,P2035,2,0.2,33.04,85.13,Beauty,170.26,34.05,136.21,66.08,4.61,3.21
O502988,2025-06-28,C10954,P2058,2,0.1,56.31,124.87,Electronics,249.74,24.97,224.77,112.62,4.46,4.63
O502989,2025-07-04,C10289,P2001,1,0.0,67.86,159.31,Electronics,159.31,0.0,159.31,67.86,4.17,4.16
O502990,2026-05-25,C10715,P2040,1,0.0,46.24,112.16,Electronics,112.16,0.0,112.16,46.24,5.78,2.15
O502991,2025-06-12,C10794,P2071,1,0.05,72.34,202.22,Beauty,202.22,10.11,192.11,72.34,5.34,5.4
O502992,2026-04-17,C10495,P2023,2,0.05,99.43,207.17,Apparel,414.34,20.72,393.62,198.86,4.96,9.76
O502993,2025-10-22,C10422,P2041,1,0.1,53.15,104.66,Apparel,104.66,10.47,94.19,53.15,7.75,2.54
O502994,2025-05-02,C10154,P2002,2,0.0,36.16,61.12,Beauty,122.24,0.0,122.24,72.32,5.14,3.66
O502995,2025-10-15,C11001,P2022,1,0.0,39.69,79.46,Beauty,79.46,0.0,79.46,39.69,4.28,1.69
O502996,2025-04-22,C10543,P2026,1,0.2,25.88,63.53,Beauty,63.53,12.71,50.82,25.88,4.44,1.14
O502997,2025-10-01,C10189,P2015,1,0.15,32.67,56.68,Home,56.68,8.5,48.18,32.67,7.23,1.53
O502998,2025-09-29,C10281,P2058,2,0.0,56.31,124.87,Electronics,249.74,0.0,249.74,112.62,6.01,5.43
O502999,2026-06-05,C10354,P2017,2,0.05,42.64,69.06,Apparel,138.12,6.91,131.21,85.28,3.51,4.17
O503000,2025-09-20,C10253,P2006,1,0.05,90.83,200.16,Electronics,200.16,10.01,190.15,90.83,7.16,4.15
O503001,2025-04-06,C10813,P2023,3,0.0,99.43,207.17,Apparel,621.51,0.0,621.51,298.29,6.81,16.46
O503002,2025-09-15,C10665,P2059,3,0.05,74.58,192.13,Electronics,576.39,28.82,547.57,223.74,7.43,15.07
O503003,2025-01-15,C10119,P2017,2,0.15,42.64,69.06,Apparel,138.12,20.72,117.4,85.28,2.5,3.63
O503004,2025-11-26,C10273,P2075,2,0.1,49.49,125.61,Electronics,251.22,25.12,226.1,98.98,4.67,6.16
O503005,2025-02-05,C11106,P2015,3,0.0,32.67,56.68,Home,170.04,0.0,170.04,98.01,4.79,3.85
O503006,2026-05-12,C10011,P2034,1,0.0,84.74,206.91,Electronics,206.91,0.0,206.91,84.74,5.5,4.74
O503007,2026-06-23,C10408,P2071,1,0.25,72.34,202.22,Beauty,202.22,50.56,151.66,72.34,5.34,3.87
O503008,2026-02-09,C10051,P2019,2,0.0,28.46,61.03,Sports,122.06,0.0,122.06,56.92,4.89,3.78
O503009,2025-07-11,C10709,P2005,3,0.1,21.42,39.38,Sports,118.14,11.81,106.33,64.26,3.9,2.43
O503010,2025-06-25,C10015,P2027,1,0.1,39.51,103.84,Electronics,103.84,10.38,93.46,39.51,5.2,1.94
O503011,2025-12-06,C11084,P2031,1,0.1,54.53,117.07,Sports,117.07,11.71,105.36,54.53,5.2,2.13
O503012,2025-04-11,C11172,P2056,2,0.25,12.18,29.13,Home,58.26,14.56,43.7,24.36,5.78,0.98
O503013,2026-05-15,C10666,P2006,1,0.1,90.83,200.16,Electronics,200.16,20.02,180.14,90.83,5.4,5.05
O503014,2025-10-31,C10490,P2070,2,0.05,80.41,185.88,Sports,371.76,18.59,353.17,160.82,6.16,10.87
O503015,2025-07-13,C11006,P2038,1,0.05,61.98,100.85,Sports,100.85,5.04,95.81,61.98,3.83,1.74
O503016,2025-10-05,C10036,P2062,1,0.05,69.71,151.88,Beauty,151.88,7.59,144.29,69.71,4.69,3.03
O503017,2026-05-02,C11194,P2060,1,0.2,91.93,225.41,Sports,225.41,45.08,180.33,91.93,4.92,4.97
O503018,2026-05-18,C11016,P2038,3,0.15,61.98,100.85,Sports,302.55,45.38,257.17,185.94,2.87,6.09
O503019,2026-04-08,C10372,P2055,1,0.15,14.94,29.55,Sports,29.55,4.43,25.12,14.94,4.87,0.8
O503020,2026-03-02,C10988,P2055,2,0.1,14.94,29.55,Sports,59.1,5.91,53.19,29.88,6.22,1.54
O503021,2026-04-25,C10982,P2045,1,0.0,54.87,109.92,Sports,109.92,0.0,109.92,54.87,4.8,2.94
O503022,2026-04-03,C10922,P2037,1,0.05,19.43,42.14,Home,42.14,2.11,40.03,19.43,7.16,0.98
O503023,2026-02-05,C10150,P2013,1,0.2,14.91,32.18,Beauty,32.18,6.44,25.74,14.91,3.62,0.53
O503024,2025-02-28,C11110,P2068,2,0.0,54.46,128.05,Home,256.1,0.0,256.1,108.92,3.78,5.39
O503025,2026-04-29,C11067,P2035,3,0.1,33.04,85.13,Beauty,255.39,25.54,229.85,99.12,6.52,5.5
O503026,2025-08-13,C10751,P2056,1,0.0,12.18,29.13,Home,29.13,0.0,29.13,12.18,4.91,0.74
O503027,2025-07-25,C10550,P2047,1,0.15,23.95,36.37,Sports,36.37,5.46,30.91,23.95,6.03,0.92
O503028,2026-03-29,C10287,P2013,1,0.1,14.91,32.18,Beauty,32.18,3.22,28.96,14.91,5.41,0.81
O503029,2025-02-15,C10733,P2050,3,0.1,47.62,83.27,Beauty,249.81,24.98,224.83,142.86,6.15,4.89
O503030,2025-03-08,C10035,P2042,1,0.1,21.36,43.17,Sports,43.17,4.32,38.85,21.36,3.1,1.04
O503031,2026-06-13,C10040,P2010,1,0.0,105.58,212.84,Electronics,212.84,0.0,212.84,105.58,4.36,4.43
O503032,2025-11-30,C10414,P2033,2,0.2,102.58,280.83,Apparel,561.66,112.33,449.33,205.16,3.64,8.88
O503033,2026-01-20,C11016,P2002,1,0.15,36.16,61.12,Beauty,61.12,9.17,51.95,36.16,6.88,1.47
O503034,2025-04-12,C10670,P2001,1,0.2,67.86,159.31,Electronics,159.31,31.86,127.45,67.86,5.51,3.33
O503035,2025-05-29,C10208,P2040,2,0.15,46.24,112.16,Electronics,224.32,33.65,190.67,92.48,5.19,3.94
O503036,2025-03-14,C11149,P2037,1,0.0,19.43,42.14,Home,42.14,0.0,42.14,19.43,5.1,1.3
O503037,2025-06-15,C10738,P2035,1,0.1,33.04,85.13,Beauty,85.13,8.51,76.62,33.04,6.0,1.41
O503038,2026-01-30,C10223,P2058,3,0.15,56.31,124.87,Electronics,374.61,56.19,318.42,168.93,3.99,9.73
O503039,2025-06-30,C10039,P2057,3,0.15,24.55,53.8,Beauty,161.4,24.21,137.19,73.65,8.71,4.39
O503040,2026-02-15,C10709,P2003,1,0.0,103.86,246.21,Sports,246.21,0.0,246.21,103.86,4.24,6.46
O503041,2025-02-13,C10477,P2066,2,0.1,21.23,45.94,Beauty,91.88,9.19,82.69,42.46,3.52,2.5
O503042,2025-03-03,C10416,P2053,1,0.05,95.73,175.96,Electronics,175.96,8.8,167.16,95.73,2.5,5.0
O503043,2025-07-10,C10792,P2030,2,0.15,81.44,160.67,Electronics,321.34,48.2,273.14,162.88,7.08,8.21
O503044,2025-02-25,C10671,P2013,3,0.05,14.91,32.18,Beauty,96.54,4.83,91.71,44.73,4.65,2.03
O503045,2026-02-27,C10668,P2011,3,0.0,25.59,43.62,Electronics,130.86,0.0,130.86,76.77,6.05,3.96
O503046,2025-12-11,C10825,P2039,2,0.15,88.55,225.55,Beauty,451.1,67.67,383.44,177.1,4.22,9.96
O503047,2025-08-26,C10137,P2066,3,0.2,21.23,45.94,Beauty,137.82,27.56,110.26,63.69,3.61,2.94
O503048,2025-12-07,C10196,P2008,2,0.15,64.11,126.24,Beauty,252.48,37.87,214.61,128.22,5.32,4.51
O503049,2025-09-23,C10592,P2068,1,0.2,54.46,128.05,Home,128.05,25.61,102.44,54.46,3.73,2.68
O503050,2025-07-01,C10645,P2030,3,0.0,81.44,160.67,Electronics,482.01,0.0,482.01,244.32,3.3,11.13
O503051,2026-02-16,C10924,P2064,2,0.1,92.82,194.3,Sports,388.6,38.86,349.74,185.64,5.6,8.03
O503052,2025-07-06,C10649,P2050,3,0.05,47.62,83.27,Beauty,249.81,12.49,237.32,142.86,4.43,4.58
O503053,2025-06-29,C11135,P2076,2,0.05,94.33,153.36,Apparel,306.72,15.34,291.38,188.66,5.51,6.19
O503054,2026-06-05,C11171,P2042,2,0.15,21.36,43.17,Sports,86.34,12.95,73.39,42.72,6.78,2.21
O503055,2025-11-23,C10955,P2066,2,0.1,21.23,45.94,Beauty,91.88,9.19,82.69,42.46,5.31,1.94
O503056,2025-06-24,C10423,P2033,1,0.15,102.58,280.83,Apparel,280.83,42.12,238.71,102.58,4.6,4.84
O503057,2025-08-03,C10519,P2054,1,0.25,19.42,50.24,Beauty,50.24,12.56,37.68,19.42,4.25,0.81
O503058,2025-02-26,C10379,P2070,1,0.05,80.41,185.88,Sports,185.88,9.29,176.59,80.41,4.67,3.44
O503059,2025-07-23,C10688,P2053,1,0.15,95.73,175.96,Electronics,175.96,26.39,149.57,95.73,5.49,4.33
O503060,2025-11-09,C10190,P2001,1,0.1,67.86,159.31,Electronics,159.31,15.93,143.38,67.86,5.23,3.82
O503061,2025-04-06,C10498,P2026,2,0.0,25.88,63.53,Beauty,127.06,0.0,127.06,51.76,7.01,3.03
O503062,2026-06-07,C10408,P2070,2,0.15,80.41,185.88,Sports,371.76,55.76,316.0,160.82,7.2,8.51
O503063,2026-02-27,C10222,P2067,1,0.0,89.48,177.38,Sports,177.38,0.0,177.38,89.48,6.23,3.33
O503064,2025-11-28,C10073,P2033,2,0.0,102.58,280.83,Apparel,561.66,0.0,561.66,205.16,4.68,17.76
O503065,2025-03-05,C10161,P2020,2,0.1,96.28,147.84,Home,295.68,29.57,266.11,192.56,2.5,5.88
O503066,2025-11-14,C10823,P2051,3,0.1,21.09,56.25,Home,168.75,16.88,151.88,63.27,3.64,3.22
O503067,2026-06-08,C10790,P2018,2,0.0,23.1,60.58,Apparel,121.16,0.0,121.16,46.2,6.7,3.03
O503068,2025-06-14,C10923,P2001,1,0.05,67.86,159.31,Electronics,159.31,7.97,151.34,67.86,3.32,4.82
O503069,2025-02-13,C10051,P2023,2,0.15,99.43,207.17,Apparel,414.34,62.15,352.19,198.86,5.19,11.22
O503070,2026-02-28,C10550,P2058,3,0.2,56.31,124.87,Electronics,374.61,74.92,299.69,168.93,7.5,9.06
O503071,2025-05-18,C10521,P2046,1,0.1,41.9,79.58,Sports,79.58,7.96,71.62,41.9,6.79,2.2
O503072,2025-07-27,C10497,P2064,3,0.0,92.82,194.3,Sports,582.9,0.0,582.9,278.46,4.32,13.39
O503073,2026-02-14,C10145,P2043,2,0.05,34.43,56.92,Electronics,113.84,5.69,108.15,68.86,4.5,2.17
O503074,2025-03-07,C10721,P2052,3,0.1,85.13,212.17,Beauty,636.51,63.65,572.86,255.39,6.22,10.48
O503075,2025-04-16,C11065,P2009,2,0.0,89.03,195.13,Home,390.26,0.0,390.26,178.06,4.88,11.32
O503076,2025-06-10,C10944,P2032,2,0.0,83.59,176.17,Apparel,352.34,0.0,352.34,167.18,6.25,10.62
O503077,2025-08-29,C10995,P2030,1,0.05,81.44,160.67,Electronics,160.67,8.03,152.64,81.44,9.85,3.0
O503078,2026-03-06,C10196,P2075,1,0.05,49.49,125.61,Electronics,125.61,6.28,119.33,49.49,3.73,3.79
O503079,2025-01-23,C11127,P2062,2,0.2,69.71,151.88,Beauty,303.76,60.75,243.01,139.42,4.02,4.78
O503080,2026-06-18,C11105,P2049,1,0.15,75.64,173.14,Apparel,173.14,25.97,147.17,75.64,3.86,3.16
O503081,2025-01-07,C10629,P2001,2,0.05,67.86,159.31,Electronics,318.62,15.93,302.69,135.72,4.68,6.43
O503082,2025-01-26,C10305,P2019,2,0.0,28.46,61.03,Sports,122.06,0.0,122.06,56.92,6.7,2.78
O503083,2025-03-16,C10182,P2054,1,0.15,19.42,50.24,Beauty,50.24,7.54,42.7,19.42,5.23,1.36
O503084,2025-04-02,C10689,P2000,2,0.1,20.01,46.3,Beauty,92.6,9.26,83.34,40.02,5.5,1.7
O503085,2025-09-21,C10836,P2052,3,0.1,85.13,212.17,Beauty,636.51,63.65,572.86,255.39,4.19,16.81
O503086,2025-06-10,C11093,P2066,1,0.2,21.23,45.94,Beauty,45.94,9.19,36.75,21.23,2.5,0.94
O503087,2026-03-28,C11031,P2063,1,0.2,107.79,241.07,Sports,241.07,48.21,192.86,107.79,3.67,4.13
O503088,2025-01-11,C10308,P2006,3,0.1,90.83,200.16,Electronics,600.48,60.05,540.43,272.49,5.82,9.97
O503089,2026-02-13,C10422,P2056,2,0.15,12.18,29.13,Home,58.26,8.74,49.52,24.36,3.56,1.27
O503090,2025-07-04,C10707,P2045,2,0.05,54.87,109.92,Sports,219.84,10.99,208.85,109.74,4.09,4.88
O503091,2026-06-08,C11135,P2061,1,0.05,92.46,150.56,Sports,150.56,7.53,143.03,92.46,3.98,4.5
O503092,2025-02-09,C11088,P2011,2,0.1,25.59,43.62,Electronics,87.24,8.72,78.52,51.18,4.68,1.61
O503093,2026-01-21,C10363,P2071,3,0.0,72.34,202.22,Beauty,606.66,0.0,606.66,217.02,4.51,12.03
O503094,2025-09-08,C10348,P2004,1,0.1,82.13,229.05,Sports,229.05,22.9,206.14,82.13,5.25,4.2
O503095,2025-03-20,C10463,P2023,3,0.0,99.43,207.17,Apparel,621.51,0.0,621.51,298.29,3.34,13.3
O503096,2025-04-06,C10250,P2028,2,0.05,49.21,76.08,Beauty,152.16,7.61,144.55,98.42,4.47,4.53
O503097,2025-01-22,C10423,P2076,1,0.0,94.33,153.36,Apparel,153.36,0.0,153.36,94.33,6.6,4.8
O503098,2026-01-15,C10064,P2067,2,0.2,89.48,177.38,Sports,354.76,70.95,283.81,178.96,5.83,5.25
O503099,2025-07-22,C11193,P2049,1,0.15,75.64,173.14,Apparel,173.14,25.97,147.17,75.64,8.1,3.62
O503100,2025-12-03,C11113,P2058,2,0.0,56.31,124.87,Electronics,249.74,0.0,249.74,112.62,3.82,6.86
O503101,2025-12-15,C11178,P2011,2,0.05,25.59,43.62,Electronics,87.24,4.36,82.88,51.18,5.44,1.53
O503102,2025-09-14,C10404,P2072,2,0.05,85.85,152.66,Sports,305.32,15.27,290.05,171.7,4.7,6.83
O503103,2026-02-01,C10262,P2054,2,0.15,19.42,50.24,Beauty,100.48,15.07,85.41,38.84,6.98,2.58
O503104,2025-03-18,C10877,P2042,2,0.15,21.36,43.17,Sports,86.34,12.95,73.39,42.72,7.95,2.3
O503105,2026-06-25,C11113,P2073,1,0.0,103.53,278.8,Apparel,278.8,0.0,278.8,103.53,2.95,7.05
O503106,2025-06-23,C11174,P2009,2,0.1,89.03,195.13,Home,390.26,39.03,351.23,178.06,4.6,8.16
O503107,2026-02-26,C10350,P2014,1,0.1,105.6,279.48,Beauty,279.48,27.95,251.53,105.6,6.75,4.8
O503108,2025-10-30,C10947,P2063,2,0.05,107.79,241.07,Sports,482.14,24.11,458.03,215.58,5.08,13.2
O503109,2026-02-22,C10832,P2069,1,0.25,90.63,175.87,Apparel,175.87,43.97,131.9,90.63,2.5,3.09
O503110,2025-04-15,C10221,P2011,1,0.0,25.59,43.62,Electronics,43.62,0.0,43.62,25.59,4.9,1.14
O503111,2025-07-23,C10544,P2039,1,0.2,88.55,225.55,Beauty,225.55,45.11,180.44,88.55,4.49,5.3
O503112,2026-03-01,C10895,P2071,1,0.2,72.34,202.22,Beauty,202.22,40.44,161.78,72.34,4.15,3.87
O503113,2025-05-08,C10024,P2056,2,0.0,12.18,29.13,Home,58.26,0.0,58.26,24.36,6.77,1.27
O503114,2025-11-02,C10136,P2031,2,0.0,54.53,117.07,Sports,234.14,0.0,234.14,109.06,5.04,7.39
O503115,2025-09-22,C10778,P2056,3,0.1,12.18,29.13,Home,87.39,8.74,78.65,36.54,4.17,2.24
O503116,2025-04-18,C10028,P2066,3,0.0,21.23,45.94,Beauty,137.82,0.0,137.82,63.69,3.99,3.36
O503117,2025-07-14,C10097,P2009,1,0.2,89.03,195.13,Home,195.13,39.03,156.1,89.03,3.88,4.5
O503118,2025-10-17,C11165,P2065,1,0.0,74.22,160.54,Electronics,160.54,0.0,160.54,74.22,5.31,2.93
O503119,2025-10-16,C10274,P2002,1,0.15,36.16,61.12,Beauty,61.12,9.17,51.95,36.16,7.31,1.48
O503120,2025-08-09,C10759,P2055,1,0.25,14.94,29.55,Sports,29.55,7.39,22.16,14.94,3.29,0.57
O503121,2025-12-25,C11090,P2013,2,0.2,14.91,32.18,Beauty,64.36,12.87,51.49,29.82,4.69,1.48
O503122,2025-02-17,C10431,P2012,1,0.1,91.5,250.58,Home,250.58,25.06,225.52,91.5,4.13,6.29
O503123,2025-06-14,C10988,P2048,1,0.1,26.01,65.12,Home,65.12,6.51,58.61,26.01,5.35,1.81
O503124,2025-01-12,C10403,P2074,1,0.25,60.53,130.38,Sports,130.38,32.6,97.78,60.53,6.98,2.13
O503125,2026-06-27,C10567,P2003,1,0.05,103.86,246.21,Sports,246.21,12.31,233.9,103.86,7.07,6.32
O503126,2025-10-18,C10333,P2019,2,0.15,28.46,61.03,Sports,122.06,18.31,103.75,56.92,3.23,3.13
O503127,2025-01-05,C11197,P2024,1,0.25,38.64,85.56,Electronics,85.56,21.39,64.17,38.64,4.64,1.93
O503128,2025-11-05,C10400,P2040,1,0.2,46.24,112.16,Electronics,112.16,22.43,89.73,46.24,4.34,2.13
O503129,2025-10-27,C10337,P2015,1,0.15,32.67,56.68,Home,56.68,8.5,48.18,32.67,6.32,0.91
O503130,2026-03-01,C10794,P2043,1,0.1,34.43,56.92,Electronics,56.92,5.69,51.23,34.43,5.12,1.16
O503131,2025-10-22,C10613,P2042,1,0.1,21.36,43.17,Sports,43.17,4.32,38.85,21.36,4.69,0.98
O503132,2026-02-20,C10668,P2003,1,0.05,103.86,246.21,Sports,246.21,12.31,233.9,103.86,5.36,6.82
O503133,2025-10-15,C10252,P2074,2,0.0,60.53,130.38,Sports,260.76,0.0,260.76,121.06,2.77,7.03
O503134,2026-02-03,C10257,P2050,2,0.0,47.62,83.27,Beauty,166.54,0.0,166.54,95.24,6.22,4.62
O503135,2025-02-27,C10671,P2075,1,0.2,49.49,125.61,Electronics,125.61,25.12,100.49,49.49,3.24,2.7
O503136,2026-03-21,C10745,P2026,1,0.05,25.88,63.53,Beauty,63.53,3.18,60.35,25.88,4.14,1.3
O503137,2026-01-11,C10166,P2027,1,0.0,39.51,103.84,Electronics,103.84,0.0,103.84,39.51,6.54,3.13
O503138,2025-01-24,C10955,P2024,1,0.05,38.64,85.56,Electronics,85.56,4.28,81.28,38.64,5.01,1.85
O503139,2025-01-20,C11113,P2018,3,0.1,23.1,60.58,Apparel,181.74,18.17,163.57,69.3,5.77,4.55
O503140,2025-09-19,C10978,P2027,2,0.0,39.51,103.84,Electronics,207.68,0.0,207.68,79.02,6.04,5.14
O503141,2025-04-21,C10057,P2012,1,0.15,91.5,250.58,Home,250.58,37.59,212.99,91.5,4.13,4.62
O503142,2025-12-17,C10449,P2041,3,0.05,53.15,104.66,Apparel,313.98,15.7,298.28,159.45,7.3,8.39
O503143,2025-10-18,C11096,P2043,1,0.2,34.43,56.92,Electronics,56.92,11.38,45.54,34.43,3.71,1.13
O503144,2025-11-11,C10277,P2022,2,0.2,39.69,79.46,Beauty,158.92,31.78,127.14,79.38,4.61,3.05
O503145,2026-05-25,C10600,P2045,2,0.05,54.87,109.92,Sports,219.84,10.99,208.85,109.74,5.2,4.68
O503146,2025-01-11,C10458,P2004,1,0.05,82.13,229.05,Sports,229.05,11.45,217.6,82.13,6.81,4.67
O503147,2025-02-07,C10642,P2033,2,0.0,102.58,280.83,Apparel,561.66,0.0,561.66,205.16,6.23,15.66
O503148,2026-05-22,C10967,P2009,2,0.05,89.03,195.13,Home,390.26,19.51,370.75,178.06,2.5,10.99
O503149,2025-06-03,C11033,P2057,3,0.15,24.55,53.8,Beauty,161.4,24.21,137.19,73.65,6.12,3.07
O503150,2025-12-06,C10465,P2026,1,0.0,25.88,63.53,Beauty,63.53,0.0,63.53,25.88,4.82,1.74
O503151,2026-02-16,C10537,P2007,2,0.0,81.19,138.2,Apparel,276.4,0.0,276.4,162.38,5.56,7.36
O503152,2025-06-20,C11060,P2055,1,0.15,14.94,29.55,Sports,29.55,4.43,25.12,14.94,5.59,0.46
O503153,2025-09-04,C10147,P2051,2,0.0,21.09,56.25,Home,112.5,0.0,112.5,42.18,6.87,2.88
O503154,2025-07-08,C11141,P2006,1,0.0,90.83,200.16,Electronics,200.16,0.0,200.16,90.83,4.99,5.41
O503155,2025-03-23,C10994,P2054,3,0.05,19.42,50.24,Beauty,150.72,7.54,143.18,58.26,3.08,4.51
O503156,2026-05-25,C11116,P2020,3,0.1,96.28,147.84,Home,443.52,44.35,399.17,288.84,7.77,7.87
O503157,2025-01-11,C10351,P2002,3,0.0,36.16,61.12,Beauty,183.36,0.0,183.36,108.48,3.77,4.04
O503158,2025-02-11,C10097,P2011,2,0.25,25.59,43.62,Electronics,87.24,21.81,65.43,51.18,3.91,1.79
O503159,2025-01-29,C10039,P2046,1,0.1,41.9,79.58,Sports,79.58,7.96,71.62,41.9,5.9,1.75
O503160,2026-02-28,C11056,P2022,1,0.1,39.69,79.46,Beauty,79.46,7.95,71.51,39.69,5.72,1.87
O503161,2025-05-13,C10203,P2056,2,0.15,12.18,29.13,Home,58.26,8.74,49.52,24.36,5.45,1.25
O503162,2025-12-27,C10985,P2024,3,0.0,38.64,85.56,Electronics,256.68,0.0,256.68,115.92,7.47,6.84
O503163,2026-02-01,C10875,P2056,2,0.15,12.18,29.13,Home,58.26,8.74,49.52,24.36,3.48,1.34
O503164,2025-09-09,C11178,P2023,1,0.15,99.43,207.17,Apparel,207.17,31.08,176.09,99.43,3.13,4.92
O503165,2025-03-15,C11089,P2068,1,0.1,54.46,128.05,Home,128.05,12.81,115.24,54.46,5.99,2.22
O503166,2025-01-30,C10388,P2028,1,0.1,49.21,76.08,Beauty,76.08,7.61,68.47,49.21,7.5,1.41
O503167,2025-12-05,C11033,P2022,1,0.1,39.69,79.46,Beauty,79.46,7.95,71.51,39.69,8.24,1.81
O503168,2026-03-11,C10946,P2021,1,0.05,75.19,147.18,Electronics,147.18,7.36,139.82,75.19,4.92,4.32
O503169,2025-05-31,C10195,P2065,2,0.1,74.22,160.54,Electronics,321.08,32.11,288.97,148.44,7.65,5.4
O503170,2025-05-01,C10598,P2001,1,0.15,67.86,159.31,Electronics,159.31,23.9,135.41,67.86,2.5,2.82
O503171,2026-06-18,C10498,P2064,1,0.1,92.82,194.3,Sports,194.3,19.43,174.87,92.82,5.12,3.47
O503172,2025-07-31,C10917,P2020,1,0.2,96.28,147.84,Home,147.84,29.57,118.27,96.28,5.33,2.34
O503173,2025-03-27,C10988,P2068,1,0.0,54.46,128.05,Home,128.05,0.0,128.05,54.46,3.9,3.8
O503174,2025-03-26,C10002,P2003,2,0.0,103.86,246.21,Sports,492.42,0.0,492.42,207.72,5.26,11.02
O503175,2025-01-14,C11051,P2021,3,0.05,75.19,147.18,Electronics,441.54,22.08,419.46,225.57,5.06,9.69
O503176,2026-01-16,C10211,P2046,2,0.1,41.9,79.58,Sports,159.16,15.92,143.24,83.8,5.69,2.86
O503177,2025-03-24,C10783,P2079,2,0.0,76.11,150.73,Apparel,301.46,0.0,301.46,152.22,6.51,6.61
O503178,2026-03-26,C10044,P2030,2,0.1,81.44,160.67,Electronics,321.34,32.13,289.21,162.88,7.14,6.58
O503179,2025-02-27,C10006,P2024,2,0.1,38.64,85.56,Electronics,171.12,17.11,154.01,77.28,5.26,3.85
O503180,2026-01-07,C10766,P2008,1,0.0,64.11,126.24,Beauty,126.24,0.0,126.24,64.11,5.65,2.51
O503181,2025-10-31,C10146,P2019,1,0.05,28.46,61.03,Sports,61.03,3.05,57.98,28.46,4.39,1.64
O503182,2025-01-24,C10627,P2031,1,0.1,54.53,117.07,Sports,117.07,11.71,105.36,54.53,2.5,2.34
O503183,2025-12-05,C10681,P2003,2,0.0,103.86,246.21,Sports,492.42,0.0,492.42,207.72,10.22,12.34
O503184,2025-02-03,C10014,P2019,2,0.0,28.46,61.03,Sports,122.06,0.0,122.06,56.92,5.51,2.99
O503185,2026-01-09,C10524,P2075,2,0.0,49.49,125.61,Electronics,251.22,0.0,251.22,98.98,6.27,7.48
O503186,2025-09-18,C10229,P2007,2,0.0,81.19,138.2,Apparel,276.4,0.0,276.4,162.38,5.59,5.1
O503187,2025-02-22,C10411,P2006,2,0.0,90.83,200.16,Electronics,400.32,0.0,400.32,181.66,6.93,9.76
O503188,2026-01-21,C11099,P2004,3,0.0,82.13,229.05,Sports,687.15,0.0,687.15,246.39,6.84,16.34
O503189,2026-03-15,C10366,P2068,1,0.0,54.46,128.05,Home,128.05,0.0,128.05,54.46,4.84,2.57
O503190,2025-02-24,C10575,P2057,1,0.1,24.55,53.8,Beauty,53.8,5.38,48.42,24.55,5.8,1.18
O503191,2025-11-30,C10902,P2026,2,0.0,25.88,63.53,Beauty,127.06,0.0,127.06,51.76,5.85,3.82
O503192,2025-01-21,C10232,P2000,2,0.1,20.01,46.3,Beauty,92.6,9.26,83.34,40.02,4.79,1.71
O503193,2025-07-22,C10427,P2002,2,0.15,36.16,61.12,Beauty,122.24,18.34,103.9,72.32,5.04,2.65
O503194,2025-12-01,C11136,P2034,1,0.0,84.74,206.91,Electronics,206.91,0.0,206.91,84.74,2.94,5.54
O503195,2026-01-16,C10409,P2042,1,0.05,21.36,43.17,Sports,43.17,2.16,41.01,21.36,7.22,0.91
O503196,2025-02-24,C10647,P2076,2,0.0,94.33,153.36,Apparel,306.72,0.0,306.72,188.66,6.48,6.68
O503197,2025-04-05,C10250,P2036,3,0.1,79.57,186.92,Apparel,560.76,56.08,504.68,238.71,3.75,10.46
O503198,2026-05-29,C10632,P2000,2,0.0,20.01,46.3,Beauty,92.6,0.0,92.6,40.02,6.44,2.52
O503199,2025-12-05,C10569,P2070,1,0.2,80.41,185.88,Sports,185.88,37.18,148.7,80.41,3.62,3.39
O503200,2025-04-10,C11156,P2025,2,0.1,59.62,149.3,Electronics,298.6,29.86,268.74,119.24,3.98,7.11
O503201,2025-10-02,C10107,P2043,2,0.05,34.43,56.92,Electronics,113.84,5.69,108.15,68.86,6.69,2.7
O503202,2025-10-03,C11049,P2005,1,0.1,21.42,39.38,Sports,39.38,3.94,35.44,21.42,6.47,1.02
O503203,2026-01-15,C10394,P2040,3,0.2,46.24,112.16,Electronics,336.48,67.3,269.18,138.72,4.67,5.32
O503204,2025-10-01,C10087,P2021,1,0.0,75.19,147.18,Electronics,147.18,0.0,147.18,75.19,4.65,3.05
O503205,2025-05-14,C10173,P2017,3,0.1,42.64,69.06,Apparel,207.18,20.72,186.46,127.92,2.68,3.63
O503206,2025-10-17,C11105,P2069,2,0.15,90.63,175.87,Apparel,351.74,52.76,298.98,181.26,4.2,6.64
O503207,2026-06-23,C10630,P2049,1,0.15,75.64,173.14,Apparel,173.14,25.97,147.17,75.64,4.16,3.82
O503208,2025-09-03,C10157,P2040,1,0.15,46.24,112.16,Electronics,112.16,16.82,95.34,46.24,4.94,2.42
O503209,2025-04-20,C11096,P2008,1,0.05,64.11,126.24,Beauty,126.24,6.31,119.93,64.11,5.21,2.84
O503210,2025-06-24,C10618,P2075,3,0.05,49.49,125.61,Electronics,376.83,18.84,357.99,148.47,6.27,11.17
O503211,2025-12-17,C10650,P2004,2,0.1,82.13,229.05,Sports,458.1,45.81,412.29,164.26,5.47,10.86
O503212,2025-10-31,C10514,P2048,1,0.15,26.01,65.12,Home,65.12,9.77,55.35,26.01,4.98,1.6
O503213,2025-09-26,C10516,P2012,2,0.0,91.5,250.58,Home,501.16,0.0,501.16,183.0,4.26,12.68
O503214,2025-08-09,C10136,P2004,1,0.05,82.13,229.05,Sports,229.05,11.45,217.6,82.13,3.32,5.98
O503215,2026-04-12,C10264,P2016,3,0.15,23.99,66.65,Electronics,199.95,29.99,169.96,71.97,3.24,3.73
O503216,2025-12-19,C11048,P2058,1,0.1,56.31,124.87,Electronics,124.87,12.49,112.38,56.31,4.81,2.07
O503217,2025-07-07,C10896,P2063,3,0.0,107.79,241.07,Sports,723.21,0.0,723.21,323.37,4.32,17.36
O503218,2026-03-14,C10964,P2014,1,0.1,105.6,279.48,Beauty,279.48,27.95,251.53,105.6,6.7,6.98
O503219,2025-05-10,C11191,P2019,2,0.15,28.46,61.03,Sports,122.06,18.31,103.75,56.92,3.69,2.49
O503220,2026-05-21,C10270,P2059,1,0.05,74.58,192.13,Electronics,192.13,9.61,182.52,74.58,4.61,5.37
O503221,2025-10-14,C10676,P2052,3,0.15,85.13,212.17,Beauty,636.51,95.48,541.03,255.39,5.79,17.13
O503222,2025-09-18,C10202,P2058,2,0.1,56.31,124.87,Electronics,249.74,24.97,224.77,112.62,5.25,6.27
O503223,2025-03-26,C11117,P2012,3,0.15,91.5,250.58,Home,751.74,112.76,638.98,274.5,5.97,13.45
O503224,2025-05-03,C10275,P2066,1,0.15,21.23,45.94,Beauty,45.94,6.89,39.05,21.23,6.88,1.21
O503225,2025-02-16,C11126,P2064,1,0.0,92.82,194.3,Sports,194.3,0.0,194.3,92.82,3.49,4.67
O503226,2026-05-01,C10682,P2008,2,0.25,64.11,126.24,Beauty,252.48,63.12,189.36,128.22,5.65,5.97
O503227,2025-07-04,C10573,P2026,1,0.15,25.88,63.53,Beauty,63.53,9.53,54.0,25.88,4.84,1.43
O503228,2026-05-29,C10640,P2010,1,0.1,105.58,212.84,Electronics,212.84,21.28,191.56,105.58,5.0,3.69
O503229,2025-04-04,C10809,P2001,1,0.0,67.86,159.31,Electronics,159.31,0.0,159.31,67.86,5.72,4.98
O503230,2026-03-04,C10831,P2058,1,0.0,56.31,124.87,Electronics,124.87,0.0,124.87,56.31,5.64,2.58
O503231,2025-01-27,C11072,P2078,1,0.05,80.99,151.9,Beauty,151.9,7.6,144.3,80.99,3.82,4.29
O503232,2025-03-16,C10329,P2077,2,0.0,99.36,190.12,Apparel,380.24,0.0,380.24,198.72,3.91,11.61
O503233,2026-04-14,C10566,P2004,1,0.1,82.13,229.05,Sports,229.05,22.9,206.14,82.13,5.78,5.48
O503234,2025-11-13,C10655,P2043,1,0.0,34.43,56.92,Electronics,56.92,0.0,56.92,34.43,7.67,1.19
O503235,2025-11-07,C10223,P2043,1,0.1,34.43,56.92,Electronics,56.92,5.69,51.23,34.43,5.08,1.32
O503236,2026-03-27,C10868,P2075,2,0.15,49.49,125.61,Electronics,251.22,37.68,213.54,98.98,5.68,6.12
O503237,2025-10-08,C10798,P2042,1,0.1,21.36,43.17,Sports,43.17,4.32,38.85,21.36,4.33,1.22
O503238,2025-01-16,C11128,P2019,1,0.05,28.46,61.03,Sports,61.03,3.05,57.98,28.46,4.87,1.18
O503239,2025-12-23,C10349,P2030,2,0.05,81.44,160.67,Electronics,321.34,16.07,305.27,162.88,5.55,9.56
O503240,2025-02-15,C10642,P2068,1,0.0,54.46,128.05,Home,128.05,0.0,128.05,54.46,6.17,2.53
O503241,2026-03-21,C10557,P2031,2,0.1,54.53,117.07,Sports,234.14,23.41,210.73,109.06,4.28,4.83
O503242,2025-02-05,C10854,P2075,1,0.15,49.49,125.61,Electronics,125.61,18.84,106.77,49.49,2.88,3.08
O503243,2025-02-28,C10413,P2070,1,0.0,80.41,185.88,Sports,185.88,0.0,185.88,80.41,5.99,5.35
O503244,2025-09-25,C11121,P2050,3,0.15,47.62,83.27,Beauty,249.81,37.47,212.34,142.86,6.54,5.46
O503245,2026-03-31,C10062,P2071,2,0.15,72.34,202.22,Beauty,404.44,60.67,343.77,144.68,3.99,6.21
O503246,2026-03-12,C10255,P2074,1,0.05,60.53,130.38,Sports,130.38,6.52,123.86,60.53,2.58,3.69
O503247,2025-01-27,C10481,P2007,1,0.1,81.19,138.2,Apparel,138.2,13.82,124.38,81.19,7.11,2.69
O503248,2025-10-10,C10487,P2009,2,0.05,89.03,195.13,Home,390.26,19.51,370.75,178.06,2.5,11.64
O503249,2025-05-17,C11027,P2049,1,0.05,75.64,173.14,Apparel,173.14,8.66,164.48,75.64,4.21,4.81
O503250,2025-03-22,C10517,P2014,1,0.1,105.6,279.48,Beauty,279.48,27.95,251.53,105.6,7.5,5.53
O503251,2025-04-02,C10950,P2004,1,0.1,82.13,229.05,Sports,229.05,22.9,206.14,82.13,6.58,5.92
O503252,2025-01-25,C10936,P2010,1,0.05,105.58,212.84,Electronics,212.84,10.64,202.2,105.58,3.83,6.29
O503253,2025-04-08,C10186,P2061,1,0.1,92.46,150.56,Sports,150.56,15.06,135.5,92.46,3.79,3.97
O503254,2025-08-01,C10643,P2041,1,0.0,53.15,104.66,Apparel,104.66,0.0,104.66,53.15,5.44,2.2
O503255,2026-02-02,C10350,P2068,1,0.1,54.46,128.05,Home,128.05,12.81,115.24,54.46,3.14,3.01
O503256,2026-04-20,C10467,P2002,2,0.0,36.16,61.12,Beauty,122.24,0.0,122.24,72.32,6.59,3.2
O503257,2025-11-07,C10853,P2003,1,0.05,103.86,246.21,Sports,246.21,12.31,233.9,103.86,5.01,5.4
O503258,2025-12-23,C10675,P2013,2,0.05,14.91,32.18,Beauty,64.36,3.22,61.14,29.82,6.03,1.41
O503259,2025-05-30,C11141,P2013,1,0.1,14.91,32.18,Beauty,32.18,3.22,28.96,14.91,8.38,0.7
O503260,2025-08-24,C11067,P2008,2,0.0,64.11,126.24,Beauty,252.48,0.0,252.48,128.22,5.78,5.14
O503261,2025-08-10,C10867,P2047,1,0.15,23.95,36.37,Sports,36.37,5.46,30.91,23.95,7.12,0.58
O503262,2025-07-10,C10980,P2034,1,0.05,84.74,206.91,Electronics,206.91,10.35,196.56,84.74,4.33,3.97
O503263,2026-03-17,C10562,P2079,3,0.1,76.11,150.73,Apparel,452.19,45.22,406.97,228.33,5.23,7.34
O503264,2026-02-09,C10825,P2043,1,0.05,34.43,56.92,Electronics,56.92,2.85,54.07,34.43,4.0,1.5
O503265,2025-10-21,C11146,P2056,1,0.05,12.18,29.13,Home,29.13,1.46,27.67,12.18,4.29,0.87
O503266,2026-05-21,C10489,P2050,2,0.05,47.62,83.27,Beauty,166.54,8.33,158.21,95.24,3.67,3.17
O503267,2026-02-01,C10138,P2011,2,0.25,25.59,43.62,Electronics,87.24,21.81,65.43,51.18,4.83,2.01
O503268,2026-02-17,C10647,P2029,2,0.2,30.95,55.54,Apparel,111.08,22.22,88.86,61.9,6.38,2.63
O503269,2025-08-10,C10892,P2039,1,0.0,88.55,225.55,Beauty,225.55,0.0,225.55,88.55,5.81,6.75
O503270,2025-04-10,C11090,P2052,1,0.0,85.13,212.17,Beauty,212.17,0.0,212.17,85.13,3.72,5.73
O503271,2026-03-05,C10289,P2028,2,0.15,49.21,76.08,Beauty,152.16,22.82,129.34,98.42,4.4,3.03
O503272,2026-03-09,C10393,P2073,1,0.15,103.53,278.8,Apparel,278.8,41.82,236.98,103.53,8.02,5.83
O503273,2025-02-13,C10282,P2057,2,0.0,24.55,53.8,Beauty,107.6,0.0,107.6,49.1,3.65,2.32
O503274,2025-11-23,C10488,P2001,2,0.1,67.86,159.31,Electronics,318.62,31.86,286.76,135.72,2.5,8.89
O503275,2025-12-11,C10808,P2016,1,0.1,23.99,66.65,Electronics,66.65,6.67,59.99,23.99,7.08,1.09
O503276,2025-05-19,C10583,P2030,1,0.2,81.44,160.67,Electronics,160.67,32.13,128.54,81.44,5.57,2.67
O503277,2026-04-14,C11087,P2052,2,0.05,85.13,212.17,Beauty,424.34,21.22,403.12,170.26,5.04,12.66
O503278,2025-06-06,C10702,P2034,1,0.0,84.74,206.91,Electronics,206.91,0.0,206.91,84.74,6.17,4.67
O503279,2025-12-08,C10853,P2066,2,0.15,21.23,45.94,Beauty,91.88,13.78,78.1,42.46,6.0,2.34
O503280,2025-08-26,C10809,P2028,2,0.1,49.21,76.08,Beauty,152.16,15.22,136.94,98.42,6.99,3.79
O503281,2026-05-04,C10973,P2068,1,0.15,54.46,128.05,Home,128.05,19.21,108.84,54.46,2.89,2.23
O503282,2026-04-17,C11120,P2055,2,0.1,14.94,29.55,Sports,59.1,5.91,53.19,29.88,5.14,1.05
O503283,2025-10-28,C10522,P2047,1,0.1,23.95,36.37,Sports,36.37,3.64,32.73,23.95,4.5,0.6
O503284,2025-06-28,C10881,P2024,3,0.1,38.64,85.56,Electronics,256.68,25.67,231.01,115.92,7.47,6.29
O503285,2025-02-13,C10506,P2004,1,0.2,82.13,229.05,Sports,229.05,45.81,183.24,82.13,5.59,5.26
O503286,2025-05-30,C10497,P2053,3,0.0,95.73,175.96,Electronics,527.88,0.0,527.88,287.19,3.69,14.8
O503287,2025-12-07,C10630,P2055,2,0.05,14.94,29.55,Sports,59.1,2.96,56.14,29.88,5.34,1.61
O503288,2025-09-25,C10912,P2026,1,0.15,25.88,63.53,Beauty,63.53,9.53,54.0,25.88,7.39,1.37
O503289,2025-11-06,C10861,P2037,2,0.0,19.43,42.14,Home,84.28,0.0,84.28,38.86,6.94,1.95
O503290,2025-04-01,C10343,P2047,1,0.1,23.95,36.37,Sports,36.37,3.64,32.73,23.95,5.03,0.96
O503291,2025-03-06,C10153,P2022,3,0.05,39.69,79.46,Beauty,238.38,11.92,226.46,119.07,4.79,6.69
O503292,2025-09-24,C10011,P2004,2,0.15,82.13,229.05,Sports,458.1,68.72,389.38,164.26,5.0,9.76
O503293,2025-12-04,C10636,P2038,3,0.25,61.98,100.85,Sports,302.55,75.64,226.91,185.94,4.37,4.62
O503294,2025-09-24,C10707,P2060,1,0.15,91.93,225.41,Sports,225.41,33.81,191.6,91.93,5.91,6.13
O503295,2025-07-05,C10106,P2048,2,0.0,26.01,65.12,Home,130.24,0.0,130.24,52.02,6.41,3.09
O503296,2025-10-27,C10457,P2057,1,0.0,24.55,53.8,Beauty,53.8,0.0,53.8,24.55,4.03,1.37
O503297,2025-04-09,C11162,P2051,3,0.1,21.09,56.25,Home,168.75,16.88,151.88,63.27,4.44,4.14
O503298,2026-01-24,C10126,P2003,1,0.0,103.86,246.21,Sports,246.21,0.0,246.21,103.86,2.63,6.74
O503299,2026-04-17,C10319,P2079,2,0.1,76.11,150.73,Apparel,301.46,30.15,271.31,152.22,5.22,5.45
O503300,2025-01-10,C10616,P2063,2,0.2,107.79,241.07,Sports,482.14,96.43,385.71,215.58,2.5,7.44
O503301,2026-05-29,C10705,P2051,3,0.2,21.09,56.25,Home,168.75,33.75,135.0,63.27,5.57,4.31
O503302,2026-05-18,C10670,P2027,2,0.1,39.51,103.84,Electronics,207.68,20.77,186.91,79.02,3.71,4.26
O503303,2026-04-30,C10540,P2079,1,0.15,76.11,150.73,Apparel,150.73,22.61,128.12,76.11,4.28,2.55
O503304,2025-03-01,C10645,P2061,2,0.25,92.46,150.56,Sports,301.12,75.28,225.84,184.92,5.47,6.5
O503305,2026-05-31,C11047,P2057,1,0.2,24.55,53.8,Beauty,53.8,10.76,43.04,24.55,5.28,0.9
O503306,2026-03-24,C10839,P2060,1,0.0,91.93,225.41,Sports,225.41,0.0,225.41,91.93,3.75,6.4
O503307,2025-06-15,C10957,P2062,1,0.25,69.71,151.88,Beauty,151.88,37.97,113.91,69.71,4.99,2.84
O503308,2025-09-29,C11066,P2011,1,0.2,25.59,43.62,Electronics,43.62,8.72,34.9,25.59,7.15,0.83
O503309,2025-08-09,C10919,P2050,1,0.15,47.62,83.27,Beauty,83.27,12.49,70.78,47.62,3.32,2.02
O503310,2026-01-10,C10179,P2006,2,0.05,90.83,200.16,Electronics,400.32,20.02,380.3,181.66,5.32,8.99
O503311,2025-08-28,C10136,P2037,1,0.05,19.43,42.14,Home,42.14,2.11,40.03,19.43,5.58,1.13
O503312,2025-04-11,C11165,P2073,1,0.15,103.53,278.8,Apparel,278.8,41.82,236.98,103.53,3.61,4.53
O503313,2025-08-13,C11090,P2043,1,0.1,34.43,56.92,Electronics,56.92,5.69,51.23,34.43,5.18,1.41
O503314,2026-04-17,C10924,P2046,2,0.05,41.9,79.58,Sports,159.16,7.96,151.2,83.8,8.98,3.38
O503315,2025-05-06,C11145,P2059,2,0.1,74.58,192.13,Electronics,384.26,38.43,345.83,149.16,5.72,10.82
O503316,2025-01-24,C10147,P2037,1,0.0,19.43,42.14,Home,42.14,0.0,42.14,19.43,6.65,1.08
O503317,2025-04-04,C10213,P2079,2,0.1,76.11,150.73,Apparel,301.46,30.15,271.31,152.22,5.97,7.87
O503318,2025-06-01,C10222,P2076,1,0.0,94.33,153.36,Apparel,153.36,0.0,153.36,94.33,2.51,4.18
O503319,2025-05-21,C10121,P2019,2,0.0,28.46,61.03,Sports,122.06,0.0,122.06,56.92,3.11,3.67
O503320,2025-04-02,C10019,P2000,1,0.0,20.01,46.3,Beauty,46.3,0.0,46.3,20.01,4.72,1.27
O503321,2025-06-24,C11085,P2035,1,0.0,33.04,85.13,Beauty,85.13,0.0,85.13,33.04,3.12,2.21
O503322,2025-03-29,C10730,P2049,1,0.05,75.64,173.14,Apparel,173.14,8.66,164.48,75.64,3.98,4.17
O503323,2025-08-31,C10129,P2027,2,0.1,39.51,103.84,Electronics,207.68,20.77,186.91,79.02,5.22,5.55
O503324,2025-10-10,C10173,P2064,1,0.05,92.82,194.3,Sports,194.3,9.72,184.58,92.82,2.5,5.29
O503325,2025-04-04,C11075,P2052,1,0.0,85.13,212.17,Beauty,212.17,0.0,212.17,85.13,6.33,5.63
O503326,2025-08-24,C10757,P2059,2,0.15,74.58,192.13,Electronics,384.26,57.64,326.62,149.16,4.47,6.18
O503327,2026-06-23,C10366,P2021,1,0.05,75.19,147.18,Electronics,147.18,7.36,139.82,75.19,4.29,3.39
O503328,2025-12-12,C10776,P2055,3,0.0,14.94,29.55,Sports,88.65,0.0,88.65,44.82,3.37,1.72
O503329,2025-01-18,C10237,P2012,2,0.0,91.5,250.58,Home,501.16,0.0,501.16,183.0,2.87,14.98
O503330,2025-04-06,C10444,P2017,1,0.2,42.64,69.06,Apparel,69.06,13.81,55.25,42.64,5.71,1.23
O503331,2025-03-15,C10347,P2029,2,0.1,30.95,55.54,Apparel,111.08,11.11,99.97,61.9,4.04,2.41
O503332,2025-10-03,C10488,P2055,1,0.15,14.94,29.55,Sports,29.55,4.43,25.12,14.94,4.76,0.75
O503333,2026-02-01,C10495,P2043,2,0.0,34.43,56.92,Electronics,113.84,0.0,113.84,68.86,2.5,3.0
O503334,2026-03-27,C10579,P2057,1,0.0,24.55,53.8,Beauty,53.8,0.0,53.8,24.55,6.9,1.52
O503335,2025-09-20,C10497,P2077,3,0.0,99.36,190.12,Apparel,570.36,0.0,570.36,298.08,2.5,17.65
O503336,2025-04-05,C10202,P2018,1,0.25,23.1,60.58,Apparel,60.58,15.14,45.44,23.1,5.83,1.05
O503337,2026-02-06,C10410,P2064,1,0.2,92.82,194.3,Sports,194.3,38.86,155.44,92.82,7.59,3.97
O503338,2025-04-29,C10594,P2068,1,0.1,54.46,128.05,Home,128.05,12.81,115.24,54.46,7.18,2.13
O503339,2025-07-03,C10122,P2002,1,0.25,36.16,61.12,Beauty,61.12,15.28,45.84,36.16,7.64,1.39
O503340,2025-01-01,C10243,P2007,1,0.0,81.19,138.2,Apparel,138.2,0.0,138.2,81.19,5.78,3.91
O503341,2025-12-28,C10439,P2061,2,0.05,92.46,150.56,Sports,301.12,15.06,286.06,184.92,6.87,8.58
O503342,2026-01-09,C10730,P2041,3,0.15,53.15,104.66,Apparel,313.98,47.1,266.88,159.45,5.25,6.27
O503343,2026-05-07,C10331,P2045,1,0.25,54.87,109.92,Sports,109.92,27.48,82.44,54.87,5.64,1.88
O503344,2025-11-10,C10288,P2027,1,0.1,39.51,103.84,Electronics,103.84,10.38,93.46,39.51,4.24,2.09
O503345,2026-03-13,C10850,P2052,2,0.1,85.13,212.17,Beauty,424.34,42.43,381.91,170.26,5.2,8.47
O503346,2025-04-30,C10121,P2048,3,0.1,26.01,65.12,Home,195.36,19.54,175.82,78.03,5.46,3.29
O503347,2025-10-17,C10222,P2034,1,0.1,84.74,206.91,Electronics,206.91,20.69,186.22,84.74,7.29,4.0
O503348,2025-08-29,C10715,P2038,1,0.15,61.98,100.85,Sports,100.85,15.13,85.72,61.98,3.89,2.58
O503349,2026-03-29,C10911,P2037,2,0.05,19.43,42.14,Home,84.28,4.21,80.07,38.86,4.48,2.0
O503350,2025-06-11,C10119,P2004,2,0.0,82.13,229.05,Sports,458.1,0.0,458.1,164.26,6.68,12.16
O503351,2025-10-23,C10808,P2024,1,0.2,38.64,85.56,Electronics,85.56,17.11,68.45,38.64,6.5,1.58
O503352,2026-03-25,C10256,P2049,2,0.2,75.64,173.14,Apparel,346.28,69.26,277.02,151.28,6.23,8.08
O503353,2026-03-18,C10682,P2063,2,0.1,107.79,241.07,Sports,482.14,48.21,433.93,215.58,6.41,12.17
O503354,2026-05-31,C10659,P2079,2,0.05,76.11,150.73,Apparel,301.46,15.07,286.39,152.22,3.02,5.79
O503355,2025-11-03,C10334,P2055,1,0.05,14.94,29.55,Sports,29.55,1.48,28.07,14.94,3.54,0.67
O503356,2026-01-12,C10439,P2031,3,0.0,54.53,117.07,Sports,351.21,0.0,351.21,163.59,3.34,8.51
O503357,2025-04-26,C11127,P2043,1,0.0,34.43,56.92,Electronics,56.92,0.0,56.92,34.43,3.63,1.66
O503358,2026-02-08,C10219,P2006,1,0.1,90.83,200.16,Electronics,200.16,20.02,180.14,90.83,5.41,4.9
O503359,2026-01-16,C10792,P2014,1,0.1,105.6,279.48,Beauty,279.48,27.95,251.53,105.6,3.63,7.89
O503360,2026-03-07,C10987,P2013,1,0.05,14.91,32.18,Beauty,32.18,1.61,30.57,14.91,2.96,0.64
O503361,2025-04-29,C10718,P2044,1,0.15,96.39,166.51,Electronics,166.51,24.98,141.53,96.39,3.87,3.54
O503362,2025-10-26,C10008,P2043,2,0.0,34.43,56.92,Electronics,113.84,0.0,113.84,68.86,6.41,3.51
O503363,2025-05-29,C10384,P2073,1,0.05,103.53,278.8,Apparel,278.8,13.94,264.86,103.53,3.31,6.79
O503364,2025-11-30,C11029,P2006,2,0.2,90.83,200.16,Electronics,400.32,80.06,320.26,181.66,7.04,10.05
O503365,2026-06-23,C10900,P2075,3,0.0,49.49,125.61,Electronics,376.83,0.0,376.83,148.47,5.95,9.64
O503366,2026-03-25,C10536,P2035,1,0.1,33.04,85.13,Beauty,85.13,8.51,76.62,33.04,6.18,2.42
O503367,2026-04-25,C10444,P2010,1,0.05,105.58,212.84,Electronics,212.84,10.64,202.2,105.58,5.26,4.96
O503368,2025-11-23,C10744,P2017,3,0.1,42.64,69.06,Apparel,207.18,20.72,186.46,127.92,6.05,5.71
O503369,2025-01-01,C10803,P2042,3,0.15,21.36,43.17,Sports,129.51,19.43,110.08,64.08,5.09,2.64
O503370,2025-07-16,C10191,P2061,3,0.05,92.46,150.56,Sports,451.68,22.58,429.1,277.38,3.87,11.68
O503371,2025-07-06,C10925,P2025,3,0.0,59.62,149.3,Electronics,447.9,0.0,447.9,178.86,3.25,11.23
O503372,2026-06-06,C10832,P2001,1,0.0,67.86,159.31,Electronics,159.31,0.0,159.31,67.86,5.66,3.39
O503373,2026-06-23,C10071,P2067,2,0.2,89.48,177.38,Sports,354.76,70.95,283.81,178.96,2.5,6.47
O503374,2025-09-11,C10728,P2075,2,0.05,49.49,125.61,Electronics,251.22,12.56,238.66,98.98,5.08,4.99
O503375,2025-03-09,C11087,P2043,3,0.15,34.43,56.92,Electronics,170.76,25.61,145.15,103.29,3.6,3.38
O503376,2025-10-03,C10899,P2041,1,0.15,53.15,104.66,Apparel,104.66,15.7,88.96,53.15,3.16,2.83
O503377,2025-09-20,C10284,P2051,1,0.0,21.09,56.25,Home,56.25,0.0,56.25,21.09,4.62,1.53
O503378,2025-07-28,C10114,P2039,1,0.05,88.55,225.55,Beauty,225.55,11.28,214.27,88.55,6.15,4.37
O503379,2025-06-10,C10315,P2039,1,0.1,88.55,225.55,Beauty,225.55,22.56,203.0,88.55,5.19,5.11
O503380,2025-02-24,C10515,P2075,2,0.05,49.49,125.61,Electronics,251.22,12.56,238.66,98.98,3.37,5.3
O503381,2025-08-12,C11001,P2047,2,0.0,23.95,36.37,Sports,72.74,0.0,72.74,47.9,4.74,2.09
O503382,2025-08-30,C10106,P2000,1,0.0,20.01,46.3,Beauty,46.3,0.0,46.3,20.01,3.85,1.09
O503383,2026-06-20,C10329,P2022,2,0.2,39.69,79.46,Beauty,158.92,31.78,127.14,79.38,6.71,4.04
O503384,2026-02-21,C10306,P2011,3,0.1,25.59,43.62,Electronics,130.86,13.09,117.77,76.77,4.27,3.74
O503385,2025-03-01,C10088,P2072,1,0.05,85.85,152.66,Sports,152.66,7.63,145.03,85.85,5.55,4.19
O503386,2025-06-20,C10579,P2059,2,0.1,74.58,192.13,Electronics,384.26,38.43,345.83,149.16,7.25,10.5
O503387,2026-01-30,C10994,P2048,2,0.0,26.01,65.12,Home,130.24,0.0,130.24,52.02,5.26,2.63
O503388,2025-05-01,C10156,P2005,3,0.1,21.42,39.38,Sports,118.14,11.81,106.33,64.26,5.3,2.21
O503389,2025-03-06,C11118,P2059,1,0.0,74.58,192.13,Electronics,192.13,0.0,192.13,74.58,5.43,5.89
O503390,2025-08-29,C10210,P2050,1,0.0,47.62,83.27,Beauty,83.27,0.0,83.27,47.62,4.98,2.05
O503391,2026-01-09,C11135,P2068,2,0.1,54.46,128.05,Home,256.1,25.61,230.49,108.92,7.03,4.31
O503392,2026-05-11,C11041,P2038,2,0.0,61.98,100.85,Sports,201.7,0.0,201.7,123.96,6.38,3.66
O503393,2025-03-21,C10869,P2008,3,0.15,64.11,126.24,Beauty,378.72,56.81,321.91,192.33,3.01,8.42
O503394,2025-09-20,C10482,P2046,1,0.05,41.9,79.58,Sports,79.58,3.98,75.6,41.9,6.01,2.04
O503395,2025-01-13,C10072,P2006,2,0.05,90.83,200.16,Electronics,400.32,20.02,380.3,181.66,5.22,10.03
O503396,2026-04-26,C11177,P2014,3,0.0,105.6,279.48,Beauty,838.44,0.0,838.44,316.8,4.35,26.14
O503397,2025-04-14,C10134,P2076,2,0.1,94.33,153.36,Apparel,306.72,30.67,276.05,188.66,5.04,5.63
O503398,2025-04-26,C11024,P2025,2,0.0,59.62,149.3,Electronics,298.6,0.0,298.6,119.24,7.84,7.14
O503399,2025-08-01,C10870,P2059,1,0.05,74.58,192.13,Electronics,192.13,9.61,182.52,74.58,6.57,4.41
O503400,2025-06-01,C10414,P2022,3,0.2,39.69,79.46,Beauty,238.38,47.68,190.7,119.07,4.31,5.12
O503401,2025-09-07,C10303,P2079,1,0.0,76.11,150.73,Apparel,150.73,0.0,150.73,76.11,4.7,3.63
O503402,2026-03-10,C10912,P2014,3,0.0,105.6,279.48,Beauty,838.44,0.0,838.44,316.8,6.49,26.73
O503403,2026-05-10,C10028,P2045,1,0.2,54.87,109.92,Sports,109.92,21.98,87.94,54.87,5.34,1.9
O503404,2026-04-24,C10998,P2066,2,0.1,21.23,45.94,Beauty,91.88,9.19,82.69,42.46,7.61,1.98
O503405,2026-03-29,C10522,P2025,2,0.15,59.62,149.3,Electronics,298.6,44.79,253.81,119.24,5.24,4.9
O503406,2025-10-04,C10681,P2039,2,0.15,88.55,225.55,Beauty,451.1,67.67,383.44,177.1,6.01,8.47
O503407,2025-09-16,C10060,P2047,2,0.1,23.95,36.37,Sports,72.74,7.27,65.47,47.9,6.84,1.55
O503408,2026-05-02,C10966,P2052,2,0.0,85.13,212.17,Beauty,424.34,0.0,424.34,170.26,6.22,9.5
O503409,2026-05-18,C10599,P2048,1,0.05,26.01,65.12,Home,65.12,3.26,61.86,26.01,3.15,1.71
O503410,2025-05-24,C10496,P2077,3,0.0,99.36,190.12,Apparel,570.36,0.0,570.36,298.08,4.68,12.49
O503411,2026-04-26,C10742,P2038,2,0.2,61.98,100.85,Sports,201.7,40.34,161.36,123.96,2.5,2.92
O503412,2026-01-25,C10133,P2017,1,0.1,42.64,69.06,Apparel,69.06,6.91,62.15,42.64,5.01,1.45
O503413,2025-08-05,C10187,P2031,2,0.05,54.53,117.07,Sports,234.14,11.71,222.43,109.06,5.75,4.32
O503414,2026-05-04,C10201,P2043,1,0.0,34.43,56.92,Electronics,56.92,0.0,56.92,34.43,6.99,1.33
O503415,2025-08-14,C11173,P2056,2,0.05,12.18,29.13,Home,58.26,2.91,55.35,24.36,4.83,1.69
O503416,2025-07-13,C10480,P2012,1,0.1,91.5,250.58,Home,250.58,25.06,225.52,91.5,5.44,4.88
O503417,2025-11-05,C11097,P2046,1,0.2,41.9,79.58,Sports,79.58,15.92,63.66,41.9,3.85,1.75
O503418,2025-08-25,C11155,P2078,1,0.05,80.99,151.9,Beauty,151.9,7.6,144.3,80.99,4.6,2.65
O503419,2026-02-03,C10859,P2063,2,0.1,107.79,241.07,Sports,482.14,48.21,433.93,215.58,6.76,9.96
O503420,2026-02-25,C11016,P2022,2,0.15,39.69,79.46,Beauty,158.92,23.84,135.08,79.38,6.04,3.5
O503421,2025-09-02,C10173,P2039,1,0.0,88.55,225.55,Beauty,225.55,0.0,225.55,88.55,5.4,7.04
O503422,2025-10-24,C10897,P2038,1,0.25,61.98,100.85,Sports,100.85,25.21,75.64,61.98,6.56,2.24
O503423,2025-05-28,C10468,P2004,2,0.05,82.13,229.05,Sports,458.1,22.9,435.2,164.26,4.67,8.78
O503424,2025-05-26,C10621,P2047,2,0.0,23.95,36.37,Sports,72.74,0.0,72.74,47.9,5.32,2.28
O503425,2025-08-13,C10041,P2036,3,0.1,79.57,186.92,Apparel,560.76,56.08,504.68,238.71,8.19,13.3
O503426,2026-04-17,C10385,P2058,1,0.1,56.31,124.87,Electronics,124.87,12.49,112.38,56.31,5.63,2.8
O503427,2025-03-05,C11038,P2055,1,0.2,14.94,29.55,Sports,29.55,5.91,23.64,14.94,5.44,0.59
O503428,2025-02-08,C10747,P2042,2,0.2,21.36,43.17,Sports,86.34,17.27,69.07,42.72,5.95,1.55
O503429,2025-03-31,C10688,P2070,3,0.2,80.41,185.88,Sports,557.64,111.53,446.11,241.23,3.34,10.13
O503430,2025-12-12,C10962,P2002,1,0.2,36.16,61.12,Beauty,61.12,12.22,48.9,36.16,6.33,1.44
O503431,2025-03-22,C10166,P2006,2,0.0,90.83,200.16,Electronics,400.32,0.0,400.32,181.66,4.78,10.85
O503432,2025-03-10,C10488,P2008,2,0.0,64.11,126.24,Beauty,252.48,0.0,252.48,128.22,5.25,7.16
O503433,2026-04-23,C11039,P2006,1,0.05,90.83,200.16,Electronics,200.16,10.01,190.15,90.83,6.95,4.24
O503434,2025-08-09,C10480,P2077,1,0.05,99.36,190.12,Apparel,190.12,9.51,180.61,99.36,3.63,4.99
O503435,2026-01-10,C10405,P2003,1,0.15,103.86,246.21,Sports,246.21,36.93,209.28,103.86,4.51,4.22
O503436,2025-03-04,C10482,P2031,1,0.05,54.53,117.07,Sports,117.07,5.85,111.22,54.53,5.46,2.27
O503437,2026-02-07,C10034,P2046,1,0.2,41.9,79.58,Sports,79.58,15.92,63.66,41.9,2.5,1.57
O503438,2026-05-30,C10178,P2028,1,0.0,49.21,76.08,Beauty,76.08,0.0,76.08,49.21,5.53,2.11
O503439,2025-12-11,C11023,P2058,2,0.0,56.31,124.87,Electronics,249.74,0.0,249.74,112.62,6.78,6.46
O503440,2026-02-15,C10796,P2040,1,0.1,46.24,112.16,Electronics,112.16,11.22,100.94,46.24,8.58,2.53
O503441,2026-02-04,C10442,P2064,2,0.05,92.82,194.3,Sports,388.6,19.43,369.17,185.64,7.26,11.64
O503442,2026-03-27,C11192,P2072,1,0.0,85.85,152.66,Sports,152.66,0.0,152.66,85.85,7.25,2.92
O503443,2026-04-14,C10872,P2035,1,0.1,33.04,85.13,Beauty,85.13,8.51,76.62,33.04,5.16,2.33
O503444,2026-04-08,C10425,P2062,3,0.2,69.71,151.88,Beauty,455.64,91.13,364.51,209.13,3.57,9.11
O503445,2025-05-19,C10059,P2030,1,0.25,81.44,160.67,Electronics,160.67,40.17,120.5,81.44,3.19,3.17
O503446,2025-08-05,C10473,P2043,2,0.15,34.43,56.92,Electronics,113.84,17.08,96.76,68.86,5.54,1.97
O503447,2025-06-22,C10258,P2044,3,0.0,96.39,166.51,Electronics,499.53,0.0,499.53,289.17,3.79,13.11
O503448,2026-03-14,C10722,P2027,1,0.05,39.51,103.84,Electronics,103.84,5.19,98.65,39.51,5.44,2.44
O503449,2025-02-22,C10892,P2050,1,0.1,47.62,83.27,Beauty,83.27,8.33,74.94,47.62,5.94,2.14
O503450,2025-12-13,C10069,P2062,2,0.1,69.71,151.88,Beauty,303.76,30.38,273.38,139.42,3.6,7.76
O503451,2025-07-27,C11041,P2052,1,0.0,85.13,212.17,Beauty,212.17,0.0,212.17,85.13,3.22,4.21
O503452,2026-04-18,C10267,P2023,3,0.0,99.43,207.17,Apparel,621.51,0.0,621.51,298.29,6.02,14.58
O503453,2026-01-13,C11183,P2046,3,0.1,41.9,79.58,Sports,238.74,23.87,214.87,125.7,4.83,5.52
O503454,2025-10-10,C11153,P2005,2,0.15,21.42,39.38,Sports,78.76,11.81,66.95,42.84,4.26,2.04
O503455,2025-02-14,C10190,P2020,2,0.0,96.28,147.84,Home,295.68,0.0,295.68,192.56,3.89,7.99
O503456,2025-06-24,C11140,P2055,1,0.0,14.94,29.55,Sports,29.55,0.0,29.55,14.94,3.4,0.75
O503457,2025-03-29,C10499,P2041,2,0.0,53.15,104.66,Apparel,209.32,0.0,209.32,106.3,5.36,5.76
O503458,2025-03-20,C10567,P2010,2,0.0,105.58,212.84,Electronics,425.68,0.0,425.68,211.16,5.17,10.15
O503459,2025-08-01,C10405,P2003,1,0.1,103.86,246.21,Sports,246.21,24.62,221.59,103.86,3.82,6.05
O503460,2025-06-14,C10968,P2069,1,0.0,90.63,175.87,Apparel,175.87,0.0,175.87,90.63,3.58,4.16
O503461,2025-05-27,C10752,P2025,1,0.0,59.62,149.3,Electronics,149.3,0.0,149.3,59.62,4.13,4.41
O503462,2025-04-02,C10495,P2048,1,0.1,26.01,65.12,Home,65.12,6.51,58.61,26.01,4.07,1.14
O503463,2026-03-27,C10649,P2046,2,0.1,41.9,79.58,Sports,159.16,15.92,143.24,83.8,4.82,3.83
O503464,2025-06-08,C10129,P2009,1,0.15,89.03,195.13,Home,195.13,29.27,165.86,89.03,2.74,4.26
O503465,2025-03-21,C10759,P2077,1,0.1,99.36,190.12,Apparel,190.12,19.01,171.11,99.36,7.67,4.59
O503466,2026-02-10,C10700,P2052,1,0.1,85.13,212.17,Beauty,212.17,21.22,190.95,85.13,3.85,6.1
O503467,2025-06-16,C10436,P2024,2,0.25,38.64,85.56,Electronics,171.12,42.78,128.34,77.28,5.26,3.67
O503468,2026-06-09,C10804,P2032,2,0.1,83.59,176.17,Apparel,352.34,35.23,317.11,167.18,5.76,9.85
O503469,2026-01-11,C11126,P2013,2,0.05,14.91,32.18,Beauty,64.36,3.22,61.14,29.82,4.48,1.84
O503470,2025-09-06,C10312,P2007,3,0.05,81.19,138.2,Apparel,414.6,20.73,393.87,243.57,2.58,11.36
O503471,2026-04-20,C11023,P2002,1,0.1,36.16,61.12,Beauty,61.12,6.11,55.01,36.16,7.08,1.35
O503472,2025-11-18,C10157,P2062,1,0.05,69.71,151.88,Beauty,151.88,7.59,144.29,69.71,6.19,2.71
O503473,2026-04-05,C10357,P2079,2,0.1,76.11,150.73,Apparel,301.46,30.15,271.31,152.22,6.1,6.12
O503474,2026-02-25,C10842,P2041,2,0.0,53.15,104.66,Apparel,209.32,0.0,209.32,106.3,6.82,5.68
O503475,2025-01-23,C10258,P2063,1,0.1,107.79,241.07,Sports,241.07,24.11,216.96,107.79,2.5,6.04
O503476,2025-02-16,C10496,P2050,2,0.1,47.62,83.27,Beauty,166.54,16.65,149.89,95.24,2.5,3.92
O503477,2025-03-10,C10806,P2069,1,0.25,90.63,175.87,Apparel,175.87,43.97,131.9,90.63,5.68,2.94
O503478,2026-01-25,C10770,P2044,1,0.2,96.39,166.51,Electronics,166.51,33.3,133.21,96.39,6.99,3.95
O503479,2026-05-16,C10338,P2054,2,0.0,19.42,50.24,Beauty,100.48,0.0,100.48,38.84,6.43,2.95
O503480,2025-04-17,C10999,P2020,3,0.05,96.28,147.84,Home,443.52,22.18,421.34,288.84,2.5,12.61
O503481,2025-08-04,C10731,P2002,2,0.1,36.16,61.12,Beauty,122.24,12.22,110.02,72.32,5.07,3.23
O503482,2026-05-09,C10492,P2027,1,0.0,39.51,103.84,Electronics,103.84,0.0,103.84,39.51,7.23,3.29
O503483,2026-01-26,C10633,P2036,3,0.0,79.57,186.92,Apparel,560.76,0.0,560.76,238.71,6.98,11.06
O503484,2026-05-19,C10073,P2051,1,0.2,21.09,56.25,Home,56.25,11.25,45.0,21.09,6.83,0.86
O503485,2025-05-07,C10989,P2054,1,0.1,19.42,50.24,Beauty,50.24,5.02,45.22,19.42,5.66,1.12
O503486,2025-07-12,C11137,P2001,1,0.1,67.86,159.31,Electronics,159.31,15.93,143.38,67.86,7.93,3.64
O503487,2025-06-25,C10189,P2038,3,0.1,61.98,100.85,Sports,302.55,30.25,272.29,185.94,6.19,7.28
O503488,2025-03-15,C11056,P2075,1,0.0,49.49,125.61,Electronics,125.61,0.0,125.61,49.49,7.82,2.74
O503489,2026-03-26,C10732,P2073,1,0.1,103.53,278.8,Apparel,278.8,27.88,250.92,103.53,4.24,7.58
O503490,2025-12-04,C10492,P2027,1,0.1,39.51,103.84,Electronics,103.84,10.38,93.46,39.51,6.74,1.72
O503491,2025-12-08,C10325,P2053,1,0.2,95.73,175.96,Electronics,175.96,35.19,140.77,95.73,6.82,3.24
O503492,2025-05-29,C10145,P2062,2,0.1,69.71,151.88,Beauty,303.76,30.38,273.38,139.42,4.44,6.92
O503493,2025-03-14,C10747,P2000,2,0.15,20.01,46.3,Beauty,92.6,13.89,78.71,40.02,6.5,1.81
O503494,2025-11-03,C10468,P2053,1,0.1,95.73,175.96,Electronics,175.96,17.6,158.36,95.73,3.72,3.67
O503495,2025-09-09,C10567,P2059,1,0.0,74.58,192.13,Electronics,192.13,0.0,192.13,74.58,4.28,4.42
O503496,2026-03-03,C10236,P2062,2,0.15,69.71,151.88,Beauty,303.76,45.56,258.2,139.42,6.23,5.1
O503497,2025-08-28,C10503,P2028,2,0.0,49.21,76.08,Beauty,152.16,0.0,152.16,98.42,3.97,2.87
O503498,2025-08-12,C10365,P2053,1,0.2,95.73,175.96,Electronics,175.96,35.19,140.77,95.73,4.13,3.89
O503499,2026-01-18,C10193,P2079,1,0.25,76.11,150.73,Apparel,150.73,37.68,113.05,76.11,3.47,3.29
O503500,2025-06-24,C10750,P2044,3,0.1,96.39,166.51,Electronics,499.53,49.95,449.58,289.17,6.64,12.04
O503501,2025-10-27,C10936,P2013,3,0.2,14.91,32.18,Beauty,96.54,19.31,77.23,44.73,7.19,1.56
O503502,2026-04-21,C10222,P2012,1,0.05,91.5,250.58,Home,250.58,12.53,238.05,91.5,4.43,6.43
O503503,2025-10-13,C10456,P2079,1,0.05,76.11,150.73,Apparel,150.73,7.54,143.19,76.11,6.75,3.48
O503504,2025-10-21,C10526,P2074,3,0.2,60.53,130.38,Sports,391.14,78.23,312.91,181.59,8.12,9.11
O503505,2025-08-27,C10313,P2059,2,0.05,74.58,192.13,Electronics,384.26,19.21,365.05,149.16,3.73,10.62
O503506,2026-06-04,C10997,P2033,2,0.05,102.58,280.83,Apparel,561.66,28.08,533.58,205.16,6.53,12.26
O503507,2025-07-21,C10014,P2076,3,0.15,94.33,153.36,Apparel,460.08,69.01,391.07,282.99,6.01,7.07
O503508,2026-05-04,C10444,P2005,2,0.1,21.42,39.38,Sports,78.76,7.88,70.88,42.84,3.76,2.1
O503509,2026-02-21,C11188,P2002,3,0.0,36.16,61.12,Beauty,183.36,0.0,183.36,108.48,4.95,3.53
O503510,2026-05-20,C11077,P2034,3,0.15,84.74,206.91,Electronics,620.73,93.11,527.62,254.22,6.7,15.72
O503511,2025-06-13,C10211,P2076,2,0.0,94.33,153.36,Apparel,306.72,0.0,306.72,188.66,6.08,7.58
O503512,2025-05-05,C10593,P2023,1,0.05,99.43,207.17,Apparel,207.17,10.36,196.81,99.43,5.86,4.23
O503513,2026-01-23,C10836,P2068,1,0.1,54.46,128.05,Home,128.05,12.81,115.24,54.46,5.05,2.46
O503514,2025-08-18,C11077,P2054,1,0.05,19.42,50.24,Beauty,50.24,2.51,47.73,19.42,5.21,1.23
O503515,2025-08-13,C10216,P2002,1,0.05,36.16,61.12,Beauty,61.12,3.06,58.06,36.16,2.5,1.55
O503516,2025-06-02,C10126,P2045,3,0.1,54.87,109.92,Sports,329.76,32.98,296.78,164.61,7.48,8.1
O503517,2025-05-15,C10307,P2040,1,0.0,46.24,112.16,Electronics,112.16,0.0,112.16,46.24,2.5,2.58
O503518,2025-12-26,C10351,P2030,1,0.1,81.44,160.67,Electronics,160.67,16.07,144.6,81.44,5.43,2.96
O503519,2025-06-02,C10656,P2018,1,0.2,23.1,60.58,Apparel,60.58,12.12,48.46,23.1,2.5,1.46
O503520,2025-01-31,C11137,P2069,1,0.05,90.63,175.87,Apparel,175.87,8.79,167.08,90.63,5.41,3.81
O503521,2025-10-17,C10293,P2064,3,0.05,92.82,194.3,Sports,582.9,29.15,553.76,278.46,3.85,13.21
O503522,2025-06-15,C10697,P2008,3,0.0,64.11,126.24,Beauty,378.72,0.0,378.72,192.33,5.63,9.96
O503523,2026-01-20,C10283,P2063,3,0.15,107.79,241.07,Sports,723.21,108.48,614.73,323.37,3.71,11.51
O503524,2025-11-29,C10409,P2057,2,0.0,24.55,53.8,Beauty,107.6,0.0,107.6,49.1,3.68,2.63
O503525,2026-05-11,C10641,P2012,1,0.05,91.5,250.58,Home,250.58,12.53,238.05,91.5,5.45,5.0
O503526,2025-01-29,C10774,P2077,2,0.05,99.36,190.12,Apparel,380.24,19.01,361.23,198.72,3.55,6.64
O503527,2025-02-26,C10470,P2003,1,0.0,103.86,246.21,Sports,246.21,0.0,246.21,103.86,4.94,5.8
O503528,2026-03-31,C10872,P2002,1,0.1,36.16,61.12,Beauty,61.12,6.11,55.01,36.16,5.18,1.03
O503529,2026-04-17,C11194,P2028,1,0.15,49.21,76.08,Beauty,76.08,11.41,64.67,49.21,7.67,1.97
O503530,2026-02-03,C10761,P2060,2,0.05,91.93,225.41,Sports,450.82,22.54,428.28,183.86,4.33,9.4
O503531,2025-05-06,C10094,P2056,3,0.2,12.18,29.13,Home,87.39,17.48,69.91,36.54,3.34,1.54
O503532,2025-01-31,C11059,P2059,2,0.15,74.58,192.13,Electronics,384.26,57.64,326.62,149.16,5.09,6.76
O503533,2026-06-06,C10455,P2038,1,0.1,61.98,100.85,Sports,100.85,10.09,90.76,61.98,4.18,2.1
O503534,2025-06-06,C10225,P2063,2,0.2,107.79,241.07,Sports,482.14,96.43,385.71,215.58,4.09,9.2
O503535,2025-09-06,C11189,P2074,1,0.05,60.53,130.38,Sports,130.38,6.52,123.86,60.53,5.15,3.78
O503536,2025-07-19,C11141,P2064,2,0.05,92.82,194.3,Sports,388.6,19.43,369.17,185.64,6.17,6.72
O503537,2026-01-22,C10818,P2077,3,0.0,99.36,190.12,Apparel,570.36,0.0,570.36,298.08,2.85,14.86
O503538,2025-08-21,C10681,P2004,2,0.0,82.13,229.05,Sports,458.1,0.0,458.1,164.26,4.23,8.48
O503539,2025-11-09,C10618,P2016,1,0.05,23.99,66.65,Electronics,66.65,3.33,63.32,23.99,7.03,1.32
O503540,2025-12-03,C10294,P2016,2,0.2,23.99,66.65,Electronics,133.3,26.66,106.64,47.98,6.82,2.41
O503541,2026-02-24,C10638,P2021,1,0.2,75.19,147.18,Electronics,147.18,29.44,117.74,75.19,3.44,3.52
O503542,2025-03-01,C10947,P2052,1,0.0,85.13,212.17,Beauty,212.17,0.0,212.17,85.13,4.38,4.05
O503543,2026-01-12,C10601,P2079,1,0.0,76.11,150.73,Apparel,150.73,0.0,150.73,76.11,5.06,4.72
O503544,2026-03-26,C10818,P2065,2,0.0,74.22,160.54,Electronics,321.08,0.0,321.08,148.44,3.14,6.51
O503545,2025-03-02,C11128,P2035,2,0.15,33.04,85.13,Beauty,170.26,25.54,144.72,66.08,7.68,3.56
O503546,2026-05-05,C10837,P2046,3,0.15,41.9,79.58,Sports,238.74,35.81,202.93,125.7,6.08,6.25
O503547,2025-01-03,C10965,P2042,1,0.15,21.36,43.17,Sports,43.17,6.48,36.69,21.36,3.95,0.71
O503548,2025-04-27,C10978,P2053,2,0.0,95.73,175.96,Electronics,351.92,0.0,351.92,191.46,6.09,8.54
O503549,2025-07-26,C11088,P2014,2,0.05,105.6,279.48,Beauty,558.96,27.95,531.01,211.2,5.38,16.58
O503550,2025-08-21,C10612,P2068,1,0.2,54.46,128.05,Home,128.05,25.61,102.44,54.46,5.89,1.97
O503551,2025-03-24,C10071,P2057,2,0.0,24.55,53.8,Beauty,107.6,0.0,107.6,49.1,4.83,3.17
O503552,2025-06-05,C10742,P2036,1,0.05,79.57,186.92,Apparel,186.92,9.35,177.57,79.57,3.89,3.24
O503553,2026-01-27,C11180,P2030,3,0.05,81.44,160.67,Electronics,482.01,24.1,457.91,244.32,5.33,13.08
O503554,2025-10-31,C10888,P2073,3,0.1,103.53,278.8,Apparel,836.4,83.64,752.76,310.59,5.48,17.27
O503555,2025-01-21,C10820,P2072,2,0.2,85.85,152.66,Sports,305.32,61.06,244.26,171.7,6.65,6.95
O503556,2025-11-28,C10169,P2035,1,0.2,33.04,85.13,Beauty,85.13,17.03,68.1,33.04,4.11,1.84
O503557,2026-05-05,C10102,P2043,1,0.0,34.43,56.92,Electronics,56.92,0.0,56.92,34.43,4.89,1.28
O503558,2025-01-01,C10987,P2026,1,0.1,25.88,63.53,Beauty,63.53,6.35,57.18,25.88,4.69,1.45
O503559,2025-06-07,C10014,P2055,1,0.1,14.94,29.55,Sports,29.55,2.96,26.6,14.94,4.66,0.51
O503560,2026-01-01,C11103,P2074,1,0.0,60.53,130.38,Sports,130.38,0.0,130.38,60.53,4.46,3.33
O503561,2025-02-04,C10111,P2057,1,0.15,24.55,53.8,Beauty,53.8,8.07,45.73,24.55,5.57,1.35
O503562,2025-01-06,C10510,P2061,1,0.05,92.46,150.56,Sports,150.56,7.53,143.03,92.46,3.31,3.75
O503563,2026-02-26,C10076,P2051,1,0.1,21.09,56.25,Home,56.25,5.62,50.62,21.09,4.73,1.16
O503564,2025-01-15,C10198,P2062,1,0.1,69.71,151.88,Beauty,151.88,15.19,136.69,69.71,4.79,3.26
O503565,2025-09-09,C10095,P2042,2,0.2,21.36,43.17,Sports,86.34,17.27,69.07,42.72,5.17,1.75
O503566,2025-12-07,C10098,P2059,1,0.15,74.58,192.13,Electronics,192.13,28.82,163.31,74.58,4.0,4.15
O503567,2026-01-25,C10833,P2035,1,0.1,33.04,85.13,Beauty,85.13,8.51,76.62,33.04,5.17,2.37
O503568,2025-02-04,C11029,P2020,3,0.15,96.28,147.84,Home,443.52,66.53,376.99,288.84,6.24,9.44
O503569,2025-02-21,C10261,P2050,1,0.05,47.62,83.27,Beauty,83.27,4.16,79.11,47.62,3.54,2.33
O503570,2026-03-03,C10489,P2069,1,0.0,90.63,175.87,Apparel,175.87,0.0,175.87,90.63,7.34,4.74
O503571,2025-10-14,C10555,P2066,1,0.0,21.23,45.94,Beauty,45.94,0.0,45.94,21.23,4.38,1.2
O503572,2025-10-11,C10477,P2012,3,0.1,91.5,250.58,Home,751.74,75.17,676.57,274.5,3.77,16.01
O503573,2026-02-01,C11110,P2059,1,0.1,74.58,192.13,Electronics,192.13,19.21,172.92,74.58,4.82,5.28
O503574,2025-09-23,C10982,P2075,1,0.1,49.49,125.61,Electronics,125.61,12.56,113.05,49.49,4.98,2.45
O503575,2026-03-20,C10121,P2078,3,0.2,80.99,151.9,Beauty,455.7,91.14,364.56,242.97,5.88,7.85
O503576,2025-04-29,C10397,P2074,2,0.15,60.53,130.38,Sports,260.76,39.11,221.65,121.06,6.42,5.04
O503577,2025-03-01,C10912,P2054,2,0.0,19.42,50.24,Beauty,100.48,0.0,100.48,38.84,5.76,2.64
O503578,2026-02-14,C10588,P2027,2,0.1,39.51,103.84,Electronics,207.68,20.77,186.91,79.02,3.04,4.41
O503579,2025-11-16,C10515,P2057,1,0.05,24.55,53.8,Beauty,53.8,2.69,51.11,24.55,5.59,1.23
O503580,2026-05-18,C10438,P2003,1,0.2,103.86,246.21,Sports,246.21,49.24,196.97,103.86,2.5,5.68
O503581,2026-01-26,C10952,P2037,2,0.2,19.43,42.14,Home,84.28,16.86,67.42,38.86,7.23,1.63
O503582,2025-03-30,C11054,P2073,1,0.0,103.53,278.8,Apparel,278.8,0.0,278.8,103.53,4.94,8.13
O503583,2026-01-27,C10959,P2071,1,0.05,72.34,202.22,Beauty,202.22,10.11,192.11,72.34,5.9,4.86
O503584,2025-08-18,C10774,P2068,2,0.15,54.46,128.05,Home,256.1,38.42,217.69,108.92,5.34,5.8
O503585,2025-08-26,C10709,P2045,3,0.0,54.87,109.92,Sports,329.76,0.0,329.76,164.61,7.51,9.0
O503586,2025-05-04,C10398,P2073,2,0.05,103.53,278.8,Apparel,557.6,27.88,529.72,207.06,5.22,14.96
O503587,2025-06-02,C10594,P2075,3,0.0,49.49,125.61,Electronics,376.83,0.0,376.83,148.47,4.98,9.34
O503588,2026-01-19,C10236,P2067,1,0.15,89.48,177.38,Sports,177.38,26.61,150.77,89.48,4.61,3.64
O503589,2026-01-25,C10279,P2007,2,0.2,81.19,138.2,Apparel,276.4,55.28,221.12,162.38,6.0,6.64
O503590,2026-05-28,C10463,P2058,1,0.05,56.31,124.87,Electronics,124.87,6.24,118.63,56.31,5.42,3.37
O503591,2025-11-14,C10494,P2017,2,0.0,42.64,69.06,Apparel,138.12,0.0,138.12,85.28,4.46,3.04
O503592,2025-10-29,C10301,P2079,2,0.15,76.11,150.73,Apparel,301.46,45.22,256.24,152.22,4.94,6.43
O503593,2026-02-25,C10182,P2014,3,0.15,105.6,279.48,Beauty,838.44,125.77,712.67,316.8,2.58,18.2
O503594,2025-04-26,C10276,P2040,1,0.1,46.24,112.16,Electronics,112.16,11.22,100.94,46.24,6.9,2.48
O503595,2025-04-27,C10285,P2078,1,0.2,80.99,151.9,Beauty,151.9,30.38,121.52,80.99,4.59,3.36
O503596,2025-11-04,C10406,P2059,1,0.0,74.58,192.13,Electronics,192.13,0.0,192.13,74.58,7.47,4.48
O503597,2026-02-03,C10962,P2043,2,0.1,34.43,56.92,Electronics,113.84,11.38,102.46,68.86,3.43,3.13
O503598,2026-05-13,C10439,P2054,2,0.15,19.42,50.24,Beauty,100.48,15.07,85.41,38.84,3.05,2.58
O503599,2025-02-13,C10193,P2079,2,0.15,76.11,150.73,Apparel,301.46,45.22,256.24,152.22,4.03,5.25
O503600,2025-04-14,C10984,P2071,2,0.0,72.34,202.22,Beauty,404.44,0.0,404.44,144.68,4.04,8.25
O503601,2026-04-18,C11134,P2034,2,0.2,84.74,206.91,Electronics,413.82,82.76,331.06,169.48,4.96,10.58
O503602,2026-05-29,C10785,P2031,2,0.1,54.53,117.07,Sports,234.14,23.41,210.73,109.06,2.5,4.03
O503603,2025-08-31,C10691,P2021,3,0.05,75.19,147.18,Electronics,441.54,22.08,419.46,225.57,3.47,12.51
O503604,2026-06-03,C10016,P2000,3,0.1,20.01,46.3,Beauty,138.9,13.89,125.01,60.03,9.02,2.75
O503605,2026-03-09,C10185,P2078,3,0.1,80.99,151.9,Beauty,455.7,45.57,410.13,242.97,2.56,8.53
O503606,2026-06-17,C10939,P2046,1,0.15,41.9,79.58,Sports,79.58,11.94,67.64,41.9,3.37,1.26
O503607,2026-02-16,C10160,P2011,2,0.25,25.59,43.62,Electronics,87.24,21.81,65.43,51.18,4.96,1.59
O503608,2026-04-17,C11124,P2036,3,0.2,79.57,186.92,Apparel,560.76,112.15,448.61,238.71,8.15,8.55
O503609,2025-02-11,C10054,P2046,1,0.1,41.9,79.58,Sports,79.58,7.96,71.62,41.9,5.02,1.88
O503610,2026-06-20,C11018,P2030,3,0.0,81.44,160.67,Electronics,482.01,0.0,482.01,244.32,2.99,10.6
O503611,2025-05-28,C11039,P2026,3,0.0,25.88,63.53,Beauty,190.59,0.0,190.59,77.64,7.95,4.48
O503612,2025-11-26,C11006,P2039,2,0.05,88.55,225.55,Beauty,451.1,22.56,428.54,177.1,2.7,8.86
O503613,2026-03-27,C10549,P2046,2,0.05,41.9,79.58,Sports,159.16,7.96,151.2,83.8,3.12,3.33
O503614,2025-08-03,C10036,P2072,1,0.05,85.85,152.66,Sports,152.66,7.63,145.03,85.85,4.8,3.57
O503615,2026-05-09,C10681,P2075,1,0.0,49.49,125.61,Electronics,125.61,0.0,125.61,49.49,5.94,3.27
O503616,2026-06-11,C10303,P2069,1,0.0,90.63,175.87,Apparel,175.87,0.0,175.87,90.63,9.37,3.24
O503617,2025-02-15,C10209,P2057,1,0.15,24.55,53.8,Beauty,53.8,8.07,45.73,24.55,4.76,1.13
O503618,2025-11-14,C10509,P2078,2,0.0,80.99,151.9,Beauty,303.8,0.0,303.8,161.98,5.85,8.11
O503619,2025-10-12,C10909,P2034,1,0.1,84.74,206.91,Electronics,206.91,20.69,186.22,84.74,6.3,3.85
O503620,2025-04-19,C10078,P2050,1,0.05,47.62,83.27,Beauty,83.27,4.16,79.11,47.62,4.3,1.85
O503621,2025-07-03,C10148,P2010,1,0.0,105.58,212.84,Electronics,212.84,0.0,212.84,105.58,6.6,5.82
O503622,2025-03-05,C10578,P2046,1,0.0,41.9,79.58,Sports,79.58,0.0,79.58,41.9,5.36,1.59
O503623,2026-01-13,C11096,P2023,2,0.15,99.43,207.17,Apparel,414.34,62.15,352.19,198.86,5.46,10.61
O503624,2025-12-25,C10430,P2029,3,0.1,30.95,55.54,Apparel,166.62,16.66,149.96,92.85,3.2,2.75
O503625,2026-02-05,C10187,P2070,3,0.05,80.41,185.88,Sports,557.64,27.88,529.76,241.23,3.05,16.48
O503626,2025-08-09,C10185,P2030,3,0.0,81.44,160.67,Electronics,482.01,0.0,482.01,244.32,6.1,12.29
O503627,2025-06-19,C10078,P2046,3,0.25,41.9,79.58,Sports,238.74,59.68,179.06,125.7,3.68,3.92
O503628,2025-04-11,C10855,P2076,2,0.05,94.33,153.36,Apparel,306.72,15.34,291.38,188.66,6.88,7.77
O503629,2026-03-02,C10896,P2062,1,0.1,69.71,151.88,Beauty,151.88,15.19,136.69,69.71,6.67,2.93
O503630,2025-05-04,C10258,P2027,2,0.0,39.51,103.84,Electronics,207.68,0.0,207.68,79.02,6.78,5.59
O503631,2026-01-27,C10845,P2053,2,0.2,95.73,175.96,Electronics,351.92,70.38,281.54,191.46,4.79,7.36
O503632,2025-10-18,C10148,P2078,3,0.0,80.99,151.9,Beauty,455.7,0.0,455.7,242.97,6.73,12.59
O503633,2025-01-02,C10818,P2037,1,0.1,19.43,42.14,Home,42.14,4.21,37.93,19.43,5.35,0.92
O503634,2025-07-23,C10507,P2055,1,0.0,14.94,29.55,Sports,29.55,0.0,29.55,14.94,3.5,0.73
O503635,2026-03-23,C10442,P2034,3,0.05,84.74,206.91,Electronics,620.73,31.04,589.69,254.22,3.62,12.8
O503636,2025-03-14,C11032,P2030,1,0.15,81.44,160.67,Electronics,160.67,24.1,136.57,81.44,6.31,2.63
O503637,2026-05-24,C10847,P2024,2,0.1,38.64,85.56,Electronics,171.12,17.11,154.01,77.28,6.85,4.7
O503638,2025-06-26,C11143,P2006,2,0.05,90.83,200.16,Electronics,400.32,20.02,380.3,181.66,5.18,8.79
O503639,2026-05-03,C10428,P2053,1,0.0,95.73,175.96,Electronics,175.96,0.0,175.96,95.73,3.1,5.4
O503640,2025-11-07,C10149,P2066,1,0.1,21.23,45.94,Beauty,45.94,4.59,41.35,21.23,5.87,1.2
O503641,2026-02-18,C10804,P2028,3,0.05,49.21,76.08,Beauty,228.24,11.41,216.83,147.63,3.85,5.04
O503642,2025-02-28,C10266,P2004,1,0.05,82.13,229.05,Sports,229.05,11.45,217.6,82.13,4.68,5.73
O503643,2025-01-01,C10466,P2034,2,0.1,84.74,206.91,Electronics,413.82,41.38,372.44,169.48,4.74,10.62
O503644,2025-04-03,C10085,P2066,1,0.1,21.23,45.94,Beauty,45.94,4.59,41.35,21.23,6.48,0.75
O503645,2025-09-27,C10282,P2053,1,0.0,95.73,175.96,Electronics,175.96,0.0,175.96,95.73,7.77,4.89
O503646,2026-05-26,C11121,P2056,1,0.1,12.18,29.13,Home,29.13,2.91,26.22,12.18,8.84,0.61
O503647,2025-11-29,C10599,P2063,1,0.15,107.79,241.07,Sports,241.07,36.16,204.91,107.79,3.5,5.91
O503648,2025-05-16,C10302,P2005,1,0.05,21.42,39.38,Sports,39.38,1.97,37.41,21.42,3.35,1.09
O503649,2025-02-21,C10978,P2058,1,0.15,56.31,124.87,Electronics,124.87,18.73,106.14,56.31,3.82,2.49
O503650,2025-02-23,C10539,P2008,3,0.0,64.11,126.24,Beauty,378.72,0.0,378.72,192.33,2.5,9.13
O503651,2025-01-10,C10123,P2046,3,0.05,41.9,79.58,Sports,238.74,11.94,226.8,125.7,5.12,4.94
O503652,2025-11-08,C10534,P2003,2,0.1,103.86,246.21,Sports,492.42,49.24,443.18,207.72,2.5,10.01
O503653,2025-10-05,C10526,P2038,1,0.15,61.98,100.85,Sports,100.85,15.13,85.72,61.98,3.12,1.74
O503654,2025-05-06,C10914,P2056,1,0.1,12.18,29.13,Home,29.13,2.91,26.22,12.18,3.43,0.73
O503655,2026-01-14,C10313,P2070,1,0.1,80.41,185.88,Sports,185.88,18.59,167.29,80.41,3.61,3.99
O503656,2026-03-11,C10233,P2057,2,0.2,24.55,53.8,Beauty,107.6,21.52,86.08,49.1,3.15,2.7
O503657,2025-11-28,C10533,P2021,2,0.2,75.19,147.18,Electronics,294.36,58.87,235.49,150.38,5.97,7.03
O503658,2026-06-15,C11147,P2045,2,0.15,54.87,109.92,Sports,219.84,32.98,186.86,109.74,7.47,5.25
O503659,2026-01-09,C10211,P2007,2,0.0,81.19,138.2,Apparel,276.4,0.0,276.4,162.38,4.39,8.15
O503660,2025-01-20,C10698,P2032,3,0.0,83.59,176.17,Apparel,528.51,0.0,528.51,250.77,8.09,11.01
O503661,2025-04-14,C10856,P2074,2,0.05,60.53,130.38,Sports,260.76,13.04,247.72,121.06,5.71,7.14
O503662,2025-08-15,C10724,P2004,1,0.15,82.13,229.05,Sports,229.05,34.36,194.69,82.13,3.77,5.08
O503663,2025-03-13,C10807,P2052,3,0.05,85.13,212.17,Beauty,636.51,31.83,604.68,255.39,5.77,14.58
O503664,2025-06-06,C10142,P2010,3,0.0,105.58,212.84,Electronics,638.52,0.0,638.52,316.74,3.13,11.53
O503665,2025-12-13,C10367,P2065,2,0.1,74.22,160.54,Electronics,321.08,32.11,288.97,148.44,6.0,8.94
O503666,2026-02-24,C10326,P2013,3,0.2,14.91,32.18,Beauty,96.54,19.31,77.23,44.73,5.29,2.45
O503667,2025-02-14,C10974,P2061,1,0.05,92.46,150.56,Sports,150.56,7.53,143.03,92.46,5.98,3.48
O503668,2025-07-08,C11008,P2063,2,0.05,107.79,241.07,Sports,482.14,24.11,458.03,215.58,4.29,9.88
O503669,2025-07-05,C10570,P2055,1,0.1,14.94,29.55,Sports,29.55,2.96,26.6,14.94,4.02,0.69
O503670,2026-06-02,C10081,P2026,2,0.2,25.88,63.53,Beauty,127.06,25.41,101.65,51.76,2.5,2.92
O503671,2026-02-02,C10189,P2047,1,0.15,23.95,36.37,Sports,36.37,5.46,30.91,23.95,4.96,0.76
O503672,2026-04-14,C10863,P2039,1,0.05,88.55,225.55,Beauty,225.55,11.28,214.27,88.55,6.59,5.89
O503673,2025-01-06,C10366,P2068,3,0.05,54.46,128.05,Home,384.15,19.21,364.94,163.38,2.65,8.68
O503674,2025-04-30,C10144,P2075,3,0.0,49.49,125.61,Electronics,376.83,0.0,376.83,148.47,4.12,10.82
O503675,2026-02-13,C11123,P2031,2,0.1,54.53,117.07,Sports,234.14,23.41,210.73,109.06,5.61,6.61
O503676,2025-12-12,C10333,P2011,2,0.1,25.59,43.62,Electronics,87.24,8.72,78.52,51.18,3.9,2.09
O503677,2026-02-14,C10669,P2073,1,0.05,103.53,278.8,Apparel,278.8,13.94,264.86,103.53,6.92,5.64
O503678,2026-02-12,C10929,P2069,1,0.05,90.63,175.87,Apparel,175.87,8.79,167.08,90.63,5.74,3.55
O503679,2026-02-15,C10277,P2042,2,0.0,21.36,43.17,Sports,86.34,0.0,86.34,42.72,4.58,1.86
O503680,2025-03-25,C10669,P2009,2,0.0,89.03,195.13,Home,390.26,0.0,390.26,178.06,4.79,9.3
O503681,2025-10-02,C10963,P2011,3,0.0,25.59,43.62,Electronics,130.86,0.0,130.86,76.77,6.2,3.51
O503682,2025-04-01,C10341,P2077,2,0.1,99.36,190.12,Apparel,380.24,38.02,342.22,198.72,4.3,7.62
O503683,2025-02-11,C10328,P2022,1,0.1,39.69,79.46,Beauty,79.46,7.95,71.51,39.69,3.9,1.82
O503684,2025-09-08,C10419,P2061,1,0.05,92.46,150.56,Sports,150.56,7.53,143.03,92.46,4.84,2.92
O503685,2025-08-02,C10555,P2057,3,0.25,24.55,53.8,Beauty,161.4,40.35,121.05,73.65,3.98,2.2
O503686,2025-03-15,C10765,P2051,1,0.05,21.09,56.25,Home,56.25,2.81,53.44,21.09,3.99,1.33
O503687,2026-01-01,C10731,P2034,1,0.0,84.74,206.91,Electronics,206.91,0.0,206.91,84.74,6.34,5.77
O503688,2025-09-03,C10817,P2054,2,0.1,19.42,50.24,Beauty,100.48,10.05,90.43,38.84,4.08,2.01
O503689,2026-04-01,C10128,P2064,1,0.0,92.82,194.3,Sports,194.3,0.0,194.3,92.82,3.36,3.52
O503690,2025-01-14,C10385,P2063,1,0.0,107.79,241.07,Sports,241.07,0.0,241.07,107.79,3.9,6.22
O503691,2025-09-06,C10783,P2017,1,0.05,42.64,69.06,Apparel,69.06,3.45,65.61,42.64,5.57,2.06
O503692,2025-06-10,C11059,P2039,2,0.15,88.55,225.55,Beauty,451.1,67.67,383.44,177.1,3.87,10.69
O503693,2025-05-12,C10380,P2077,3,0.0,99.36,190.12,Apparel,570.36,0.0,570.36,298.08,5.45,11.17
O503694,2026-01-09,C10262,P2037,1,0.15,19.43,42.14,Home,42.14,6.32,35.82,19.43,6.24,1.08
O503695,2025-06-06,C10042,P2046,1,0.0,41.9,79.58,Sports,79.58,0.0,79.58,41.9,5.34,1.7
O503696,2025-06-15,C10356,P2068,1,0.0,54.46,128.05,Home,128.05,0.0,128.05,54.46,5.02,3.76
O503697,2026-06-19,C11055,P2063,3,0.15,107.79,241.07,Sports,723.21,108.48,614.73,323.37,6.15,17.36
O503698,2025-12-18,C10117,P2056,1,0.1,12.18,29.13,Home,29.13,2.91,26.22,12.18,6.25,0.61
O503699,2025-02-04,C11082,P2062,1,0.0,69.71,151.88,Beauty,151.88,0.0,151.88,69.71,6.51,4.18
O503700,2026-06-04,C10420,P2026,1,0.05,25.88,63.53,Beauty,63.53,3.18,60.35,25.88,3.48,1.34
O503701,2025-07-04,C10726,P2056,1,0.25,12.18,29.13,Home,29.13,7.28,21.85,12.18,4.14,0.57
O503702,2026-06-04,C11015,P2019,2,0.0,28.46,61.03,Sports,122.06,0.0,122.06,56.92,3.08,2.55
O503703,2025-03-14,C10032,P2053,2,0.0,95.73,175.96,Electronics,351.92,0.0,351.92,191.46,6.24,7.21
O503704,2025-12-16,C11090,P2005,1,0.05,21.42,39.38,Sports,39.38,1.97,37.41,21.42,2.5,0.83
O503705,2025-06-20,C10768,P2044,2,0.1,96.39,166.51,Electronics,333.02,33.3,299.72,192.78,3.39,8.32
O503706,2025-02-12,C10116,P2028,1,0.05,49.21,76.08,Beauty,76.08,3.8,72.28,49.21,5.14,1.93
O503707,2025-03-07,C10764,P2026,3,0.05,25.88,63.53,Beauty,190.59,9.53,181.06,77.64,4.1,4.11
O503708,2026-05-05,C10198,P2012,3,0.15,91.5,250.58,Home,751.74,112.76,638.98,274.5,3.87,15.53
O503709,2025-10-01,C10219,P2011,2,0.1,25.59,43.62,Electronics,87.24,8.72,78.52,51.18,2.59,1.69
O503710,2025-06-07,C10796,P2040,1,0.0,46.24,112.16,Electronics,112.16,0.0,112.16,46.24,8.15,2.31
O503711,2026-05-19,C10072,P2003,1,0.15,103.86,246.21,Sports,246.21,36.93,209.28,103.86,5.08,6.52
O503712,2025-06-01,C10980,P2000,1,0.1,20.01,46.3,Beauty,46.3,4.63,41.67,20.01,7.12,0.82
O503713,2025-01-09,C10135,P2011,2,0.1,25.59,43.62,Electronics,87.24,8.72,78.52,51.18,5.96,1.49
O503714,2025-02-01,C10470,P2042,1,0.0,21.36,43.17,Sports,43.17,0.0,43.17,21.36,7.25,1.08
O503715,2026-06-01,C11169,P2075,1,0.05,49.49,125.61,Electronics,125.61,6.28,119.33,49.49,4.39,3.42
O503716,2025-05-24,C10899,P2071,1,0.15,72.34,202.22,Beauty,202.22,30.33,171.89,72.34,2.5,3.71
O503717,2025-12-03,C10502,P2014,3,0.1,105.6,279.48,Beauty,838.44,83.84,754.6,316.8,7.15,15.53
O503718,2025-04-26,C11109,P2070,1,0.0,80.41,185.88,Sports,185.88,0.0,185.88,80.41,4.05,4.42
O503719,2025-05-01,C11082,P2055,1,0.0,14.94,29.55,Sports,29.55,0.0,29.55,14.94,3.39,0.57
O503720,2026-05-28,C10639,P2071,1,0.1,72.34,202.22,Beauty,202.22,20.22,182.0,72.34,5.3,3.8
O503721,2025-09-20,C10389,P2071,2,0.0,72.34,202.22,Beauty,404.44,0.0,404.44,144.68,7.37,10.25
O503722,2025-06-18,C10190,P2040,2,0.0,46.24,112.16,Electronics,224.32,0.0,224.32,92.48,2.5,7.08
O503723,2025-02-07,C10277,P2019,1,0.15,28.46,61.03,Sports,61.03,9.15,51.88,28.46,5.78,1.36
O503724,2025-08-17,C10675,P2030,3,0.1,81.44,160.67,Electronics,482.01,48.2,433.81,244.32,4.0,10.8
O503725,2025-08-14,C10708,P2013,2,0.15,14.91,32.18,Beauty,64.36,9.65,54.71,29.82,7.31,1.19
O503726,2025-06-24,C11123,P2071,1,0.05,72.34,202.22,Beauty,202.22,10.11,192.11,72.34,5.08,3.5
O503727,2025-06-09,C10158,P2001,2,0.05,67.86,159.31,Electronics,318.62,15.93,302.69,135.72,5.45,9.44
O503728,2025-04-03,C10839,P2032,3,0.1,83.59,176.17,Apparel,528.51,52.85,475.66,250.77,6.94,12.36
O503729,2025-02-23,C10999,P2032,1,0.1,83.59,176.17,Apparel,176.17,17.62,158.55,83.59,8.13,3.81
O503730,2026-03-08,C10155,P2004,2,0.05,82.13,229.05,Sports,458.1,22.9,435.2,164.26,5.14,11.14
O503731,2025-12-11,C10941,P2030,1,0.1,81.44,160.67,Electronics,160.67,16.07,144.6,81.44,5.25,4.21
O503732,2025-02-16,C10560,P2032,1,0.15,83.59,176.17,Apparel,176.17,26.43,149.74,83.59,3.34,3.14
O503733,2026-02-26,C10864,P2045,3,0.05,54.87,109.92,Sports,329.76,16.49,313.27,164.61,4.88,7.62
O503734,2025-09-03,C10213,P2007,2,0.0,81.19,138.2,Apparel,276.4,0.0,276.4,162.38,3.33,6.01
O503735,2025-06-04,C10150,P2042,3,0.0,21.36,43.17,Sports,129.51,0.0,129.51,64.08,3.03,2.46
O503736,2025-06-16,C10099,P2061,1,0.1,92.46,150.56,Sports,150.56,15.06,135.5,92.46,4.89,2.72
O503737,2025-01-31,C10499,P2010,3,0.0,105.58,212.84,Electronics,638.52,0.0,638.52,316.74,2.5,13.84
O503738,2025-04-15,C10239,P2036,2,0.0,79.57,186.92,Apparel,373.84,0.0,373.84,159.14,6.42,10.97
O503739,2026-01-16,C11139,P2059,1,0.25,74.58,192.13,Electronics,192.13,48.03,144.1,74.58,4.91,2.67
O503740,2025-12-26,C10474,P2008,1,0.1,64.11,126.24,Beauty,126.24,12.62,113.62,64.11,5.97,2.55
O503741,2025-06-26,C10552,P2067,2,0.15,89.48,177.38,Sports,354.76,53.21,301.55,178.96,4.56,9.24
O503742,2026-06-24,C10620,P2054,1,0.05,19.42,50.24,Beauty,50.24,2.51,47.73,19.42,5.91,1.18
O503743,2026-05-17,C10298,P2025,1,0.1,59.62,149.3,Electronics,149.3,14.93,134.37,59.62,4.98,2.99
O503744,2026-03-10,C10067,P2036,2,0.0,79.57,186.92,Apparel,373.84,0.0,373.84,159.14,3.5,8.96
O503745,2025-05-18,C10758,P2010,1,0.2,105.58,212.84,Electronics,212.84,42.57,170.27,105.58,5.8,3.18
O503746,2025-09-08,C11125,P2018,1,0.15,23.1,60.58,Apparel,60.58,9.09,51.49,23.1,4.3,1.24
O503747,2025-08-26,C10402,P2060,1,0.1,91.93,225.41,Sports,225.41,22.54,202.87,91.93,3.62,3.87
O503748,2025-03-22,C10034,P2076,1,0.0,94.33,153.36,Apparel,153.36,0.0,153.36,94.33,4.24,3.79
O503749,2025-11-04,C10354,P2019,1,0.0,28.46,61.03,Sports,61.03,0.0,61.03,28.46,3.47,1.16
O503750,2026-04-05,C10605,P2010,2,0.1,105.58,212.84,Electronics,425.68,42.57,383.11,211.16,6.72,12.03
O503751,2025-01-23,C10216,P2048,2,0.05,26.01,65.12,Home,130.24,6.51,123.73,52.02,6.0,2.84
O503752,2026-03-09,C11099,P2073,1,0.1,103.53,278.8,Apparel,278.8,27.88,250.92,103.53,4.5,6.19
O503753,2025-10-13,C10653,P2042,2,0.15,21.36,43.17,Sports,86.34,12.95,73.39,42.72,4.0,1.78
O503754,2026-06-24,C10409,P2055,1,0.25,14.94,29.55,Sports,29.55,7.39,22.16,14.94,4.78,0.47
O503755,2025-04-12,C10160,P2046,3,0.1,41.9,79.58,Sports,238.74,23.87,214.87,125.7,5.75,4.06
O503756,2025-07-25,C11090,P2019,2,0.2,28.46,61.03,Sports,122.06,24.41,97.65,56.92,3.9,3.01
O503757,2025-02-07,C10286,P2061,1,0.1,92.46,150.56,Sports,150.56,15.06,135.5,92.46,5.2,3.67
O503758,2026-01-03,C11171,P2014,1,0.15,105.6,279.48,Beauty,279.48,41.92,237.56,105.6,6.41,6.22
O503759,2025-03-29,C10672,P2016,1,0.1,23.99,66.65,Electronics,66.65,6.67,59.99,23.99,6.07,1.43
O503760,2025-06-26,C10319,P2023,1,0.1,99.43,207.17,Apparel,207.17,20.72,186.45,99.43,3.05,5.82
O503761,2026-06-01,C10792,P2074,2,0.15,60.53,130.38,Sports,260.76,39.11,221.65,121.06,2.66,5.82
O503762,2025-02-19,C10531,P2007,1,0.15,81.19,138.2,Apparel,138.2,20.73,117.47,81.19,6.85,2.13
O503763,2025-02-27,C10778,P2053,1,0.1,95.73,175.96,Electronics,175.96,17.6,158.36,95.73,7.48,2.87
O503764,2025-10-30,C10595,P2068,1,0.05,54.46,128.05,Home,128.05,6.4,121.65,54.46,5.27,3.72
O503765,2025-12-11,C10632,P2012,3,0.1,91.5,250.58,Home,751.74,75.17,676.57,274.5,6.9,14.47
O503766,2025-06-24,C10910,P2061,2,0.1,92.46,150.56,Sports,301.12,30.11,271.01,184.92,5.81,7.37
O503767,2026-01-25,C10044,P2005,3,0.05,21.42,39.38,Sports,118.14,5.91,112.23,64.26,7.56,2.78
O503768,2026-04-10,C10079,P2076,1,0.15,94.33,153.36,Apparel,153.36,23.0,130.36,94.33,7.14,2.8
O503769,2025-09-20,C10337,P2060,3,0.1,91.93,225.41,Sports,676.23,67.62,608.61,275.79,4.38,16.08
O503770,2025-08-01,C11101,P2019,1,0.25,28.46,61.03,Sports,61.03,15.26,45.77,28.46,4.41,0.83
O503771,2025-11-13,C10577,P2015,3,0.15,32.67,56.68,Home,170.04,25.51,144.53,98.01,5.81,2.64
O503772,2026-05-25,C10907,P2059,3,0.0,74.58,192.13,Electronics,576.39,0.0,576.39,223.74,4.62,10.79
O503773,2026-01-02,C10299,P2074,1,0.15,60.53,130.38,Sports,130.38,19.56,110.82,60.53,3.98,2.86
O503774,2025-07-16,C10877,P2066,3,0.1,21.23,45.94,Beauty,137.82,13.78,124.04,63.69,4.25,3.74
O503775,2025-07-29,C11127,P2068,2,0.25,54.46,128.05,Home,256.1,64.03,192.08,108.92,2.53,3.62
O503776,2026-01-24,C10436,P2016,1,0.1,23.99,66.65,Electronics,66.65,6.67,59.99,23.99,4.36,1.66
O503777,2025-04-28,C10806,P2013,3,0.1,14.91,32.18,Beauty,96.54,9.65,86.89,44.73,8.17,2.39
O503778,2025-02-14,C11137,P2054,2,0.1,19.42,50.24,Beauty,100.48,10.05,90.43,38.84,3.72,2.76
O503779,2025-03-11,C10196,P2027,2,0.0,39.51,103.84,Electronics,207.68,0.0,207.68,79.02,6.49,6.18
O503780,2025-10-08,C11110,P2016,3,0.1,23.99,66.65,Electronics,199.95,20.0,179.96,71.97,4.53,5.1
O503781,2025-08-30,C10804,P2069,2,0.2,90.63,175.87,Apparel,351.74,70.35,281.39,181.26,3.74,7.2
O503782,2025-09-14,C10407,P2077,3,0.05,99.36,190.12,Apparel,570.36,28.52,541.84,298.08,5.02,16.76
O503783,2025-08-10,C10761,P2049,1,0.1,75.64,173.14,Apparel,173.14,17.31,155.83,75.64,2.88,4.57
O503784,2025-12-18,C10322,P2067,1,0.1,89.48,177.38,Sports,177.38,17.74,159.64,89.48,6.76,3.33
O503785,2025-10-09,C11167,P2024,1,0.05,38.64,85.56,Electronics,85.56,4.28,81.28,38.64,3.37,1.77
O503786,2025-01-10,C10822,P2072,2,0.05,85.85,152.66,Sports,305.32,15.27,290.05,171.7,4.06,8.11
O503787,2025-11-23,C10534,P2034,3,0.05,84.74,206.91,Electronics,620.73,31.04,589.69,254.22,5.1,17.38
O503788,2025-05-18,C10335,P2066,3,0.0,21.23,45.94,Beauty,137.82,0.0,137.82,63.69,3.05,3.96
O503789,2025-06-11,C10591,P2000,1,0.0,20.01,46.3,Beauty,46.3,0.0,46.3,20.01,4.23,1.04
O503790,2026-05-03,C10519,P2001,1,0.1,67.86,159.31,Electronics,159.31,15.93,143.38,67.86,7.32,3.52
O503791,2025-11-19,C10267,P2027,3,0.2,39.51,103.84,Electronics,311.52,62.3,249.22,118.53,4.78,5.37
O503792,2026-05-23,C10343,P2004,2,0.15,82.13,229.05,Sports,458.1,68.72,389.38,164.26,5.73,10.23
O503793,2025-05-13,C10766,P2004,3,0.0,82.13,229.05,Sports,687.15,0.0,687.15,246.39,3.11,16.78
O503794,2025-02-11,C11102,P2024,2,0.1,38.64,85.56,Electronics,171.12,17.11,154.01,77.28,5.17,4.0
O503795,2026-04-22,C10560,P2021,1,0.0,75.19,147.18,Electronics,147.18,0.0,147.18,75.19,7.91,3.53
O503796,2026-06-05,C10737,P2025,2,0.0,59.62,149.3,Electronics,298.6,0.0,298.6,119.24,7.9,6.44
O503797,2025-06-01,C10030,P2041,2,0.15,53.15,104.66,Apparel,209.32,31.4,177.92,106.3,6.45,5.07
O503798,2025-02-24,C11150,P2039,1,0.25,88.55,225.55,Beauty,225.55,56.39,169.16,88.55,3.5,5.41
O503799,2026-04-28,C10124,P2030,3,0.0,81.44,160.67,Electronics,482.01,0.0,482.01,244.32,2.71,15.38
O503800,2026-06-17,C10966,P2030,2,0.1,81.44,160.67,Electronics,321.34,32.13,289.21,162.88,7.36,7.35
O503801,2025-04-26,C10420,P2059,1,0.15,74.58,192.13,Electronics,192.13,28.82,163.31,74.58,3.49,3.12
O503802,2025-02-11,C10305,P2040,2,0.15,46.24,112.16,Electronics,224.32,33.65,190.67,92.48,4.7,4.3
O503803,2025-06-04,C10359,P2025,1,0.0,59.62,149.3,Electronics,149.3,0.0,149.3,59.62,5.29,4.04
O503804,2026-02-03,C10614,P2060,2,0.0,91.93,225.41,Sports,450.82,0.0,450.82,183.86,4.68,11.13
O503805,2025-06-05,C10948,P2012,2,0.0,91.5,250.58,Home,501.16,0.0,501.16,183.0,4.88,9.59
O503806,2025-06-08,C10108,P2010,2,0.1,105.58,212.84,Electronics,425.68,42.57,383.11,211.16,3.73,9.85
O503807,2025-12-03,C10220,P2003,2,0.0,103.86,246.21,Sports,492.42,0.0,492.42,207.72,4.16,11.44
O503808,2026-02-18,C11133,P2028,1,0.15,49.21,76.08,Beauty,76.08,11.41,64.67,49.21,3.65,2.05
O503809,2026-02-15,C10754,P2002,1,0.05,36.16,61.12,Beauty,61.12,3.06,58.06,36.16,2.5,1.85
O503810,2025-03-09,C10703,P2047,1,0.0,23.95,36.37,Sports,36.37,0.0,36.37,23.95,3.47,1.02
O503811,2025-03-26,C10867,P2058,1,0.0,56.31,124.87,Electronics,124.87,0.0,124.87,56.31,8.03,2.87
O503812,2025-10-01,C10217,P2002,1,0.0,36.16,61.12,Beauty,61.12,0.0,61.12,36.16,4.81,1.79
O503813,2025-01-24,C11099,P2038,1,0.25,61.98,100.85,Sports,100.85,25.21,75.64,61.98,4.14,2.19
O503814,2025-06-05,C10918,P2015,2,0.0,32.67,56.68,Home,113.36,0.0,113.36,65.34,4.92,2.28
O503815,2026-06-06,C10075,P2037,1,0.0,19.43,42.14,Home,42.14,0.0,42.14,19.43,6.24,1.08
O503816,2025-07-04,C10988,P2048,1,0.0,26.01,65.12,Home,65.12,0.0,65.12,26.01,8.91,1.23
O503817,2025-11-13,C11149,P2018,1,0.15,23.1,60.58,Apparel,60.58,9.09,51.49,23.1,4.36,1.15
O503818,2026-06-20,C10457,P2045,2,0.1,54.87,109.92,Sports,219.84,21.98,197.86,109.74,2.58,3.61
O503819,2025-08-15,C10428,P2033,1,0.0,102.58,280.83,Apparel,280.83,0.0,280.83,102.58,5.37,7.65
O503820,2025-05-22,C10143,P2046,1,0.05,41.9,79.58,Sports,79.58,3.98,75.6,41.9,7.22,1.68
O503821,2025-01-23,C10256,P2073,1,0.0,103.53,278.8,Apparel,278.8,0.0,278.8,103.53,4.26,8.41
O503822,2025-07-16,C10245,P2065,3,0.2,74.22,160.54,Electronics,481.62,96.32,385.3,222.66,6.21,10.74
O503823,2025-12-30,C10038,P2079,1,0.15,76.11,150.73,Apparel,150.73,22.61,128.12,76.11,4.18,3.38
O503824,2025-01-16,C10114,P2045,1,0.2,54.87,109.92,Sports,109.92,21.98,87.94,54.87,3.82,1.79
O503825,2025-02-27,C10026,P2018,1,0.1,23.1,60.58,Apparel,60.58,6.06,54.52,23.1,4.36,1.73
O503826,2026-01-17,C11142,P2014,1,0.05,105.6,279.48,Beauty,279.48,13.97,265.51,105.6,7.07,5.81
O503827,2026-06-29,C11022,P2058,1,0.0,56.31,124.87,Electronics,124.87,0.0,124.87,56.31,3.96,2.93
O503828,2026-01-18,C10717,P2044,2,0.0,96.39,166.51,Electronics,333.02,0.0,333.02,192.78,7.25,8.11
O503829,2025-10-18,C10263,P2037,1,0.1,19.43,42.14,Home,42.14,4.21,37.93,19.43,5.12,1.08
O503830,2026-02-02,C10821,P2073,3,0.05,103.53,278.8,Apparel,836.4,41.82,794.58,310.59,4.61,15.41
O503831,2025-12-07,C10273,P2014,2,0.05,105.6,279.48,Beauty,558.96,27.95,531.01,211.2,3.42,16.69
O503832,2026-02-06,C10181,P2008,2,0.1,64.11,126.24,Beauty,252.48,25.25,227.23,128.22,7.49,5.32
O503833,2025-07-23,C10973,P2070,3,0.1,80.41,185.88,Sports,557.64,55.76,501.88,241.23,6.66,11.98
O503834,2026-04-26,C11082,P2023,2,0.05,99.43,207.17,Apparel,414.34,20.72,393.62,198.86,5.97,8.15
O503835,2025-07-04,C10647,P2050,2,0.1,47.62,83.27,Beauty,166.54,16.65,149.89,95.24,5.21,3.07
O503836,2025-07-13,C10843,P2002,2,0.1,36.16,61.12,Beauty,122.24,12.22,110.02,72.32,6.2,3.5
O503837,2025-08-20,C10114,P2048,1,0.25,26.01,65.12,Home,65.12,16.28,48.84,26.01,6.45,1.05
O503838,2025-01-23,C10494,P2067,2,0.2,89.48,177.38,Sports,354.76,70.95,283.81,178.96,6.13,5.97
O503839,2026-01-24,C10982,P2074,2,0.1,60.53,130.38,Sports,260.76,26.08,234.68,121.06,6.49,6.13
O503840,2026-02-09,C10065,P2006,1,0.1,90.83,200.16,Electronics,200.16,20.02,180.14,90.83,4.83,4.0
O503841,2025-05-20,C10912,P2053,1,0.15,95.73,175.96,Electronics,175.96,26.39,149.57,95.73,3.03,3.22
O503842,2025-06-02,C11065,P2029,2,0.05,30.95,55.54,Apparel,111.08,5.55,105.53,61.9,3.28,2.41
O503843,2025-10-06,C10261,P2007,3,0.2,81.19,138.2,Apparel,414.6,82.92,331.68,243.57,6.22,8.82
O503844,2026-05-11,C10715,P2030,1,0.0,81.44,160.67,Electronics,160.67,0.0,160.67,81.44,5.93,4.08
O503845,2025-03-21,C11032,P2077,2,0.1,99.36,190.12,Apparel,380.24,38.02,342.22,198.72,6.86,9.76
O503846,2025-12-30,C10339,P2017,1,0.0,42.64,69.06,Apparel,69.06,0.0,69.06,42.64,5.18,1.42
O503847,2025-11-02,C10114,P2042,1,0.0,21.36,43.17,Sports,43.17,0.0,43.17,21.36,6.11,1.36
O503848,2026-02-18,C10042,P2060,1,0.2,91.93,225.41,Sports,225.41,45.08,180.33,91.93,2.5,4.18
O503849,2025-06-10,C11095,P2062,2,0.15,69.71,151.88,Beauty,303.76,45.56,258.2,139.42,4.19,5.63
O503850,2026-04-05,C10697,P2067,2,0.15,89.48,177.38,Sports,354.76,53.21,301.55,178.96,5.21,6.14
O503851,2025-12-22,C10210,P2036,2,0.2,79.57,186.92,Apparel,373.84,74.77,299.07,159.14,6.01,9.01
O503852,2025-03-22,C10807,P2023,3,0.05,99.43,207.17,Apparel,621.51,31.08,590.43,298.29,4.32,17.62
O503853,2026-04-05,C10253,P2013,2,0.0,14.91,32.18,Beauty,64.36,0.0,64.36,29.82,5.66,1.46
O503854,2026-04-09,C10387,P2021,1,0.0,75.19,147.18,Electronics,147.18,0.0,147.18,75.19,4.5,4.03
O503855,2025-02-26,C10940,P2041,2,0.2,53.15,104.66,Apparel,209.32,41.86,167.46,106.3,5.46,4.68
O503856,2025-05-30,C10339,P2054,2,0.0,19.42,50.24,Beauty,100.48,0.0,100.48,38.84,5.05,2.57
O503857,2025-09-11,C10271,P2018,1,0.25,23.1,60.58,Apparel,60.58,15.14,45.44,23.1,2.76,1.39
O503858,2025-09-28,C10079,P2008,3,0.0,64.11,126.24,Beauty,378.72,0.0,378.72,192.33,4.08,7.27
O503859,2025-06-30,C10446,P2009,2,0.0,89.03,195.13,Home,390.26,0.0,390.26,178.06,4.74,8.51
O503860,2025-12-12,C11049,P2045,1,0.1,54.87,109.92,Sports,109.92,10.99,98.93,54.87,2.69,2.32
O503861,2026-06-13,C10767,P2005,1,0.2,21.42,39.38,Sports,39.38,7.88,31.5,21.42,3.13,0.96
O503862,2025-05-08,C11195,P2067,2,0.15,89.48,177.38,Sports,354.76,53.21,301.55,178.96,4.75,8.22
O503863,2025-05-10,C10873,P2023,2,0.1,99.43,207.17,Apparel,414.34,41.43,372.91,198.86,4.52,10.3
O503864,2026-06-24,C11117,P2069,2,0.0,90.63,175.87,Apparel,351.74,0.0,351.74,181.26,5.19,7.81
O503865,2026-03-28,C11199,P2036,3,0.1,79.57,186.92,Apparel,560.76,56.08,504.68,238.71,4.56,16.01
O503866,2025-04-18,C10474,P2065,3,0.0,74.22,160.54,Electronics,481.62,0.0,481.62,222.66,5.69,14.35
O503867,2025-11-06,C10771,P2051,1,0.2,21.09,56.25,Home,56.25,11.25,45.0,21.09,4.91,0.84
O503868,2025-08-21,C10934,P2016,1,0.0,23.99,66.65,Electronics,66.65,0.0,66.65,23.99,5.58,1.39
O503869,2025-04-25,C10089,P2027,3,0.15,39.51,103.84,Electronics,311.52,46.73,264.79,118.53,4.93,6.86
O503870,2025-06-03,C10015,P2005,2,0.05,21.42,39.38,Sports,78.76,3.94,74.82,42.84,8.07,1.68
O503871,2025-05-06,C10539,P2064,1,0.0,92.82,194.3,Sports,194.3,0.0,194.3,92.82,3.17,5.03
O503872,2026-06-15,C10215,P2034,1,0.05,84.74,206.91,Electronics,206.91,10.35,196.56,84.74,5.66,5.81
O503873,2025-10-23,C10716,P2070,2,0.2,80.41,185.88,Sports,371.76,74.35,297.41,160.82,5.61,8.01
O503874,2025-10-08,C10699,P2022,1,0.05,39.69,79.46,Beauty,79.46,3.97,75.49,39.69,7.87,1.99
O503875,2025-05-28,C10817,P2020,1,0.0,96.28,147.84,Home,147.84,0.0,147.84,96.28,5.19,4.13
O503876,2026-06-21,C10554,P2040,1,0.15,46.24,112.16,Electronics,112.16,16.82,95.34,46.24,7.51,2.23
O503877,2025-04-25,C10464,P2075,1,0.2,49.49,125.61,Electronics,125.61,25.12,100.49,49.49,5.01,2.06
O503878,2026-04-26,C10601,P2036,1,0.1,79.57,186.92,Apparel,186.92,18.69,168.23,79.57,5.58,4.95
O503879,2026-01-14,C10671,P2031,2,0.15,54.53,117.07,Sports,234.14,35.12,199.02,109.06,6.12,6.15
O503880,2025-11-04,C10043,P2003,2,0.0,103.86,246.21,Sports,492.42,0.0,492.42,207.72,4.24,12.19
O503881,2025-12-05,C10964,P2047,1,0.15,23.95,36.37,Sports,36.37,5.46,30.91,23.95,3.25,0.59
O503882,2025-02-18,C10802,P2024,2,0.0,38.64,85.56,Electronics,171.12,0.0,171.12,77.28,3.49,3.54
O503883,2026-03-19,C10359,P2008,2,0.15,64.11,126.24,Beauty,252.48,37.87,214.61,128.22,7.38,4.53
O503884,2025-10-19,C10959,P2035,1,0.2,33.04,85.13,Beauty,85.13,17.03,68.1,33.04,2.94,2.01
O503885,2025-06-13,C10693,P2016,1,0.2,23.99,66.65,Electronics,66.65,13.33,53.32,23.99,5.76,1.34
O503886,2026-06-28,C10994,P2064,1,0.25,92.82,194.3,Sports,194.3,48.58,145.73,92.82,2.5,3.98
O503887,2025-10-29,C10343,P2042,2,0.05,21.36,43.17,Sports,86.34,4.32,82.02,42.72,5.73,2.06
O503888,2025-06-22,C11045,P2065,1,0.0,74.22,160.54,Electronics,160.54,0.0,160.54,74.22,4.92,5.03
O503889,2025-01-07,C10355,P2028,2,0.1,49.21,76.08,Beauty,152.16,15.22,136.94,98.42,2.5,3.25
O503890,2026-03-24,C10228,P2077,3,0.15,99.36,190.12,Apparel,570.36,85.55,484.81,298.08,5.61,12.42
O503891,2025-07-26,C10607,P2041,1,0.1,53.15,104.66,Apparel,104.66,10.47,94.19,53.15,5.14,1.95
O503892,2025-11-19,C10209,P2028,1,0.1,49.21,76.08,Beauty,76.08,7.61,68.47,49.21,2.5,1.28
O503893,2026-01-31,C10540,P2060,2,0.0,91.93,225.41,Sports,450.82,0.0,450.82,183.86,4.94,12.79
O503894,2025-02-17,C10964,P2043,1,0.15,34.43,56.92,Electronics,56.92,8.54,48.38,34.43,4.19,0.89
O503895,2025-09-07,C10557,P2008,1,0.1,64.11,126.24,Beauty,126.24,12.62,113.62,64.11,5.53,2.05
O503896,2026-02-11,C10163,P2019,1,0.0,28.46,61.03,Sports,61.03,0.0,61.03,28.46,3.39,1.44
O503897,2025-11-26,C10496,P2059,1,0.15,74.58,192.13,Electronics,192.13,28.82,163.31,74.58,5.09,4.81
O503898,2026-05-18,C11081,P2071,1,0.05,72.34,202.22,Beauty,202.22,10.11,192.11,72.34,4.95,5.21
O503899,2025-04-09,C10498,P2034,2,0.1,84.74,206.91,Electronics,413.82,41.38,372.44,169.48,6.23,7.76
O503900,2025-01-07,C10955,P2048,1,0.0,26.01,65.12,Home,65.12,0.0,65.12,26.01,2.5,1.5
O503901,2025-05-24,C10053,P2028,2,0.15,49.21,76.08,Beauty,152.16,22.82,129.34,98.42,6.99,3.83
O503902,2026-05-07,C10484,P2052,2,0.1,85.13,212.17,Beauty,424.34,42.43,381.91,170.26,5.73,11.72
O503903,2026-03-29,C10655,P2057,1,0.05,24.55,53.8,Beauty,53.8,2.69,51.11,24.55,5.74,1.24
O503904,2025-11-19,C10550,P2036,1,0.15,79.57,186.92,Apparel,186.92,28.04,158.88,79.57,6.04,3.83
O503905,2025-03-31,C10359,P2049,3,0.2,75.64,173.14,Apparel,519.42,103.88,415.54,226.92,4.98,9.05
O503906,2025-01-12,C10727,P2033,1,0.1,102.58,280.83,Apparel,280.83,28.08,252.75,102.58,5.74,4.69
O503907,2025-01-14,C11181,P2060,1,0.05,91.93,225.41,Sports,225.41,11.27,214.14,91.93,3.08,5.55
O503908,2025-08-22,C11041,P2040,2,0.0,46.24,112.16,Electronics,224.32,0.0,224.32,92.48,5.2,5.14
O503909,2025-06-22,C10543,P2022,3,0.05,39.69,79.46,Beauty,238.38,11.92,226.46,119.07,5.68,5.31
O503910,2025-03-30,C10333,P2019,2,0.1,28.46,61.03,Sports,122.06,12.21,109.85,56.92,5.36,2.22
O503911,2026-04-30,C10144,P2034,2,0.0,84.74,206.91,Electronics,413.82,0.0,413.82,169.48,5.86,10.26
O503912,2026-04-04,C10309,P2025,1,0.15,59.62,149.3,Electronics,149.3,22.4,126.91,59.62,4.57,3.6
O503913,2025-08-18,C11013,P2034,1,0.0,84.74,206.91,Electronics,206.91,0.0,206.91,84.74,3.35,5.41
O503914,2025-09-07,C10724,P2036,1,0.1,79.57,186.92,Apparel,186.92,18.69,168.23,79.57,4.16,5.18
O503915,2025-10-18,C10740,P2001,1,0.1,67.86,159.31,Electronics,159.31,15.93,143.38,67.86,6.86,3.53
O503916,2025-06-23,C10478,P2015,2,0.0,32.67,56.68,Home,113.36,0.0,113.36,65.34,3.5,2.7
O503917,2025-09-11,C10305,P2046,1,0.15,41.9,79.58,Sports,79.58,11.94,67.64,41.9,3.87,1.89
O503918,2025-07-23,C10856,P2025,1,0.1,59.62,149.3,Electronics,149.3,14.93,134.37,59.62,4.61,2.59
O503919,2025-08-04,C10653,P2025,1,0.15,59.62,149.3,Electronics,149.3,22.4,126.91,59.62,4.59,3.12
O503920,2025-01-12,C10627,P2013,3,0.0,14.91,32.18,Beauty,96.54,0.0,96.54,44.73,3.86,1.85
O503921,2025-04-29,C10499,P2035,1,0.15,33.04,85.13,Beauty,85.13,12.77,72.36,33.04,6.81,2.19
O503922,2025-07-19,C11091,P2057,2,0.1,24.55,53.8,Beauty,107.6,10.76,96.84,49.1,8.57,2.08
O503923,2025-06-09,C10404,P2059,2,0.05,74.58,192.13,Electronics,384.26,19.21,365.05,149.16,5.72,7.67
O503924,2025-09-27,C10513,P2004,1,0.1,82.13,229.05,Sports,229.05,22.9,206.14,82.13,6.16,4.77
O503925,2025-02-19,C10875,P2012,1,0.2,91.5,250.58,Home,250.58,50.12,200.46,91.5,4.32,4.9
O503926,2026-02-27,C11091,P2073,1,0.0,103.53,278.8,Apparel,278.8,0.0,278.8,103.53,5.01,7.13
O503927,2025-03-08,C10574,P2055,2,0.15,14.94,29.55,Sports,59.1,8.86,50.24,29.88,4.46,1.37
O503928,2025-04-26,C10227,P2033,1,0.2,102.58,280.83,Apparel,280.83,56.17,224.66,102.58,4.83,4.13
O503929,2026-06-04,C11036,P2012,1,0.1,91.5,250.58,Home,250.58,25.06,225.52,91.5,5.64,4.51
O503930,2025-10-03,C10851,P2076,2,0.05,94.33,153.36,Apparel,306.72,15.34,291.38,188.66,6.26,7.62
O503931,2025-09-30,C10467,P2041,1,0.1,53.15,104.66,Apparel,104.66,10.47,94.19,53.15,5.28,1.96
O503932,2026-03-13,C10874,P2070,1,0.0,80.41,185.88,Sports,185.88,0.0,185.88,80.41,4.93,4.45
O503933,2025-08-22,C11179,P2004,1,0.1,82.13,229.05,Sports,229.05,22.9,206.14,82.13,3.64,4.93
O503934,2025-11-16,C10372,P2009,1,0.0,89.03,195.13,Home,195.13,0.0,195.13,89.03,4.96,4.41
O503935,2025-08-27,C10533,P2008,3,0.0,64.11,126.24,Beauty,378.72,0.0,378.72,192.33,7.1,9.67
O503936,2026-01-19,C10650,P2055,3,0.1,14.94,29.55,Sports,88.65,8.86,79.79,44.82,4.47,2.37
O503937,2025-06-08,C10743,P2045,3,0.1,54.87,109.92,Sports,329.76,32.98,296.78,164.61,3.8,9.44
O503938,2025-05-04,C11090,P2045,1,0.05,54.87,109.92,Sports,109.92,5.5,104.42,54.87,3.09,3.05
O503939,2025-02-19,C10216,P2050,1,0.2,47.62,83.27,Beauty,83.27,16.65,66.62,47.62,2.83,2.03
O503940,2026-05-10,C11080,P2068,2,0.0,54.46,128.05,Home,256.1,0.0,256.1,108.92,7.18,7.3
O503941,2025-02-09,C10190,P2021,3,0.25,75.19,147.18,Electronics,441.54,110.38,331.16,225.57,2.5,7.6
O503942,2025-01-24,C10684,P2015,2,0.0,32.67,56.68,Home,113.36,0.0,113.36,65.34,5.82,2.79
O503943,2026-04-26,C10933,P2018,2,0.15,23.1,60.58,Apparel,121.16,18.17,102.99,46.2,2.5,2.3
O503944,2026-02-09,C10129,P2011,3,0.1,25.59,43.62,Electronics,130.86,13.09,117.77,76.77,3.27,2.61
O503945,2025-11-01,C10405,P2016,3,0.2,23.99,66.65,Electronics,199.95,39.99,159.96,71.97,3.77,3.85
O503946,2025-08-09,C10867,P2071,2,0.05,72.34,202.22,Beauty,404.44,20.22,384.22,144.68,3.65,9.1
O503947,2025-12-18,C10811,P2076,1,0.0,94.33,153.36,Apparel,153.36,0.0,153.36,94.33,4.74,3.1
O503948,2026-06-20,C10265,P2005,2,0.15,21.42,39.38,Sports,78.76,11.81,66.95,42.84,2.5,2.01
O503949,2026-03-07,C11127,P2052,2,0.0,85.13,212.17,Beauty,424.34,0.0,424.34,170.26,5.59,8.66
O503950,2026-06-14,C10071,P2058,1,0.0,56.31,124.87,Electronics,124.87,0.0,124.87,56.31,4.33,3.03
O503951,2025-01-21,C10588,P2039,2,0.05,88.55,225.55,Beauty,451.1,22.56,428.54,177.1,5.12,11.48
O503952,2025-05-14,C10688,P2076,2,0.15,94.33,153.36,Apparel,306.72,46.01,260.71,188.66,4.36,7.89
O503953,2025-11-19,C10787,P2010,1,0.2,105.58,212.84,Electronics,212.84,42.57,170.27,105.58,5.58,3.51
O503954,2026-03-31,C10618,P2062,1,0.1,69.71,151.88,Beauty,151.88,15.19,136.69,69.71,8.22,2.52
O503955,2025-12-26,C10395,P2052,1,0.0,85.13,212.17,Beauty,212.17,0.0,212.17,85.13,3.8,4.53
O503956,2025-11-05,C10149,P2010,2,0.0,105.58,212.84,Electronics,425.68,0.0,425.68,211.16,6.14,8.51
O503957,2026-04-30,C11104,P2051,2,0.1,21.09,56.25,Home,112.5,11.25,101.25,42.18,5.95,2.61
O503958,2025-08-19,C10312,P2014,1,0.25,105.6,279.48,Beauty,279.48,69.87,209.61,105.6,4.99,6.55
O503959,2025-03-01,C10141,P2047,2,0.1,23.95,36.37,Sports,72.74,7.27,65.47,47.9,3.99,1.19
O503960,2025-10-13,C10338,P2068,2,0.1,54.46,128.05,Home,256.1,25.61,230.49,108.92,6.43,4.49
O503961,2026-03-08,C10942,P2019,1,0.0,28.46,61.03,Sports,61.03,0.0,61.03,28.46,3.02,1.53
O503962,2026-06-29,C10265,P2017,3,0.15,42.64,69.06,Apparel,207.18,31.08,176.1,127.92,6.76,3.81
O503963,2025-03-02,C10588,P2043,2,0.1,34.43,56.92,Electronics,113.84,11.38,102.46,68.86,4.19,2.82
O503964,2025-11-03,C11104,P2060,1,0.2,91.93,225.41,Sports,225.41,45.08,180.33,91.93,4.61,4.87
O503965,2026-05-02,C11186,P2033,1,0.0,102.58,280.83,Apparel,280.83,0.0,280.83,102.58,6.78,5.56
O503966,2025-02-11,C10213,P2063,1,0.05,107.79,241.07,Sports,241.07,12.05,229.02,107.79,4.33,5.75
O503967,2025-01-26,C10513,P2018,1,0.1,23.1,60.58,Apparel,60.58,6.06,54.52,23.1,3.45,1.13
O503968,2026-05-21,C10183,P2051,2,0.0,21.09,56.25,Home,112.5,0.0,112.5,42.18,5.52,2.78
O503969,2025-07-09,C10602,P2019,1,0.05,28.46,61.03,Sports,61.03,3.05,57.98,28.46,4.64,1.33
O503970,2025-12-17,C10277,P2026,2,0.05,25.88,63.53,Beauty,127.06,6.35,120.71,51.76,6.43,2.79
O503971,2025-12-25,C11093,P2026,2,0.0,25.88,63.53,Beauty,127.06,0.0,127.06,51.76,5.43,3.88
O503972,2026-04-24,C10800,P2049,1,0.1,75.64,173.14,Apparel,173.14,17.31,155.83,75.64,3.55,4.39
O503973,2025-06-13,C10651,P2055,2,0.05,14.94,29.55,Sports,59.1,2.96,56.14,29.88,4.2,1.61
O503974,2025-03-03,C10803,P2011,2,0.0,25.59,43.62,Electronics,87.24,0.0,87.24,51.18,3.87,2.16
O503975,2025-09-10,C10469,P2043,3,0.15,34.43,56.92,Electronics,170.76,25.61,145.15,103.29,5.01,3.79
O503976,2025-04-05,C10385,P2073,2,0.0,103.53,278.8,Apparel,557.6,0.0,557.6,207.06,3.35,10.48
O503977,2025-05-22,C10874,P2077,3,0.15,99.36,190.12,Apparel,570.36,85.55,484.81,298.08,2.5,11.94
O503978,2026-02-19,C10700,P2055,2,0.15,14.94,29.55,Sports,59.1,8.86,50.24,29.88,3.55,1.05
O503979,2025-12-16,C10925,P2062,1,0.05,69.71,151.88,Beauty,151.88,7.59,144.29,69.71,4.82,2.79
O503980,2026-03-16,C10710,P2051,2,0.1,21.09,56.25,Home,112.5,11.25,101.25,42.18,5.9,3.01
O503981,2025-05-05,C10647,P2064,2,0.0,92.82,194.3,Sports,388.6,0.0,388.6,185.64,5.89,10.29
O503982,2025-09-02,C10300,P2003,1,0.0,103.86,246.21,Sports,246.21,0.0,246.21,103.86,8.25,4.44
O503983,2025-03-22,C10581,P2039,1,0.05,88.55,225.55,Beauty,225.55,11.28,214.27,88.55,4.95,6.83
O503984,2026-03-11,C10402,P2009,1,0.1,89.03,195.13,Home,195.13,19.51,175.62,89.03,5.05,3.3
O503985,2025-09-15,C10184,P2015,2,0.2,32.67,56.68,Home,113.36,22.67,90.69,65.34,9.46,2.11
O503986,2025-06-22,C11042,P2066,1,0.05,21.23,45.94,Beauty,45.94,2.3,43.64,21.23,8.85,1.05
O503987,2026-01-11,C10242,P2050,1,0.0,47.62,83.27,Beauty,83.27,0.0,83.27,47.62,4.76,2.05
O503988,2025-10-27,C10293,P2068,1,0.15,54.46,128.05,Home,128.05,19.21,108.84,54.46,3.72,2.66
O503989,2025-06-08,C10645,P2034,1,0.0,84.74,206.91,Electronics,206.91,0.0,206.91,84.74,5.37,5.28
O503990,2026-03-06,C10452,P2022,1,0.15,39.69,79.46,Beauty,79.46,11.92,67.54,39.69,4.62,1.39
O503991,2025-12-24,C10846,P2058,2,0.0,56.31,124.87,Electronics,249.74,0.0,249.74,112.62,5.59,6.12
O503992,2026-02-11,C10727,P2032,2,0.05,83.59,176.17,Apparel,352.34,17.62,334.72,167.18,5.57,10.01
O503993,2026-02-04,C11036,P2058,1,0.05,56.31,124.87,Electronics,124.87,6.24,118.63,56.31,5.09,2.88
O503994,2026-04-10,C10165,P2004,1,0.2,82.13,229.05,Sports,229.05,45.81,183.24,82.13,5.33,5.82
O503995,2025-11-27,C10219,P2023,3,0.15,99.43,207.17,Apparel,621.51,93.23,528.28,298.29,3.67,11.34
O503996,2026-03-21,C10483,P2073,2,0.1,103.53,278.8,Apparel,557.6,55.76,501.84,207.06,3.55,15.17
O503997,2025-06-30,C10598,P2054,2,0.2,19.42,50.24,Beauty,100.48,20.1,80.38,38.84,4.42,2.46
O503998,2026-02-21,C10598,P2048,2,0.0,26.01,65.12,Home,130.24,0.0,130.24,52.02,5.63,2.62
O503999,2025-06-01,C10191,P2046,2,0.05,41.9,79.58,Sports,159.16,7.96,151.2,83.8,8.74,3.46
O504000,2025-02-27,C10513,P2041,1,0.1,53.15,104.66,Apparel,104.66,10.47,94.19,53.15,8.02,2.74
O504001,2025-10-25,C10995,P2055,2,0.1,14.94,29.55,Sports,59.1,5.91,53.19,29.88,4.35,1.04
O504002,2026-05-27,C10715,P2032,2,0.25,83.59,176.17,Apparel,352.34,88.08,264.26,167.18,4.26,6.93
O504003,2025-09-07,C10261,P2067,1,0.1,89.48,177.38,Sports,177.38,17.74,159.64,89.48,5.1,3.62
O504004,2025-05-26,C10655,P2044,2,0.15,96.39,166.51,Electronics,333.02,49.95,283.07,192.78,3.9,7.23
O504005,2025-12-24,C10033,P2044,1,0.15,96.39,166.51,Electronics,166.51,24.98,141.53,96.39,4.2,4.36
O504006,2025-12-05,C10352,P2033,1,0.05,102.58,280.83,Apparel,280.83,14.04,266.79,102.58,2.86,8.15
O504007,2025-11-09,C11002,P2027,1,0.15,39.51,103.84,Electronics,103.84,15.58,88.26,39.51,5.45,2.01
O504008,2026-03-01,C11098,P2000,2,0.15,20.01,46.3,Beauty,92.6,13.89,78.71,40.02,5.86,1.9
O504009,2025-02-03,C11062,P2019,1,0.1,28.46,61.03,Sports,61.03,6.1,54.93,28.46,5.34,1.59
O504010,2025-05-04,C10949,P2006,2,0.1,90.83,200.16,Electronics,400.32,40.03,360.29,181.66,2.55,8.18
O504011,2025-08-03,C10702,P2060,1,0.25,91.93,225.41,Sports,225.41,56.35,169.06,91.93,4.35,5.13
O504012,2025-04-01,C10435,P2014,2,0.15,105.6,279.48,Beauty,558.96,83.84,475.12,211.2,3.06,9.84
O504013,2026-01-25,C10707,P2032,2,0.1,83.59,176.17,Apparel,352.34,35.23,317.11,167.18,5.51,10.06
O504014,2026-02-16,C10676,P2034,1,0.0,84.74,206.91,Electronics,206.91,0.0,206.91,84.74,2.5,5.34
O504015,2026-04-11,C10912,P2026,2,0.15,25.88,63.53,Beauty,127.06,19.06,108.0,51.76,5.46,2.82
O504016,2025-01-04,C10046,P2079,1,0.0,76.11,150.73,Apparel,150.73,0.0,150.73,76.11,6.84,4.0
O504017,2025-08-21,C10595,P2020,1,0.0,96.28,147.84,Home,147.84,0.0,147.84,96.28,2.94,2.95
O504018,2025-09-23,C10899,P2068,1,0.1,54.46,128.05,Home,128.05,12.81,115.24,54.46,2.5,3.11
O504019,2026-04-30,C10093,P2036,1,0.05,79.57,186.92,Apparel,186.92,9.35,177.57,79.57,4.81,5.35
O504020,2026-02-02,C10351,P2019,2,0.0,28.46,61.03,Sports,122.06,0.0,122.06,56.92,3.9,3.04
O504021,2026-03-15,C10588,P2025,1,0.0,59.62,149.3,Electronics,149.3,0.0,149.3,59.62,4.52,4.11
O504022,2025-05-03,C11046,P2001,2,0.25,67.86,159.31,Electronics,318.62,79.66,238.96,135.72,4.55,5.73
O504023,2026-06-04,C11133,P2015,1,0.0,32.67,56.68,Home,56.68,0.0,56.68,32.67,3.92,1.35
O504024,2025-10-03,C11076,P2069,3,0.15,90.63,175.87,Apparel,527.61,79.14,448.47,271.89,3.98,9.12
O504025,2026-02-11,C10901,P2051,1,0.0,21.09,56.25,Home,56.25,0.0,56.25,21.09,3.86,1.22
O504026,2025-08-08,C10168,P2033,2,0.05,102.58,280.83,Apparel,561.66,28.08,533.58,205.16,7.58,13.04
O504027,2026-02-26,C11141,P2055,1,0.1,14.94,29.55,Sports,29.55,2.96,26.6,14.94,3.66,0.52
O504028,2025-01-02,C10407,P2073,2,0.2,103.53,278.8,Apparel,557.6,111.52,446.08,207.06,2.68,12.75
O504029,2026-04-15,C11007,P2073,2,0.0,103.53,278.8,Apparel,557.6,0.0,557.6,207.06,5.23,17.7
O504030,2026-02-04,C10027,P2032,1,0.0,83.59,176.17,Apparel,176.17,0.0,176.17,83.59,6.65,3.46
O504031,2025-02-09,C10866,P2008,2,0.0,64.11,126.24,Beauty,252.48,0.0,252.48,128.22,4.22,7.62
O504032,2025-05-17,C10953,P2065,1,0.05,74.22,160.54,Electronics,160.54,8.03,152.51,74.22,3.5,4.59
O504033,2025-04-23,C10784,P2064,1,0.25,92.82,194.3,Sports,194.3,48.58,145.73,92.82,3.14,4.37
O504034,2025-01-07,C10068,P2068,3,0.0,54.46,128.05,Home,384.15,0.0,384.15,163.38,3.33,8.15
O504035,2025-03-13,C10755,P2057,1,0.0,24.55,53.8,Beauty,53.8,0.0,53.8,24.55,4.83,1.33
O504036,2025-08-13,C11092,P2003,1,0.1,103.86,246.21,Sports,246.21,24.62,221.59,103.86,6.26,4.03
O504037,2026-05-13,C10492,P2055,2,0.0,14.94,29.55,Sports,59.1,0.0,59.1,29.88,4.27,1.19
O504038,2025-07-10,C10165,P2059,2,0.0,74.58,192.13,Electronics,384.26,0.0,384.26,149.16,3.45,7.07
O504039,2026-01-24,C10057,P2050,1,0.0,47.62,83.27,Beauty,83.27,0.0,83.27,47.62,5.43,2.58
O504040,2026-04-29,C10494,P2027,1,0.2,39.51,103.84,Electronics,103.84,20.77,83.07,39.51,6.99,2.64
O504041,2025-09-14,C10491,P2032,2,0.0,83.59,176.17,Apparel,352.34,0.0,352.34,167.18,5.44,10.69
O504042,2025-04-25,C10187,P2047,1,0.25,23.95,36.37,Sports,36.37,9.09,27.28,23.95,6.39,0.76
O504043,2025-07-01,C10234,P2027,3,0.0,39.51,103.84,Electronics,311.52,0.0,311.52,118.53,4.11,8.71
O504044,2025-09-13,C10723,P2035,1,0.1,33.04,85.13,Beauty,85.13,8.51,76.62,33.04,5.76,1.67
O504045,2025-02-09,C10162,P2030,1,0.0,81.44,160.67,Electronics,160.67,0.0,160.67,81.44,8.26,4.15
O504046,2025-02-18,C10760,P2030,2,0.05,81.44,160.67,Electronics,321.34,16.07,305.27,162.88,5.13,5.96
O504047,2025-01-30,C10773,P2008,2,0.15,64.11,126.24,Beauty,252.48,37.87,214.61,128.22,5.43,6.58
O504048,2025-08-15,C11002,P2073,3,0.05,103.53,278.8,Apparel,836.4,41.82,794.58,310.59,3.78,22.02
O504049,2025-02-02,C11111,P2056,1,0.0,12.18,29.13,Home,29.13,0.0,29.13,12.18,2.5,0.62
O504050,2025-09-10,C11194,P2065,1,0.0,74.22,160.54,Electronics,160.54,0.0,160.54,74.22,7.39,3.15
O504051,2025-11-27,C10507,P2045,1,0.15,54.87,109.92,Sports,109.92,16.49,93.43,54.87,6.16,2.63
O504052,2025-06-23,C11141,P2070,1,0.0,80.41,185.88,Sports,185.88,0.0,185.88,80.41,2.5,5.26
O504053,2026-01-30,C10422,P2072,2,0.2,85.85,152.66,Sports,305.32,61.06,244.26,171.7,4.74,5.51
O504054,2025-12-23,C10160,P2015,2,0.25,32.67,56.68,Home,113.36,28.34,85.02,65.34,5.99,2.31
O504055,2025-02-26,C10998,P2050,1,0.1,47.62,83.27,Beauty,83.27,8.33,74.94,47.62,3.43,1.55
O504056,2026-01-23,C11025,P2072,1,0.0,85.85,152.66,Sports,152.66,0.0,152.66,85.85,6.97,3.64
O504057,2026-03-11,C10785,P2009,1,0.15,89.03,195.13,Home,195.13,29.27,165.86,89.03,3.29,3.61
O504058,2025-12-31,C10792,P2049,1,0.15,75.64,173.14,Apparel,173.14,25.97,147.17,75.64,3.66,2.67
O504059,2025-12-17,C10835,P2009,2,0.0,89.03,195.13,Home,390.26,0.0,390.26,178.06,5.36,7.63
O504060,2025-01-25,C10224,P2020,1,0.2,96.28,147.84,Home,147.84,29.57,118.27,96.28,6.73,3.21
O504061,2026-01-06,C10225,P2043,1,0.2,34.43,56.92,Electronics,56.92,11.38,45.54,34.43,3.32,0.82
O504062,2025-05-17,C10402,P2078,3,0.2,80.99,151.9,Beauty,455.7,91.14,364.56,242.97,6.39,9.41
O504063,2026-04-22,C10190,P2006,2,0.0,90.83,200.16,Electronics,400.32,0.0,400.32,181.66,5.82,10.86
O504064,2025-10-31,C11177,P2034,1,0.05,84.74,206.91,Electronics,206.91,10.35,196.56,84.74,4.41,4.84
O504065,2026-01-10,C10504,P2024,1,0.0,38.64,85.56,Electronics,85.56,0.0,85.56,38.64,7.34,2.23
O504066,2025-01-05,C10577,P2038,1,0.15,61.98,100.85,Sports,100.85,15.13,85.72,61.98,4.14,2.66
O504067,2025-05-11,C10482,P2056,3,0.05,12.18,29.13,Home,87.39,4.37,83.02,36.54,6.1,2.53
O504068,2026-04-12,C11054,P2065,2,0.1,74.22,160.54,Electronics,321.08,32.11,288.97,148.44,5.45,7.73
O504069,2025-01-07,C10580,P2024,2,0.2,38.64,85.56,Electronics,171.12,34.22,136.9,77.28,7.78,2.85
O504070,2025-12-01,C10411,P2055,2,0.2,14.94,29.55,Sports,59.1,11.82,47.28,29.88,7.98,1.48
O504071,2025-08-24,C10448,P2075,2,0.1,49.49,125.61,Electronics,251.22,25.12,226.1,98.98,5.66,7.03
O504072,2025-12-29,C10112,P2038,2,0.15,61.98,100.85,Sports,201.7,30.25,171.44,123.96,4.5,4.47
O504073,2026-03-16,C10213,P2047,2,0.15,23.95,36.37,Sports,72.74,10.91,61.83,47.9,5.86,1.21
O504074,2025-04-12,C11165,P2067,2,0.0,89.48,177.38,Sports,354.76,0.0,354.76,178.96,6.04,11.03
O504075,2026-03-18,C10117,P2028,1,0.15,49.21,76.08,Beauty,76.08,11.41,64.67,49.21,2.64,1.98
O504076,2025-03-16,C11066,P2016,1,0.25,23.99,66.65,Electronics,66.65,16.66,49.99,23.99,3.79,1.58
O504077,2025-05-16,C11150,P2009,1,0.1,89.03,195.13,Home,195.13,19.51,175.62,89.03,3.85,4.45
O504078,2025-07-27,C10143,P2053,2,0.1,95.73,175.96,Electronics,351.92,35.19,316.73,191.46,6.37,8.19
O504079,2025-09-12,C10348,P2000,1,0.15,20.01,46.3,Beauty,46.3,6.94,39.35,20.01,4.74,0.92
O504080,2025-07-12,C11105,P2009,3,0.15,89.03,195.13,Home,585.39,87.81,497.58,267.09,5.76,12.84
O504081,2025-03-29,C10893,P2023,1,0.05,99.43,207.17,Apparel,207.17,10.36,196.81,99.43,4.91,4.91
O504082,2025-08-18,C10044,P2029,1,0.0,30.95,55.54,Apparel,55.54,0.0,55.54,30.95,3.82,1.08
O504083,2026-01-31,C10958,P2031,2,0.25,54.53,117.07,Sports,234.14,58.54,175.6,109.06,4.98,5.11
O504084,2026-02-26,C10312,P2058,1,0.05,56.31,124.87,Electronics,124.87,6.24,118.63,56.31,5.51,2.43
O504085,2025-02-23,C10712,P2074,2,0.25,60.53,130.38,Sports,260.76,65.19,195.57,121.06,4.15,5.61
O504086,2026-03-02,C10902,P2057,1,0.1,24.55,53.8,Beauty,53.8,5.38,48.42,24.55,4.57,1.43
O504087,2025-11-29,C10270,P2025,3,0.0,59.62,149.3,Electronics,447.9,0.0,447.9,178.86,6.96,9.7
O504088,2026-05-06,C10933,P2050,2,0.2,47.62,83.27,Beauty,166.54,33.31,133.23,95.24,6.25,3.2
O504089,2026-01-13,C10876,P2079,3,0.15,76.11,150.73,Apparel,452.19,67.83,384.36,228.33,3.48,11.73
O504090,2025-12-08,C10306,P2013,2,0.2,14.91,32.18,Beauty,64.36,12.87,51.49,29.82,4.71,1.37
O504091,2025-10-09,C10047,P2075,1,0.05,49.49,125.61,Electronics,125.61,6.28,119.33,49.49,4.72,3.78
O504092,2025-02-25,C10041,P2022,2,0.15,39.69,79.46,Beauty,158.92,23.84,135.08,79.38,6.57,4.2
O504093,2025-06-07,C10016,P2073,2,0.05,103.53,278.8,Apparel,557.6,27.88,529.72,207.06,9.71,9.65
O504094,2026-05-18,C11050,P2058,3,0.15,56.31,124.87,Electronics,374.61,56.19,318.42,168.93,2.5,8.75
O504095,2025-07-01,C10398,P2063,3,0.15,107.79,241.07,Sports,723.21,108.48,614.73,323.37,3.26,19.11
O504096,2025-07-29,C11143,P2073,2,0.1,103.53,278.8,Apparel,557.6,55.76,501.84,207.06,3.9,13.45
O504097,2025-04-01,C10743,P2041,2,0.1,53.15,104.66,Apparel,209.32,20.93,188.39,106.3,8.3,4.03
O504098,2025-02-09,C10514,P2057,2,0.15,24.55,53.8,Beauty,107.6,16.14,91.46,49.1,3.93,1.82
O504099,2025-01-10,C10491,P2044,2,0.0,96.39,166.51,Electronics,333.02,0.0,333.02,192.78,7.19,7.86
O504100,2025-07-17,C10150,P2070,1,0.15,80.41,185.88,Sports,185.88,27.88,158.0,80.41,6.09,4.31
O504101,2026-01-27,C10532,P2022,3,0.05,39.69,79.46,Beauty,238.38,11.92,226.46,119.07,4.05,6.67
O504102,2025-10-24,C10528,P2037,1,0.1,19.43,42.14,Home,42.14,4.21,37.93,19.43,6.06,1.03
O504103,2025-11-17,C10005,P2005,3,0.0,21.42,39.38,Sports,118.14,0.0,118.14,64.26,7.51,3.03
O504104,2026-01-15,C10391,P2078,2,0.15,80.99,151.9,Beauty,303.8,45.57,258.23,161.98,5.34,7.89
O504105,2026-06-26,C10079,P2024,3,0.15,38.64,85.56,Electronics,256.68,38.5,218.18,115.92,3.56,4.05
O504106,2025-04-30,C10905,P2071,1,0.05,72.34,202.22,Beauty,202.22,10.11,192.11,72.34,2.5,4.0
O504107,2026-04-24,C10232,P2022,2,0.15,39.69,79.46,Beauty,158.92,23.84,135.08,79.38,3.2,3.15
O504108,2025-01-08,C10010,P2017,2,0.25,42.64,69.06,Apparel,138.12,34.53,103.59,85.28,2.9,2.06
O504109,2025-12-22,C10128,P2019,2,0.05,28.46,61.03,Sports,122.06,6.1,115.96,56.92,2.92,2.46
O504110,2026-03-11,C11112,P2041,1,0.15,53.15,104.66,Apparel,104.66,15.7,88.96,53.15,5.0,2.46
O504111,2026-01-26,C11001,P2006,1,0.2,90.83,200.16,Electronics,200.16,40.03,160.13,90.83,5.21,3.54
O504112,2026-02-14,C10432,P2027,2,0.1,39.51,103.84,Electronics,207.68,20.77,186.91,79.02,4.42,5.06
O504113,2025-08-26,C10393,P2059,2,0.1,74.58,192.13,Electronics,384.26,38.43,345.83,149.16,2.63,7.7
O504114,2025-11-22,C11188,P2000,1,0.15,20.01,46.3,Beauty,46.3,6.94,39.35,20.01,7.54,1.07
O504115,2025-05-05,C10141,P2003,1,0.05,103.86,246.21,Sports,246.21,12.31,233.9,103.86,6.6,7.21
O504116,2025-07-09,C10930,P2037,1,0.2,19.43,42.14,Home,42.14,8.43,33.71,19.43,6.99,0.64
O504117,2026-02-20,C10160,P2061,2,0.1,92.46,150.56,Sports,301.12,30.11,271.01,184.92,7.31,8.27
O504118,2026-04-19,C11155,P2074,2,0.0,60.53,130.38,Sports,260.76,0.0,260.76,121.06,2.95,4.93
O504119,2026-01-20,C10957,P2047,1,0.15,23.95,36.37,Sports,36.37,5.46,30.91,23.95,5.58,0.67
O504120,2026-02-15,C10278,P2025,1,0.1,59.62,149.3,Electronics,149.3,14.93,134.37,59.62,5.03,2.97
O504121,2025-03-29,C10144,P2075,2,0.1,49.49,125.61,Electronics,251.22,25.12,226.1,98.98,5.57,4.7
O504122,2026-02-16,C10042,P2044,1,0.0,96.39,166.51,Electronics,166.51,0.0,166.51,96.39,5.67,4.93
O504123,2026-05-23,C10318,P2021,1,0.15,75.19,147.18,Electronics,147.18,22.08,125.1,75.19,5.46,3.45
O504124,2025-03-22,C10603,P2021,2,0.05,75.19,147.18,Electronics,294.36,14.72,279.64,150.38,7.9,7.46
O504125,2025-11-02,C10275,P2005,1,0.0,21.42,39.38,Sports,39.38,0.0,39.38,21.42,3.4,0.79
O504126,2025-02-25,C10127,P2074,2,0.1,60.53,130.38,Sports,260.76,26.08,234.68,121.06,3.97,7.46
O504127,2026-06-29,C11104,P2028,1,0.05,49.21,76.08,Beauty,76.08,3.8,72.28,49.21,6.68,2.25
O504128,2025-06-03,C10253,P2033,3,0.15,102.58,280.83,Apparel,842.49,126.37,716.12,307.74,2.5,19.36
O504129,2025-10-15,C10707,P2061,3,0.05,92.46,150.56,Sports,451.68,22.58,429.1,277.38,3.27,10.81
O504130,2025-09-07,C10821,P2002,2,0.15,36.16,61.12,Beauty,122.24,18.34,103.9,72.32,8.2,3.17
O504131,2026-02-09,C10763,P2036,1,0.1,79.57,186.92,Apparel,186.92,18.69,168.23,79.57,3.62,3.33
O504132,2026-03-29,C10987,P2008,2,0.0,64.11,126.24,Beauty,252.48,0.0,252.48,128.22,5.73,7.43
O504133,2025-09-23,C10630,P2052,1,0.1,85.13,212.17,Beauty,212.17,21.22,190.95,85.13,5.16,5.5
O504134,2025-06-18,C10242,P2008,2,0.25,64.11,126.24,Beauty,252.48,63.12,189.36,128.22,3.1,5.15
O504135,2025-11-02,C10030,P2030,1,0.0,81.44,160.67,Electronics,160.67,0.0,160.67,81.44,3.6,4.0
O504136,2026-02-24,C10452,P2025,1,0.0,59.62,149.3,Electronics,149.3,0.0,149.3,59.62,4.1,4.75
O504137,2025-12-08,C10278,P2040,1,0.0,46.24,112.16,Electronics,112.16,0.0,112.16,46.24,2.5,3.22
O504138,2025-12-04,C10816,P2069,1,0.15,90.63,175.87,Apparel,175.87,26.38,149.49,90.63,2.5,2.7
O504139,2025-09-18,C10948,P2056,2,0.05,12.18,29.13,Home,58.26,2.91,55.35,24.36,5.79,1.72
O504140,2026-06-18,C10726,P2012,2,0.05,91.5,250.58,Home,501.16,25.06,476.1,183.0,3.73,11.06
O504141,2025-12-15,C10150,P2042,3,0.05,21.36,43.17,Sports,129.51,6.48,123.03,64.08,4.37,2.26
O504142,2025-08-26,C10721,P2077,1,0.1,99.36,190.12,Apparel,190.12,19.01,171.11,99.36,4.82,4.66
O504143,2026-06-08,C10620,P2025,2,0.05,59.62,149.3,Electronics,298.6,14.93,283.67,119.24,4.51,8.58
O504144,2025-07-06,C11131,P2045,3,0.15,54.87,109.92,Sports,329.76,49.46,280.3,164.61,3.49,6.27
O504145,2025-06-30,C10631,P2061,1,0.2,92.46,150.56,Sports,150.56,30.11,120.45,92.46,6.0,3.41
O504146,2026-04-21,C11108,P2050,2,0.25,47.62,83.27,Beauty,166.54,41.64,124.9,95.24,6.69,3.37
O504147,2025-02-18,C10794,P2044,3,0.05,96.39,166.51,Electronics,499.53,24.98,474.55,289.17,5.13,13.2
O504148,2025-09-19,C10881,P2037,2,0.0,19.43,42.14,Home,84.28,0.0,84.28,38.86,6.19,2.18
O504149,2026-02-11,C11156,P2017,2,0.05,42.64,69.06,Apparel,138.12,6.91,131.21,85.28,4.84,2.82
O504150,2025-05-16,C10323,P2010,1,0.0,105.58,212.84,Electronics,212.84,0.0,212.84,105.58,3.42,6.67
O504151,2025-07-20,C10070,P2040,1,0.0,46.24,112.16,Electronics,112.16,0.0,112.16,46.24,2.5,3.56
O504152,2025-03-01,C11101,P2032,1,0.0,83.59,176.17,Apparel,176.17,0.0,176.17,83.59,4.44,5.46
O504153,2026-04-19,C10634,P2034,2,0.1,84.74,206.91,Electronics,413.82,41.38,372.44,169.48,5.86,11.16
O504154,2025-08-10,C11073,P2038,1,0.0,61.98,100.85,Sports,100.85,0.0,100.85,61.98,6.74,2.64
O504155,2025-07-26,C10208,P2053,3,0.25,95.73,175.96,Electronics,527.88,131.97,395.91,287.19,5.84,8.96
O504156,2025-02-26,C10262,P2070,1,0.1,80.41,185.88,Sports,185.88,18.59,167.29,80.41,3.01,5.3
O504157,2025-03-11,C10420,P2048,1,0.1,26.01,65.12,Home,65.12,6.51,58.61,26.01,2.5,1.36
O504158,2025-09-18,C11036,P2066,2,0.15,21.23,45.94,Beauty,91.88,13.78,78.1,42.46,2.69,2.14
O504159,2026-03-30,C10300,P2038,2,0.05,61.98,100.85,Sports,201.7,10.09,191.61,123.96,6.3,4.62
O504160,2026-03-03,C11125,P2016,1,0.1,23.99,66.65,Electronics,66.65,6.67,59.99,23.99,5.78,1.68
O504161,2025-04-01,C10393,P2064,3,0.1,92.82,194.3,Sports,582.9,58.29,524.61,278.46,4.84,11.02
O504162,2026-04-04,C10592,P2040,1,0.05,46.24,112.16,Electronics,112.16,5.61,106.55,46.24,5.95,3.01
O504163,2025-08-14,C10292,P2064,2,0.15,92.82,194.3,Sports,388.6,58.29,330.31,185.64,2.75,7.66
O504164,2026-06-12,C10858,P2065,3,0.1,74.22,160.54,Electronics,481.62,48.16,433.46,222.66,6.58,8.91
O504165,2025-01-02,C11007,P2033,1,0.1,102.58,280.83,Apparel,280.83,28.08,252.75,102.58,6.41,7.06
O504166,2025-11-23,C10094,P2046,2,0.0,41.9,79.58,Sports,159.16,0.0,159.16,83.8,5.97,3.41
O504167,2025-03-25,C11141,P2072,1,0.0,85.85,152.66,Sports,152.66,0.0,152.66,85.85,3.9,4.43
O504168,2025-10-05,C11120,P2065,1,0.0,74.22,160.54,Electronics,160.54,0.0,160.54,74.22,5.76,5.09
O504169,2025-08-07,C10597,P2035,1,0.1,33.04,85.13,Beauty,85.13,8.51,76.62,33.04,5.05,2.41
O504170,2025-07-03,C10455,P2034,2,0.25,84.74,206.91,Electronics,413.82,103.46,310.36,169.48,4.36,9.29
O504171,2026-06-02,C10826,P2036,1,0.1,79.57,186.92,Apparel,186.92,18.69,168.23,79.57,3.9,5.12
O504172,2025-05-01,C10803,P2057,2,0.2,24.55,53.8,Beauty,107.6,21.52,86.08,49.1,5.09,1.98
O504173,2026-04-19,C10481,P2054,3,0.0,19.42,50.24,Beauty,150.72,0.0,150.72,58.26,4.16,3.95
O504174,2026-06-15,C10384,P2037,1,0.1,19.43,42.14,Home,42.14,4.21,37.93,19.43,3.96,0.99
O504175,2026-02-25,C10639,P2008,3,0.2,64.11,126.24,Beauty,378.72,75.74,302.98,192.33,2.5,6.76
O504176,2026-06-04,C10849,P2076,3,0.1,94.33,153.36,Apparel,460.08,46.01,414.07,282.99,5.33,12.37
O504177,2025-01-03,C10269,P2050,1,0.05,47.62,83.27,Beauty,83.27,4.16,79.11,47.62,6.21,2.38
O504178,2025-12-28,C10730,P2023,2,0.0,99.43,207.17,Apparel,414.34,0.0,414.34,198.86,7.67,12.99
O504179,2025-10-04,C10897,P2035,2,0.1,33.04,85.13,Beauty,170.26,17.03,153.23,66.08,5.92,4.07
O504180,2025-08-05,C10061,P2022,1,0.0,39.69,79.46,Beauty,79.46,0.0,79.46,39.69,3.45,2.41
O504181,2025-09-20,C10631,P2022,2,0.15,39.69,79.46,Beauty,158.92,23.84,135.08,79.38,2.5,2.59
O504182,2025-08-17,C10268,P2044,1,0.0,96.39,166.51,Electronics,166.51,0.0,166.51,96.39,7.76,3.45
O504183,2025-10-15,C10702,P2003,1,0.15,103.86,246.21,Sports,246.21,36.93,209.28,103.86,4.76,5.79
O504184,2025-10-08,C10600,P2044,1,0.1,96.39,166.51,Electronics,166.51,16.65,149.86,96.39,7.7,3.86
O504185,2025-03-11,C11104,P2016,1,0.0,23.99,66.65,Electronics,66.65,0.0,66.65,23.99,5.43,1.45
O504186,2025-06-29,C11055,P2073,1,0.1,103.53,278.8,Apparel,278.8,27.88,250.92,103.53,6.05,6.68
O504187,2026-05-17,C10471,P2043,2,0.1,34.43,56.92,Electronics,113.84,11.38,102.46,68.86,5.19,2.25
O504188,2025-02-13,C10157,P2065,1,0.0,74.22,160.54,Electronics,160.54,0.0,160.54,74.22,6.54,3.95
O504189,2025-04-14,C11034,P2049,1,0.05,75.64,173.14,Apparel,173.14,8.66,164.48,75.64,6.27,3.07
O504190,2025-12-03,C11091,P2066,1,0.1,21.23,45.94,Beauty,45.94,4.59,41.35,21.23,6.68,0.76
O504191,2026-02-22,C10079,P2054,1,0.2,19.42,50.24,Beauty,50.24,10.05,40.19,19.42,4.24,0.96
O504192,2026-04-20,C11152,P2010,2,0.15,105.58,212.84,Electronics,425.68,63.85,361.83,211.16,5.05,6.81
O504193,2026-05-30,C10211,P2034,2,0.2,84.74,206.91,Electronics,413.82,82.76,331.06,169.48,2.5,8.79
O504194,2025-02-13,C10042,P2047,2,0.25,23.95,36.37,Sports,72.74,18.18,54.55,47.9,2.5,1.23
O504195,2025-02-15,C10030,P2003,1,0.1,103.86,246.21,Sports,246.21,24.62,221.59,103.86,6.38,4.74
O504196,2026-06-11,C11089,P2036,1,0.1,79.57,186.92,Apparel,186.92,18.69,168.23,79.57,5.93,4.82
O504197,2025-07-09,C10389,P2079,1,0.1,76.11,150.73,Apparel,150.73,15.07,135.66,76.11,5.94,3.09
O504198,2026-06-10,C10358,P2004,2,0.1,82.13,229.05,Sports,458.1,45.81,412.29,164.26,5.27,9.01
O504199,2026-01-02,C10570,P2063,2,0.05,107.79,241.07,Sports,482.14,24.11,458.03,215.58,5.18,13.44
O504200,2025-08-08,C10932,P2040,2,0.0,46.24,112.16,Electronics,224.32,0.0,224.32,92.48,4.07,5.19
O504201,2025-06-05,C10149,P2048,3,0.05,26.01,65.12,Home,195.36,9.77,185.59,78.03,4.21,3.53
O504202,2025-02-08,C10024,P2009,1,0.15,89.03,195.13,Home,195.13,29.27,165.86,89.03,4.15,4.3
O504203,2025-12-17,C10174,P2024,3,0.05,38.64,85.56,Electronics,256.68,12.83,243.85,115.92,3.38,6.25
O504204,2025-09-24,C10808,P2042,1,0.15,21.36,43.17,Sports,43.17,6.48,36.69,21.36,3.7,0.93
O504205,2026-02-16,C10539,P2031,3,0.25,54.53,117.07,Sports,351.21,87.8,263.41,163.59,3.34,5.12
O504206,2026-05-24,C10797,P2026,1,0.15,25.88,63.53,Beauty,63.53,9.53,54.0,25.88,2.5,1.3
O504207,2025-04-21,C10529,P2073,3,0.1,103.53,278.8,Apparel,836.4,83.64,752.76,310.59,6.32,18.84
O504208,2025-01-31,C10580,P2044,1,0.0,96.39,166.51,Electronics,166.51,0.0,166.51,96.39,3.35,5.32
O504209,2025-07-18,C10363,P2018,1,0.05,23.1,60.58,Apparel,60.58,3.03,57.55,23.1,3.92,1.59
O504210,2025-12-29,C10508,P2066,3,0.05,21.23,45.94,Beauty,137.82,6.89,130.93,63.69,6.55,3.2
O504211,2025-11-28,C10575,P2013,3,0.05,14.91,32.18,Beauty,96.54,4.83,91.71,44.73,5.1,1.97
O504212,2026-05-18,C10064,P2041,3,0.15,53.15,104.66,Apparel,313.98,47.1,266.88,159.45,7.56,7.47
O504213,2025-05-18,C11107,P2017,2,0.15,42.64,69.06,Apparel,138.12,20.72,117.4,85.28,4.09,3.0
O504214,2025-05-08,C11123,P2046,1,0.25,41.9,79.58,Sports,79.58,19.9,59.68,41.9,6.67,1.82
O504215,2026-02-26,C11135,P2056,1,0.0,12.18,29.13,Home,29.13,0.0,29.13,12.18,6.92,0.64
O504216,2025-03-23,C10599,P2042,2,0.05,21.36,43.17,Sports,86.34,4.32,82.02,42.72,5.77,2.57
O504217,2026-03-15,C10287,P2074,3,0.15,60.53,130.38,Sports,391.14,58.67,332.47,181.59,3.87,6.34
O504218,2026-02-26,C10359,P2048,1,0.05,26.01,65.12,Home,65.12,3.26,61.86,26.01,5.12,1.77
O504219,2025-04-08,C10831,P2051,2,0.1,21.09,56.25,Home,112.5,11.25,101.25,42.18,4.95,2.44
O504220,2025-10-03,C10817,P2013,2,0.0,14.91,32.18,Beauty,64.36,0.0,64.36,29.82,8.52,1.59
O504221,2025-03-23,C10137,P2046,3,0.15,41.9,79.58,Sports,238.74,35.81,202.93,125.7,4.95,4.53
O504222,2025-05-27,C10197,P2074,3,0.0,60.53,130.38,Sports,391.14,0.0,391.14,181.59,6.71,11.52
O504223,2025-12-05,C10260,P2062,3,0.05,69.71,151.88,Beauty,455.64,22.78,432.86,209.13,6.13,13.84
O504224,2025-04-14,C10272,P2025,1,0.0,59.62,149.3,Electronics,149.3,0.0,149.3,59.62,3.23,3.05
O504225,2025-04-02,C10723,P2074,1,0.2,60.53,130.38,Sports,130.38,26.08,104.3,60.53,5.18,3.26
O504226,2025-07-24,C10238,P2047,2,0.05,23.95,36.37,Sports,72.74,3.64,69.1,47.9,6.89,1.37
O504227,2026-05-13,C10218,P2032,2,0.05,83.59,176.17,Apparel,352.34,17.62,334.72,167.18,4.98,10.29
O504228,2025-09-19,C10435,P2038,3,0.05,61.98,100.85,Sports,302.55,15.13,287.42,185.94,6.02,7.19
O504229,2026-01-16,C11157,P2060,2,0.05,91.93,225.41,Sports,450.82,22.54,428.28,183.86,7.74,12.78
O504230,2025-09-12,C11091,P2058,1,0.15,56.31,124.87,Electronics,124.87,18.73,106.14,56.31,6.0,2.57
O504231,2025-08-07,C10846,P2028,3,0.05,49.21,76.08,Beauty,228.24,11.41,216.83,147.63,3.99,4.85
O504232,2025-03-18,C10523,P2066,1,0.0,21.23,45.94,Beauty,45.94,0.0,45.94,21.23,5.56,1.4
O504233,2025-08-17,C10367,P2025,1,0.0,59.62,149.3,Electronics,149.3,0.0,149.3,59.62,6.91,4.45
O504234,2025-04-24,C10562,P2017,1,0.1,42.64,69.06,Apparel,69.06,6.91,62.15,42.64,5.33,1.82
O504235,2026-05-27,C10876,P2039,1,0.15,88.55,225.55,Beauty,225.55,33.83,191.72,88.55,3.94,5.56
O504236,2026-06-20,C10137,P2001,1,0.0,67.86,159.31,Electronics,159.31,0.0,159.31,67.86,5.99,3.41
O504237,2025-08-25,C10260,P2032,3,0.1,83.59,176.17,Apparel,528.51,52.85,475.66,250.77,4.98,12.38
O504238,2025-09-01,C10838,P2049,2,0.1,75.64,173.14,Apparel,346.28,34.63,311.65,151.28,4.75,6.77
O504239,2025-04-28,C10486,P2040,1,0.0,46.24,112.16,Electronics,112.16,0.0,112.16,46.24,3.62,2.43
O504240,2025-11-22,C10755,P2078,3,0.0,80.99,151.9,Beauty,455.7,0.0,455.7,242.97,5.11,8.7
O504241,2025-07-07,C10451,P2067,2,0.15,89.48,177.38,Sports,354.76,53.21,301.55,178.96,5.49,6.8
O504242,2025-11-19,C11124,P2066,2,0.0,21.23,45.94,Beauty,91.88,0.0,91.88,42.46,5.92,2.48
O504243,2025-06-01,C10917,P2007,3,0.15,81.19,138.2,Apparel,414.6,62.19,352.41,243.57,6.13,10.97
O504244,2026-03-12,C10435,P2046,1,0.05,41.9,79.58,Sports,79.58,3.98,75.6,41.9,5.46,2.34
O504245,2025-05-17,C10196,P2010,3,0.1,105.58,212.84,Electronics,638.52,63.85,574.67,316.74,6.12,12.73
O504246,2026-04-21,C10607,P2063,2,0.1,107.79,241.07,Sports,482.14,48.21,433.93,215.58,4.01,8.41
O504247,2025-03-26,C10118,P2006,1,0.1,90.83,200.16,Electronics,200.16,20.02,180.14,90.83,3.87,3.4
O504248,2025-03-19,C10172,P2049,2,0.1,75.64,173.14,Apparel,346.28,34.63,311.65,151.28,5.67,9.28
O504249,2026-02-10,C10327,P2047,1,0.25,23.95,36.37,Sports,36.37,9.09,27.28,23.95,5.58,0.84
O504250,2025-12-08,C10407,P2059,2,0.15,74.58,192.13,Electronics,384.26,57.64,326.62,149.16,4.21,9.38
O504251,2026-04-23,C11197,P2028,1,0.1,49.21,76.08,Beauty,76.08,7.61,68.47,49.21,5.81,1.38
O504252,2025-07-14,C10360,P2068,1,0.1,54.46,128.05,Home,128.05,12.81,115.24,54.46,4.38,3.42
O504253,2026-06-07,C10264,P2045,2,0.0,54.87,109.92,Sports,219.84,0.0,219.84,109.74,4.14,4.1
O504254,2025-11-01,C10217,P2070,2,0.2,80.41,185.88,Sports,371.76,74.35,297.41,160.82,2.85,7.93
O504255,2025-02-02,C10248,P2044,1,0.0,96.39,166.51,Electronics,166.51,0.0,166.51,96.39,5.44,5.25
O504256,2025-12-24,C10473,P2023,2,0.05,99.43,207.17,Apparel,414.34,20.72,393.62,198.86,3.48,10.65
O504257,2025-05-11,C11175,P2039,2,0.1,88.55,225.55,Beauty,451.1,45.11,405.99,177.1,3.55,7.74
O504258,2025-03-18,C10552,P2009,1,0.05,89.03,195.13,Home,195.13,9.76,185.37,89.03,4.75,5.37
O504259,2026-04-04,C10823,P2004,2,0.0,82.13,229.05,Sports,458.1,0.0,458.1,164.26,3.18,14.56
O504260,2025-01-24,C10215,P2005,3,0.0,21.42,39.38,Sports,118.14,0.0,118.14,64.26,5.62,3.54
O504261,2026-03-15,C11117,P2049,1,0.0,75.64,173.14,Apparel,173.14,0.0,173.14,75.64,5.96,3.46
O504262,2025-11-01,C10574,P2047,1,0.1,23.95,36.37,Sports,36.37,3.64,32.73,23.95,4.66,0.89
O504263,2025-01-13,C10583,P2063,2,0.2,107.79,241.07,Sports,482.14,96.43,385.71,215.58,6.43,9.41
O504264,2025-03-27,C10185,P2024,1,0.15,38.64,85.56,Electronics,85.56,12.83,72.73,38.64,4.88,2.07
O504265,2026-01-22,C10008,P2028,1,0.25,49.21,76.08,Beauty,76.08,19.02,57.06,49.21,5.21,1.47
O504266,2025-08-09,C10470,P2028,1,0.1,49.21,76.08,Beauty,76.08,7.61,68.47,49.21,4.59,1.72
O504267,2026-02-14,C10676,P2036,1,0.0,79.57,186.92,Apparel,186.92,0.0,186.92,79.57,5.47,4.8
O504268,2026-03-27,C10600,P2020,1,0.15,96.28,147.84,Home,147.84,22.18,125.66,96.28,7.04,2.74
O504269,2025-02-16,C10577,P2013,2,0.1,14.91,32.18,Beauty,64.36,6.44,57.92,29.82,2.92,1.14
O504270,2025-10-25,C10935,P2066,2,0.0,21.23,45.94,Beauty,91.88,0.0,91.88,42.46,5.17,2.74
O504271,2025-07-13,C10905,P2038,2,0.2,61.98,100.85,Sports,201.7,40.34,161.36,123.96,3.6,3.3
O504272,2025-11-17,C10828,P2007,1,0.15,81.19,138.2,Apparel,138.2,20.73,117.47,81.19,4.16,2.68
O504273,2025-09-30,C10633,P2072,2,0.0,85.85,152.66,Sports,305.32,0.0,305.32,171.7,4.2,8.23
O504274,2025-07-07,C10074,P2022,1,0.0,39.69,79.46,Beauty,79.46,0.0,79.46,39.69,3.68,1.68
O504275,2025-09-05,C10885,P2008,2,0.1,64.11,126.24,Beauty,252.48,25.25,227.23,128.22,4.07,6.12
O504276,2026-03-21,C11113,P2067,3,0.0,89.48,177.38,Sports,532.14,0.0,532.14,268.44,3.61,16.25
O504277,2025-08-16,C10166,P2018,1,0.15,23.1,60.58,Apparel,60.58,9.09,51.49,23.1,6.79,1.22
O504278,2025-12-20,C10704,P2025,1,0.1,59.62,149.3,Electronics,149.3,14.93,134.37,59.62,8.07,2.57
O504279,2026-02-12,C10777,P2042,1,0.05,21.36,43.17,Sports,43.17,2.16,41.01,21.36,4.59,0.82
O504280,2025-03-05,C10058,P2059,3,0.1,74.58,192.13,Electronics,576.39,57.64,518.75,223.74,5.05,11.42
O504281,2025-08-29,C10522,P2058,1,0.1,56.31,124.87,Electronics,124.87,12.49,112.38,56.31,5.83,2.73
O504282,2025-06-28,C10600,P2074,3,0.1,60.53,130.38,Sports,391.14,39.11,352.03,181.59,3.69,7.84
O504283,2026-04-17,C10168,P2028,1,0.1,49.21,76.08,Beauty,76.08,7.61,68.47,49.21,4.26,1.56
O504284,2026-01-02,C10758,P2074,2,0.1,60.53,130.38,Sports,260.76,26.08,234.68,121.06,4.92,6.06
O504285,2026-04-15,C11046,P2027,1,0.0,39.51,103.84,Electronics,103.84,0.0,103.84,39.51,3.72,2.46
O504286,2026-02-11,C10564,P2004,3,0.1,82.13,229.05,Sports,687.15,68.72,618.44,246.39,4.31,12.13
O504287,2025-01-07,C10647,P2043,2,0.15,34.43,56.92,Electronics,113.84,17.08,96.76,68.86,7.59,2.18
O504288,2025-07-07,C10937,P2051,1,0.05,21.09,56.25,Home,56.25,2.81,53.44,21.09,6.61,0.98
O504289,2026-04-23,C10078,P2000,2,0.15,20.01,46.3,Beauty,92.6,13.89,78.71,40.02,2.72,2.12
O504290,2025-12-13,C10904,P2008,1,0.0,64.11,126.24,Beauty,126.24,0.0,126.24,64.11,3.92,2.43
O504291,2025-01-26,C11053,P2051,2,0.1,21.09,56.25,Home,112.5,11.25,101.25,42.18,5.02,3.21
O504292,2025-04-03,C10347,P2002,1,0.15,36.16,61.12,Beauty,61.12,9.17,51.95,36.16,4.21,1.33
O504293,2026-05-30,C11125,P2018,1,0.1,23.1,60.58,Apparel,60.58,6.06,54.52,23.1,4.25,1.41
O504294,2025-11-17,C10703,P2075,2,0.1,49.49,125.61,Electronics,251.22,25.12,226.1,98.98,6.52,4.97
O504295,2025-01-18,C10236,P2074,2,0.05,60.53,130.38,Sports,260.76,13.04,247.72,121.06,6.51,6.93
O504296,2025-05-14,C10944,P2022,2,0.15,39.69,79.46,Beauty,158.92,23.84,135.08,79.38,4.15,3.32
O504297,2026-02-07,C10750,P2035,2,0.15,33.04,85.13,Beauty,170.26,25.54,144.72,66.08,4.74,3.68
O504298,2025-07-11,C10643,P2067,1,0.25,89.48,177.38,Sports,177.38,44.34,133.04,89.48,4.62,3.97
O504299,2025-09-30,C10404,P2035,1,0.05,33.04,85.13,Beauty,85.13,4.26,80.87,33.04,6.8,2.22
O504300,2025-07-30,C10789,P2003,1,0.05,103.86,246.21,Sports,246.21,12.31,233.9,103.86,3.55,7.31
O504301,2025-08-11,C11027,P2023,1,0.0,99.43,207.17,Apparel,207.17,0.0,207.17,99.43,4.93,6.13
O504302,2025-07-17,C10628,P2007,2,0.1,81.19,138.2,Apparel,276.4,27.64,248.76,162.38,3.06,6.44
O504303,2025-10-20,C10664,P2051,2,0.15,21.09,56.25,Home,112.5,16.88,95.62,42.18,4.34,2.96
O504304,2025-10-02,C10095,P2006,2,0.1,90.83,200.16,Electronics,400.32,40.03,360.29,181.66,4.54,11.48
O504305,2025-12-13,C11189,P2070,1,0.0,80.41,185.88,Sports,185.88,0.0,185.88,80.41,5.76,5.87
O504306,2025-12-09,C11066,P2044,1,0.05,96.39,166.51,Electronics,166.51,8.33,158.18,96.39,3.05,5.02
O504307,2026-04-12,C10413,P2058,1,0.05,56.31,124.87,Electronics,124.87,6.24,118.63,56.31,4.69,3.71
O504308,2025-02-09,C10403,P2035,1,0.15,33.04,85.13,Beauty,85.13,12.77,72.36,33.04,5.82,1.56
O504309,2025-12-11,C10890,P2076,3,0.05,94.33,153.36,Apparel,460.08,23.0,437.08,282.99,4.08,13.55
O504310,2025-01-04,C10339,P2024,2,0.15,38.64,85.56,Electronics,171.12,25.67,145.45,77.28,3.44,2.97
O504311,2025-12-30,C10034,P2054,2,0.05,19.42,50.24,Beauty,100.48,5.02,95.46,38.84,6.68,1.77
O504312,2025-08-24,C10370,P2021,1,0.1,75.19,147.18,Electronics,147.18,14.72,132.46,75.19,4.54,2.54
O504313,2025-03-07,C11002,P2079,2,0.0,76.11,150.73,Apparel,301.46,0.0,301.46,152.22,3.65,5.71
O504314,2025-04-01,C11037,P2001,1,0.0,67.86,159.31,Electronics,159.31,0.0,159.31,67.86,7.26,3.6
O504315,2025-02-26,C10046,P2005,3,0.05,21.42,39.38,Sports,118.14,5.91,112.23,64.26,5.8,3.28
O504316,2025-03-08,C10915,P2065,1,0.15,74.22,160.54,Electronics,160.54,24.08,136.46,74.22,4.79,3.27
O504317,2025-07-21,C10854,P2025,2,0.1,59.62,149.3,Electronics,298.6,29.86,268.74,119.24,3.24,7.6
O504318,2025-07-19,C10873,P2046,2,0.05,41.9,79.58,Sports,159.16,7.96,151.2,83.8,6.52,4.05
O504319,2025-06-03,C10549,P2005,2,0.0,21.42,39.38,Sports,78.76,0.0,78.76,42.84,5.44,1.81
O504320,2025-08-15,C11191,P2018,1,0.0,23.1,60.58,Apparel,60.58,0.0,60.58,23.1,6.49,1.11
O504321,2025-05-27,C10086,P2003,3,0.0,103.86,246.21,Sports,738.63,0.0,738.63,311.58,4.98,16.1
O504322,2026-01-26,C10570,P2021,1,0.1,75.19,147.18,Electronics,147.18,14.72,132.46,75.19,5.97,2.5
O504323,2025-02-17,C10919,P2051,3,0.1,21.09,56.25,Home,168.75,16.88,151.88,63.27,5.02,4.61
O504324,2026-02-14,C10599,P2049,3,0.0,75.64,173.14,Apparel,519.42,0.0,519.42,226.92,4.61,11.66
O504325,2026-05-18,C10834,P2001,2,0.15,67.86,159.31,Electronics,318.62,47.79,270.83,135.72,3.79,6.23
O504326,2026-03-19,C10433,P2021,1,0.15,75.19,147.18,Electronics,147.18,22.08,125.1,75.19,6.07,3.69
O504327,2025-11-08,C10564,P2053,1,0.05,95.73,175.96,Electronics,175.96,8.8,167.16,95.73,2.82,3.36
O504328,2026-05-14,C10822,P2048,1,0.05,26.01,65.12,Home,65.12,3.26,61.86,26.01,7.29,1.12
O504329,2025-02-11,C10858,P2077,2,0.0,99.36,190.12,Apparel,380.24,0.0,380.24,198.72,8.7,7.75
O504330,2025-12-27,C10278,P2039,2,0.1,88.55,225.55,Beauty,451.1,45.11,405.99,177.1,5.49,11.8
O504331,2025-12-31,C10735,P2012,1,0.15,91.5,250.58,Home,250.58,37.59,212.99,91.5,4.4,5.11
O504332,2026-03-02,C10285,P2074,2,0.05,60.53,130.38,Sports,260.76,13.04,247.72,121.06,2.81,4.68
O504333,2025-03-21,C10955,P2007,1,0.05,81.19,138.2,Apparel,138.2,6.91,131.29,81.19,5.78,2.63
O504334,2025-12-08,C10099,P2064,1,0.05,92.82,194.3,Sports,194.3,9.72,184.58,92.82,7.12,4.51
O504335,2025-08-27,C10328,P2006,3,0.05,90.83,200.16,Electronics,600.48,30.02,570.46,272.49,3.31,18.16
O504336,2025-06-09,C10587,P2070,2,0.15,80.41,185.88,Sports,371.76,55.76,316.0,160.82,6.92,7.81
O504337,2026-02-08,C10755,P2033,1,0.15,102.58,280.83,Apparel,280.83,42.12,238.71,102.58,8.15,5.8
O504338,2025-05-12,C10148,P2046,2,0.2,41.9,79.58,Sports,159.16,31.83,127.33,83.8,5.03,2.68
O504339,2026-02-10,C10861,P2025,2,0.15,59.62,149.3,Electronics,298.6,44.79,253.81,119.24,2.5,5.86
O504340,2026-03-11,C11053,P2006,2,0.15,90.83,200.16,Electronics,400.32,60.05,340.27,181.66,3.12,6.33
O504341,2025-07-09,C10004,P2057,2,0.0,24.55,53.8,Beauty,107.6,0.0,107.6,49.1,6.21,2.45
O504342,2026-03-16,C11063,P2041,2,0.15,53.15,104.66,Apparel,209.32,31.4,177.92,106.3,2.92,3.5
O504343,2026-05-25,C10541,P2046,3,0.05,41.9,79.58,Sports,238.74,11.94,226.8,125.7,5.68,4.65
O504344,2026-03-28,C10913,P2056,1,0.2,12.18,29.13,Home,29.13,5.83,23.3,12.18,4.47,0.6
O504345,2026-05-20,C10472,P2050,1,0.0,47.62,83.27,Beauty,83.27,0.0,83.27,47.62,2.99,1.72
O504346,2025-07-11,C10034,P2031,1,0.0,54.53,117.07,Sports,117.07,0.0,117.07,54.53,3.4,3.62
O504347,2025-06-09,C10642,P2037,2,0.05,19.43,42.14,Home,84.28,4.21,80.07,38.86,7.11,1.8
O504348,2025-01-10,C10473,P2059,1,0.2,74.58,192.13,Electronics,192.13,38.43,153.7,74.58,6.94,3.84
O504349,2025-05-28,C10821,P2055,3,0.0,14.94,29.55,Sports,88.65,0.0,88.65,44.82,4.67,2.31
O504350,2025-04-30,C10677,P2045,1,0.1,54.87,109.92,Sports,109.92,10.99,98.93,54.87,5.71,2.16
O504351,2025-07-10,C10325,P2013,1,0.0,14.91,32.18,Beauty,32.18,0.0,32.18,14.91,7.65,0.6
O504352,2025-03-14,C11109,P2069,1,0.1,90.63,175.87,Apparel,175.87,17.59,158.28,90.63,5.7,3.18
O504353,2025-08-27,C10307,P2001,2,0.05,67.86,159.31,Electronics,318.62,15.93,302.69,135.72,4.68,8.3
O504354,2025-10-13,C10835,P2065,2,0.1,74.22,160.54,Electronics,321.08,32.11,288.97,148.44,4.55,6.94
O504355,2025-12-02,C10097,P2071,1,0.15,72.34,202.22,Beauty,202.22,30.33,171.89,72.34,4.39,3.37
O504356,2026-02-04,C10191,P2057,3,0.0,24.55,53.8,Beauty,161.4,0.0,161.4,73.65,4.21,5.14
O504357,2026-04-25,C10392,P2002,1,0.2,36.16,61.12,Beauty,61.12,12.22,48.9,36.16,5.44,1.03
O504358,2025-10-16,C10393,P2028,1,0.05,49.21,76.08,Beauty,76.08,3.8,72.28,49.21,3.89,1.42
O504359,2025-06-11,C11070,P2008,1,0.05,64.11,126.24,Beauty,126.24,6.31,119.93,64.11,4.06,3.74
O504360,2025-09-25,C10213,P2030,1,0.05,81.44,160.67,Electronics,160.67,8.03,152.64,81.44,5.78,3.98
O504361,2025-06-09,C10137,P2074,1,0.15,60.53,130.38,Sports,130.38,19.56,110.82,60.53,2.99,2.7
O504362,2026-06-10,C10023,P2030,2,0.05,81.44,160.67,Electronics,321.34,16.07,305.27,162.88,3.49,8.13
O504363,2026-05-17,C11165,P2033,1,0.1,102.58,280.83,Apparel,280.83,28.08,252.75,102.58,2.5,6.81
O504364,2026-02-08,C11188,P2061,3,0.15,92.46,150.56,Sports,451.68,67.75,383.93,277.38,3.95,10.45
O504365,2026-03-27,C11197,P2029,1,0.0,30.95,55.54,Apparel,55.54,0.0,55.54,30.95,5.86,1.34
O504366,2025-07-03,C11049,P2075,1,0.1,49.49,125.61,Electronics,125.61,12.56,113.05,49.49,3.18,3.08
O504367,2026-05-25,C10108,P2068,2,0.1,54.46,128.05,Home,256.1,25.61,230.49,108.92,4.88,5.04
O504368,2025-02-08,C10357,P2078,3,0.1,80.99,151.9,Beauty,455.7,45.57,410.13,242.97,6.05,10.32
O504369,2026-02-15,C10495,P2056,1,0.1,12.18,29.13,Home,29.13,2.91,26.22,12.18,5.04,0.64
O504370,2025-11-28,C10858,P2071,2,0.0,72.34,202.22,Beauty,404.44,0.0,404.44,144.68,6.77,12.6
O504371,2025-03-01,C10805,P2040,1,0.2,46.24,112.16,Electronics,112.16,22.43,89.73,46.24,6.44,1.91
O504372,2025-06-05,C10578,P2048,2,0.0,26.01,65.12,Home,130.24,0.0,130.24,52.02,5.86,2.83
O504373,2025-12-05,C10924,P2031,1,0.1,54.53,117.07,Sports,117.07,11.71,105.36,54.53,5.06,3.35
O504374,2026-05-20,C10675,P2052,3,0.05,85.13,212.17,Beauty,636.51,31.83,604.68,255.39,5.52,16.48
O504375,2026-02-06,C11014,P2047,3,0.1,23.95,36.37,Sports,109.11,10.91,98.2,71.85,5.19,1.84
O504376,2025-11-26,C10492,P2017,2,0.05,42.64,69.06,Apparel,138.12,6.91,131.21,85.28,2.5,4.06
O504377,2026-01-25,C10027,P2043,3,0.0,34.43,56.92,Electronics,170.76,0.0,170.76,103.29,5.78,4.41
O504378,2025-06-29,C10379,P2060,1,0.15,91.93,225.41,Sports,225.41,33.81,191.6,91.93,7.28,5.87
O504379,2025-05-13,C10512,P2057,1,0.05,24.55,53.8,Beauty,53.8,2.69,51.11,24.55,4.44,0.93
O504380,2025-03-19,C11082,P2073,3,0.05,103.53,278.8,Apparel,836.4,41.82,794.58,310.59,5.74,15.13
O504381,2025-10-07,C10823,P2022,3,0.2,39.69,79.46,Beauty,238.38,47.68,190.7,119.07,3.86,3.79
O504382,2025-12-05,C10942,P2076,3,0.05,94.33,153.36,Apparel,460.08,23.0,437.08,282.99,4.76,11.33
O504383,2025-12-05,C10517,P2044,2,0.0,96.39,166.51,Electronics,333.02,0.0,333.02,192.78,6.96,6.14
O504384,2025-03-31,C10178,P2023,1,0.15,99.43,207.17,Apparel,207.17,31.08,176.09,99.43,4.54,5.38
O504385,2025-06-11,C11040,P2015,3,0.1,32.67,56.68,Home,170.04,17.0,153.04,98.01,4.26,3.2
O504386,2025-06-24,C10203,P2031,1,0.2,54.53,117.07,Sports,117.07,23.41,93.66,54.53,6.0,2.03
O504387,2026-02-19,C10523,P2024,1,0.05,38.64,85.56,Electronics,85.56,4.28,81.28,38.64,3.77,2.42
O504388,2025-01-07,C11162,P2077,2,0.0,99.36,190.12,Apparel,380.24,0.0,380.24,198.72,5.53,7.86
O504389,2025-12-12,C10019,P2077,1,0.15,99.36,190.12,Apparel,190.12,28.52,161.6,99.36,2.5,4.39
O504390,2025-03-17,C10804,P2068,1,0.0,54.46,128.05,Home,128.05,0.0,128.05,54.46,4.77,2.44
O504391,2026-05-28,C10204,P2068,2,0.0,54.46,128.05,Home,256.1,0.0,256.1,108.92,5.72,6.5
O504392,2025-12-05,C10406,P2039,1,0.1,88.55,225.55,Beauty,225.55,22.56,203.0,88.55,4.63,5.35
O504393,2026-01-13,C10826,P2054,2,0.05,19.42,50.24,Beauty,100.48,5.02,95.46,38.84,8.76,2.8
O504394,2026-04-09,C10619,P2024,3,0.2,38.64,85.56,Electronics,256.68,51.34,205.34,115.92,6.12,4.78
O504395,2025-02-17,C10277,P2009,1,0.1,89.03,195.13,Home,195.13,19.51,175.62,89.03,5.31,4.58
O504396,2025-03-23,C10236,P2050,3,0.0,47.62,83.27,Beauty,249.81,0.0,249.81,142.86,2.58,5.13
O504397,2026-05-02,C10308,P2000,1,0.2,20.01,46.3,Beauty,46.3,9.26,37.04,20.01,3.36,0.78
O504398,2025-11-03,C10457,P2031,2,0.1,54.53,117.07,Sports,234.14,23.41,210.73,109.06,3.57,6.21
O504399,2025-08-15,C10764,P2059,2,0.25,74.58,192.13,Electronics,384.26,96.06,288.2,149.16,4.69,7.41
O504400,2025-12-21,C10403,P2043,1,0.15,34.43,56.92,Electronics,56.92,8.54,48.38,34.43,3.97,1.26
O504401,2025-12-09,C11181,P2051,1,0.15,21.09,56.25,Home,56.25,8.44,47.81,21.09,4.08,1.31
O504402,2026-01-06,C10121,P2028,1,0.0,49.21,76.08,Beauty,76.08,0.0,76.08,49.21,5.02,2.06
O504403,2025-01-31,C11126,P2024,1,0.2,38.64,85.56,Electronics,85.56,17.11,68.45,38.64,4.98,1.54
O504404,2025-06-18,C10600,P2003,3,0.0,103.86,246.21,Sports,738.63,0.0,738.63,311.58,6.16,16.46
O504405,2025-06-24,C10062,P2045,1,0.1,54.87,109.92,Sports,109.92,10.99,98.93,54.87,4.98,2.53
O504406,2025-04-02,C11156,P2002,2,0.0,36.16,61.12,Beauty,122.24,0.0,122.24,72.32,7.08,3.54
O504407,2026-04-28,C10189,P2065,2,0.1,74.22,160.54,Electronics,321.08,32.11,288.97,148.44,3.66,6.3
O504408,2025-10-02,C10227,P2001,2,0.1,67.86,159.31,Electronics,318.62,31.86,286.76,135.72,5.6,9.04
O504409,2025-09-05,C11021,P2012,1,0.05,91.5,250.58,Home,250.58,12.53,238.05,91.5,5.62,4.48
O504410,2025-08-27,C10532,P2005,3,0.2,21.42,39.38,Sports,118.14,23.63,94.51,64.26,3.72,2.11
O504411,2025-07-19,C11007,P2021,2,0.05,75.19,147.18,Electronics,294.36,14.72,279.64,150.38,3.72,5.72
O504412,2025-11-28,C10430,P2044,3,0.25,96.39,166.51,Electronics,499.53,124.88,374.65,289.17,5.05,7.3
O504413,2026-01-14,C10943,P2074,1,0.0,60.53,130.38,Sports,130.38,0.0,130.38,60.53,5.86,2.52
O504414,2025-11-17,C10442,P2071,1,0.0,72.34,202.22,Beauty,202.22,0.0,202.22,72.34,9.64,6.18
O504415,2026-01-30,C10480,P2076,1,0.15,94.33,153.36,Apparel,153.36,23.0,130.36,94.33,3.71,2.74
O504416,2026-01-29,C11002,P2065,1,0.05,74.22,160.54,Electronics,160.54,8.03,152.51,74.22,4.04,4.3
O504417,2026-03-03,C10782,P2064,1,0.0,92.82,194.3,Sports,194.3,0.0,194.3,92.82,6.15,4.55
O504418,2025-09-07,C10871,P2032,1,0.1,83.59,176.17,Apparel,176.17,17.62,158.55,83.59,3.96,3.02
O504419,2025-02-27,C10042,P2026,1,0.15,25.88,63.53,Beauty,63.53,9.53,54.0,25.88,4.25,1.48
O504420,2025-01-20,C10556,P2058,1,0.1,56.31,124.87,Electronics,124.87,12.49,112.38,56.31,3.52,2.75
O504421,2026-05-27,C10684,P2007,1,0.05,81.19,138.2,Apparel,138.2,6.91,131.29,81.19,5.45,3.52
O504422,2026-06-26,C10234,P2006,2,0.05,90.83,200.16,Electronics,400.32,20.02,380.3,181.66,5.64,10.25
O504423,2025-06-13,C10865,P2006,1,0.1,90.83,200.16,Electronics,200.16,20.02,180.14,90.83,3.83,5.56
O504424,2025-11-08,C10205,P2019,1,0.05,28.46,61.03,Sports,61.03,3.05,57.98,28.46,3.15,1.19
O504425,2025-11-11,C10395,P2064,1,0.25,92.82,194.3,Sports,194.3,48.58,145.73,92.82,6.31,3.44
O504426,2025-09-12,C11140,P2019,1,0.05,28.46,61.03,Sports,61.03,3.05,57.98,28.46,5.43,1.1
O504427,2026-04-18,C10772,P2023,1,0.15,99.43,207.17,Apparel,207.17,31.08,176.09,99.43,5.73,3.35
O504428,2025-11-07,C10330,P2041,3,0.0,53.15,104.66,Apparel,313.98,0.0,313.98,159.45,5.48,9.48
O504429,2025-03-29,C10592,P2040,3,0.1,46.24,112.16,Electronics,336.48,33.65,302.83,138.72,4.72,6.95
O504430,2025-11-05,C10771,P2060,2,0.2,91.93,225.41,Sports,450.82,90.16,360.66,183.86,4.27,8.85
O504431,2025-12-05,C10884,P2007,2,0.1,81.19,138.2,Apparel,276.4,27.64,248.76,162.38,6.65,5.43
O504432,2025-12-06,C11167,P2029,1,0.15,30.95,55.54,Apparel,55.54,8.33,47.21,30.95,7.16,1.42
O504433,2026-02-24,C11156,P2065,1,0.05,74.22,160.54,Electronics,160.54,8.03,152.51,74.22,3.95,3.61
O504434,2025-12-16,C11001,P2078,3,0.2,80.99,151.9,Beauty,455.7,91.14,364.56,242.97,3.38,6.75
O504435,2026-01-05,C10686,P2052,1,0.15,85.13,212.17,Beauty,212.17,31.83,180.34,85.13,2.5,5.6
O504436,2026-04-06,C10569,P2040,2,0.15,46.24,112.16,Electronics,224.32,33.65,190.67,92.48,4.46,4.98
O504437,2025-09-14,C11102,P2032,1,0.0,83.59,176.17,Apparel,176.17,0.0,176.17,83.59,3.72,4.92
O504438,2025-01-29,C11078,P2054,2,0.15,19.42,50.24,Beauty,100.48,15.07,85.41,38.84,3.0,1.56
O504439,2025-12-10,C10599,P2037,1,0.2,19.43,42.14,Home,42.14,8.43,33.71,19.43,5.87,0.74
O504440,2026-04-03,C10255,P2034,2,0.25,84.74,206.91,Electronics,413.82,103.46,310.36,169.48,5.41,9.81
O504441,2025-01-27,C10114,P2078,2,0.2,80.99,151.9,Beauty,303.8,60.76,243.04,161.98,5.91,6.77
O504442,2026-06-28,C10478,P2045,1,0.05,54.87,109.92,Sports,109.92,5.5,104.42,54.87,4.58,1.98
O504443,2025-01-21,C10075,P2074,2,0.25,60.53,130.38,Sports,260.76,65.19,195.57,121.06,4.49,4.76
O504444,2025-09-26,C10607,P2009,2,0.15,89.03,195.13,Home,390.26,58.54,331.72,178.06,7.9,10.23
O504445,2025-04-30,C10201,P2065,1,0.2,74.22,160.54,Electronics,160.54,32.11,128.43,74.22,2.56,2.34
O504446,2025-04-23,C11104,P2005,1,0.05,21.42,39.38,Sports,39.38,1.97,37.41,21.42,3.3,0.91
O504447,2025-12-05,C10642,P2061,2,0.0,92.46,150.56,Sports,301.12,0.0,301.12,184.92,5.8,8.47
O504448,2025-12-05,C10488,P2035,1,0.1,33.04,85.13,Beauty,85.13,8.51,76.62,33.04,5.74,2.07
O504449,2025-04-27,C10407,P2010,2,0.05,105.58,212.84,Electronics,425.68,21.28,404.4,211.16,3.46,8.01
O504450,2025-07-15,C10525,P2002,3,0.1,36.16,61.12,Beauty,183.36,18.34,165.02,108.48,4.19,4.82
O504451,2025-06-17,C10389,P2030,3,0.0,81.44,160.67,Electronics,482.01,0.0,482.01,244.32,10.08,12.66
O504452,2026-05-02,C11195,P2011,2,0.15,25.59,43.62,Electronics,87.24,13.09,74.15,51.18,7.19,1.62
O504453,2025-06-03,C10569,P2077,1,0.1,99.36,190.12,Apparel,190.12,19.01,171.11,99.36,3.8,4.98
O504454,2025-08-21,C11118,P2037,1,0.25,19.43,42.14,Home,42.14,10.54,31.6,19.43,4.73,0.63
O504455,2025-11-21,C10953,P2014,1,0.0,105.6,279.48,Beauty,279.48,0.0,279.48,105.6,7.74,5.21
O504456,2025-12-11,C10354,P2063,2,0.0,107.79,241.07,Sports,482.14,0.0,482.14,215.58,5.7,10.67
O504457,2026-04-05,C10207,P2039,1,0.15,88.55,225.55,Beauty,225.55,33.83,191.72,88.55,5.9,5.67
O504458,2026-06-25,C10935,P2021,2,0.0,75.19,147.18,Electronics,294.36,0.0,294.36,150.38,4.26,5.71
O504459,2025-11-08,C11049,P2075,3,0.2,49.49,125.61,Electronics,376.83,75.37,301.46,148.47,5.86,7.92
O504460,2025-03-27,C10598,P2005,1,0.0,21.42,39.38,Sports,39.38,0.0,39.38,21.42,5.91,1.17
O504461,2025-11-23,C10338,P2074,1,0.2,60.53,130.38,Sports,130.38,26.08,104.3,60.53,3.22,2.6
O504462,2025-07-23,C11023,P2076,2,0.1,94.33,153.36,Apparel,306.72,30.67,276.05,188.66,3.36,7.76
O504463,2026-02-04,C10071,P2003,2,0.05,103.86,246.21,Sports,492.42,24.62,467.8,207.72,7.22,9.69
O504464,2025-03-29,C10414,P2012,1,0.05,91.5,250.58,Home,250.58,12.53,238.05,91.5,3.75,4.61
O504465,2025-09-12,C10520,P2069,1,0.0,90.63,175.87,Apparel,175.87,0.0,175.87,90.63,4.79,3.66
O504466,2025-09-08,C10431,P2024,2,0.1,38.64,85.56,Electronics,171.12,17.11,154.01,77.28,5.68,2.81
O504467,2025-04-13,C10439,P2000,1,0.1,20.01,46.3,Beauty,46.3,4.63,41.67,20.01,4.5,1.08
O504468,2026-06-14,C10639,P2008,1,0.1,64.11,126.24,Beauty,126.24,12.62,113.62,64.11,5.1,2.49
O504469,2025-08-06,C10800,P2073,1,0.1,103.53,278.8,Apparel,278.8,27.88,250.92,103.53,6.47,6.69
O504470,2025-12-17,C10291,P2032,2,0.05,83.59,176.17,Apparel,352.34,17.62,334.72,167.18,5.55,9.26
O504471,2025-03-23,C10920,P2041,3,0.15,53.15,104.66,Apparel,313.98,47.1,266.88,159.45,6.02,7.6
O504472,2026-05-11,C10962,P2059,2,0.05,74.58,192.13,Electronics,384.26,19.21,365.05,149.16,4.72,6.64
O504473,2025-02-05,C10185,P2002,2,0.1,36.16,61.12,Beauty,122.24,12.22,110.02,72.32,4.98,3.14
O504474,2025-10-05,C10663,P2061,2,0.1,92.46,150.56,Sports,301.12,30.11,271.01,184.92,6.13,5.43
O504475,2025-06-03,C10704,P2053,1,0.1,95.73,175.96,Electronics,175.96,17.6,158.36,95.73,8.2,4.35
O504476,2025-10-13,C10437,P2059,2,0.05,74.58,192.13,Electronics,384.26,19.21,365.05,149.16,4.33,7.92
O504477,2025-09-07,C10136,P2037,2,0.0,19.43,42.14,Home,84.28,0.0,84.28,38.86,6.25,1.56
O504478,2025-04-12,C10483,P2078,3,0.15,80.99,151.9,Beauty,455.7,68.36,387.34,242.97,4.66,8.9
O504479,2025-08-05,C10630,P2038,1,0.2,61.98,100.85,Sports,100.85,20.17,80.68,61.98,6.45,1.92
O504480,2025-06-24,C10602,P2057,1,0.0,24.55,53.8,Beauty,53.8,0.0,53.8,24.55,3.32,1.28
O504481,2025-04-14,C10514,P2050,3,0.1,47.62,83.27,Beauty,249.81,24.98,224.83,142.86,7.53,4.3
O504482,2026-05-31,C10314,P2007,1,0.0,81.19,138.2,Apparel,138.2,0.0,138.2,81.19,5.26,2.95
O504483,2025-09-05,C10260,P2007,2,0.0,81.19,138.2,Apparel,276.4,0.0,276.4,162.38,2.65,8.52
O504484,2026-06-28,C10327,P2058,3,0.1,56.31,124.87,Electronics,374.61,37.46,337.15,168.93,5.52,7.73
O504485,2025-04-04,C10046,P2044,2,0.0,96.39,166.51,Electronics,333.02,0.0,333.02,192.78,2.5,9.2
O504486,2025-11-02,C10511,P2055,2,0.15,14.94,29.55,Sports,59.1,8.86,50.24,29.88,6.52,1.29
O504487,2025-02-25,C10018,P2065,2,0.15,74.22,160.54,Electronics,321.08,48.16,272.92,148.44,6.07,8.19
O504488,2026-05-31,C10387,P2035,3,0.15,33.04,85.13,Beauty,255.39,38.31,217.08,99.12,6.5,5.41
O504489,2025-05-09,C10975,P2078,1,0.0,80.99,151.9,Beauty,151.9,0.0,151.9,80.99,3.58,2.89
O504490,2026-03-25,C11003,P2070,1,0.15,80.41,185.88,Sports,185.88,27.88,158.0,80.41,3.87,3.77
O504491,2025-07-27,C10629,P2051,2,0.1,21.09,56.25,Home,112.5,11.25,101.25,42.18,6.42,3.0
O504492,2025-07-31,C10513,P2001,2,0.1,67.86,159.31,Electronics,318.62,31.86,286.76,135.72,2.77,8.91
O504493,2026-04-17,C11100,P2049,1,0.1,75.64,173.14,Apparel,173.14,17.31,155.83,75.64,3.72,3.42
O504494,2026-06-21,C10249,P2023,3,0.15,99.43,207.17,Apparel,621.51,93.23,528.28,298.29,6.67,16.54
O504495,2025-06-28,C10079,P2070,3,0.15,80.41,185.88,Sports,557.64,83.65,473.99,241.23,4.68,11.22
O504496,2026-06-12,C10193,P2058,1,0.05,56.31,124.87,Electronics,124.87,6.24,118.63,56.31,4.28,2.4
O504497,2025-08-14,C10346,P2003,2,0.1,103.86,246.21,Sports,492.42,49.24,443.18,207.72,5.68,10.88
O504498,2025-09-09,C10426,P2015,3,0.1,32.67,56.68,Home,170.04,17.0,153.04,98.01,3.52,3.55
O504499,2025-12-13,C10127,P2065,1,0.1,74.22,160.54,Electronics,160.54,16.05,144.49,74.22,4.44,3.22
O504500,2025-05-28,C10880,P2043,1,0.2,34.43,56.92,Electronics,56.92,11.38,45.54,34.43,4.66,0.91
O504501,2025-08-17,C10509,P2043,2,0.1,34.43,56.92,Electronics,113.84,11.38,102.46,68.86,5.82,2.51
O504502,2025-07-25,C10760,P2021,3,0.1,75.19,147.18,Electronics,441.54,44.15,397.39,225.57,5.15,9.13
O504503,2025-11-26,C10080,P2076,1,0.15,94.33,153.36,Apparel,153.36,23.0,130.36,94.33,4.85,3.42
O504504,2025-09-10,C10613,P2067,2,0.15,89.48,177.38,Sports,354.76,53.21,301.55,178.96,3.46,8.01
O504505,2026-04-15,C11024,P2023,3,0.15,99.43,207.17,Apparel,621.51,93.23,528.28,298.29,3.22,13.33
O504506,2026-01-04,C10223,P2030,1,0.05,81.44,160.67,Electronics,160.67,8.03,152.64,81.44,4.49,4.72
O504507,2025-03-28,C11049,P2073,1,0.0,103.53,278.8,Apparel,278.8,0.0,278.8,103.53,6.35,6.18
O504508,2026-05-10,C10730,P2032,2,0.0,83.59,176.17,Apparel,352.34,0.0,352.34,167.18,2.5,8.41
O504509,2025-12-05,C10193,P2073,1,0.0,103.53,278.8,Apparel,278.8,0.0,278.8,103.53,7.49,5.44
O504510,2025-08-05,C10182,P2024,2,0.2,38.64,85.56,Electronics,171.12,34.22,136.9,77.28,5.9,3.38
O504511,2025-07-14,C11019,P2061,3,0.1,92.46,150.56,Sports,451.68,45.17,406.51,277.38,3.88,9.35
O504512,2026-06-17,C10669,P2039,1,0.0,88.55,225.55,Beauty,225.55,0.0,225.55,88.55,4.68,5.65
O504513,2026-01-24,C10102,P2076,2,0.2,94.33,153.36,Apparel,306.72,61.34,245.38,188.66,3.77,6.41
O504514,2025-10-04,C11144,P2065,2,0.25,74.22,160.54,Electronics,321.08,80.27,240.81,148.44,4.06,5.23
O504515,2025-03-30,C10764,P2005,3,0.05,21.42,39.38,Sports,118.14,5.91,112.23,64.26,6.24,2.87
O504516,2025-09-16,C11000,P2028,1,0.05,49.21,76.08,Beauty,76.08,3.8,72.28,49.21,4.53,1.62
O504517,2026-03-21,C10856,P2030,3,0.0,81.44,160.67,Electronics,482.01,0.0,482.01,244.32,4.13,11.62
O504518,2025-07-26,C11047,P2005,3,0.15,21.42,39.38,Sports,118.14,17.72,100.42,64.26,5.19,2.68
O504519,2025-08-10,C10241,P2005,1,0.1,21.42,39.38,Sports,39.38,3.94,35.44,21.42,5.39,0.79
O504520,2025-02-04,C10194,P2043,1,0.0,34.43,56.92,Electronics,56.92,0.0,56.92,34.43,6.8,1.47
O504521,2025-01-27,C10086,P2044,1,0.0,96.39,166.51,Electronics,166.51,0.0,166.51,96.39,6.73,5.14
O504522,2025-07-09,C10889,P2006,1,0.1,90.83,200.16,Electronics,200.16,20.02,180.14,90.83,4.6,4.43
O504523,2025-12-16,C10885,P2005,2,0.1,21.42,39.38,Sports,78.76,7.88,70.88,42.84,4.08,1.97
O504524,2025-09-06,C10403,P2070,3,0.05,80.41,185.88,Sports,557.64,27.88,529.76,241.23,7.69,12.12
O504525,2025-03-02,C10911,P2019,1,0.15,28.46,61.03,Sports,61.03,9.15,51.88,28.46,3.84,0.97
O504526,2025-01-10,C11143,P2011,1,0.15,25.59,43.62,Electronics,43.62,6.54,37.08,25.59,5.72,1.07
O504527,2025-09-20,C10104,P2032,2,0.2,83.59,176.17,Apparel,352.34,70.47,281.87,167.18,6.13,6.07
O504528,2025-06-20,C10906,P2045,1,0.05,54.87,109.92,Sports,109.92,5.5,104.42,54.87,6.07,1.97
O504529,2026-05-22,C10237,P2029,1,0.15,30.95,55.54,Apparel,55.54,8.33,47.21,30.95,4.61,1.21
O504530,2026-01-02,C10694,P2021,1,0.1,75.19,147.18,Electronics,147.18,14.72,132.46,75.19,6.44,3.59
O504531,2026-04-11,C10668,P2015,2,0.05,32.67,56.68,Home,113.36,5.67,107.69,65.34,4.96,2.04
O504532,2026-01-13,C10666,P2015,1,0.05,32.67,56.68,Home,56.68,2.83,53.85,32.67,5.78,1.38
O504533,2026-02-18,C10898,P2050,2,0.1,47.62,83.27,Beauty,166.54,16.65,149.89,95.24,2.98,3.17
O504534,2026-01-10,C10218,P2025,2,0.15,59.62,149.3,Electronics,298.6,44.79,253.81,119.24,5.48,4.88
O504535,2025-02-13,C10589,P2008,2,0.1,64.11,126.24,Beauty,252.48,25.25,227.23,128.22,4.0,4.48
O504536,2026-02-05,C10585,P2041,1,0.15,53.15,104.66,Apparel,104.66,15.7,88.96,53.15,5.16,2.45
O504537,2025-02-23,C10764,P2003,1,0.0,103.86,246.21,Sports,246.21,0.0,246.21,103.86,5.59,7.6
O504538,2025-08-20,C10117,P2004,2,0.05,82.13,229.05,Sports,458.1,22.9,435.2,164.26,5.64,12.01
O504539,2025-08-24,C10155,P2064,3,0.0,92.82,194.3,Sports,582.9,0.0,582.9,278.46,4.15,11.93
O504540,2025-07-10,C10730,P2069,2,0.25,90.63,175.87,Apparel,351.74,87.94,263.8,181.26,3.68,4.88
O504541,2025-04-03,C10639,P2074,2,0.0,60.53,130.38,Sports,260.76,0.0,260.76,121.06,3.98,6.69
O504542,2025-12-14,C10696,P2023,1,0.0,99.43,207.17,Apparel,207.17,0.0,207.17,99.43,6.18,5.79
O504543,2026-01-06,C10511,P2008,1,0.15,64.11,126.24,Beauty,126.24,18.94,107.3,64.11,4.89,3.18
O504544,2025-02-16,C10943,P2043,2,0.1,34.43,56.92,Electronics,113.84,11.38,102.46,68.86,5.49,2.46
O504545,2026-01-21,C10842,P2045,2,0.0,54.87,109.92,Sports,219.84,0.0,219.84,109.74,4.88,5.45
O504546,2025-10-01,C10524,P2024,1,0.15,38.64,85.56,Electronics,85.56,12.83,72.73,38.64,3.6,1.52
O504547,2025-10-07,C10569,P2054,2,0.0,19.42,50.24,Beauty,100.48,0.0,100.48,38.84,4.05,2.92
O504548,2025-06-27,C10312,P2069,3,0.1,90.63,175.87,Apparel,527.61,52.76,474.85,271.89,4.31,14.67
O504549,2025-03-15,C10142,P2075,1,0.1,49.49,125.61,Electronics,125.61,12.56,113.05,49.49,3.32,2.31
O504550,2026-06-18,C11055,P2015,2,0.0,32.67,56.68,Home,113.36,0.0,113.36,65.34,3.35,2.16
O504551,2025-01-30,C10524,P2078,1,0.15,80.99,151.9,Beauty,151.9,22.78,129.12,80.99,5.78,3.12
O504552,2026-06-11,C10780,P2038,1,0.0,61.98,100.85,Sports,100.85,0.0,100.85,61.98,3.58,2.26
O504553,2025-05-25,C10197,P2044,1,0.1,96.39,166.51,Electronics,166.51,16.65,149.86,96.39,4.51,4.69
O504554,2025-10-22,C10404,P2061,2,0.1,92.46,150.56,Sports,301.12,30.11,271.01,184.92,3.05,7.39
O504555,2025-12-30,C10138,P2038,3,0.05,61.98,100.85,Sports,302.55,15.13,287.42,185.94,2.5,6.46
O504556,2026-06-01,C10515,P2044,1,0.1,96.39,166.51,Electronics,166.51,16.65,149.86,96.39,4.7,4.62
O504557,2025-12-13,C10236,P2065,3,0.0,74.22,160.54,Electronics,481.62,0.0,481.62,222.66,5.98,11.09
O504558,2025-03-01,C11131,P2029,2,0.15,30.95,55.54,Apparel,111.08,16.66,94.42,61.9,2.5,2.6
O504559,2025-09-27,C10313,P2047,1,0.0,23.95,36.37,Sports,36.37,0.0,36.37,23.95,7.58,0.89
O504560,2025-09-25,C10606,P2016,2,0.0,23.99,66.65,Electronics,133.3,0.0,133.3,47.98,6.12,4.09
O504561,2026-01-04,C10510,P2067,1,0.1,89.48,177.38,Sports,177.38,17.74,159.64,89.48,2.86,3.39
O504562,2025-12-04,C10081,P2002,1,0.15,36.16,61.12,Beauty,61.12,9.17,51.95,36.16,6.65,1.64
O504563,2026-04-28,C11002,P2010,2,0.05,105.58,212.84,Electronics,425.68,21.28,404.4,211.16,5.69,11.83
O504564,2025-03-22,C10660,P2040,2,0.15,46.24,112.16,Electronics,224.32,33.65,190.67,92.48,5.28,4.68
O504565,2025-06-27,C10037,P2017,2,0.0,42.64,69.06,Apparel,138.12,0.0,138.12,85.28,5.08,3.74
O504566,2025-06-11,C10892,P2075,3,0.2,49.49,125.61,Electronics,376.83,75.37,301.46,148.47,6.14,8.21
O504567,2026-05-01,C11175,P2023,1,0.05,99.43,207.17,Apparel,207.17,10.36,196.81,99.43,4.79,5.39
O504568,2026-02-10,C10277,P2057,1,0.2,24.55,53.8,Beauty,53.8,10.76,43.04,24.55,3.41,1.08
O504569,2025-10-21,C10249,P2011,1,0.2,25.59,43.62,Electronics,43.62,8.72,34.9,25.59,4.36,0.7
O504570,2025-06-07,C10537,P2005,2,0.2,21.42,39.38,Sports,78.76,15.75,63.01,42.84,8.66,1.16
O504571,2025-02-15,C10314,P2023,2,0.25,99.43,207.17,Apparel,414.34,103.58,310.76,198.86,2.52,7.48
O504572,2025-11-11,C10332,P2037,2,0.15,19.43,42.14,Home,84.28,12.64,71.64,38.86,2.64,1.44
O504573,2025-08-12,C10611,P2039,2,0.0,88.55,225.55,Beauty,451.1,0.0,451.1,177.1,4.23,12.26
O504574,2025-06-27,C10323,P2049,1,0.2,75.64,173.14,Apparel,173.14,34.63,138.51,75.64,4.68,2.69
O504575,2025-02-23,C10509,P2048,2,0.15,26.01,65.12,Home,130.24,19.54,110.7,52.02,3.71,2.07
O504576,2025-12-17,C10818,P2047,1,0.0,23.95,36.37,Sports,36.37,0.0,36.37,23.95,3.86,0.91
O504577,2026-01-25,C10020,P2014,1,0.15,105.6,279.48,Beauty,279.48,41.92,237.56,105.6,3.87,7.15
O504578,2026-06-04,C10345,P2015,2,0.0,32.67,56.68,Home,113.36,0.0,113.36,65.34,2.52,2.4
O504579,2026-04-02,C10583,P2036,2,0.15,79.57,186.92,Apparel,373.84,56.08,317.76,159.14,6.91,10.15
O504580,2025-10-22,C10990,P2077,2,0.05,99.36,190.12,Apparel,380.24,19.01,361.23,198.72,7.37,10.89
O504581,2026-02-17,C10993,P2065,1,0.05,74.22,160.54,Electronics,160.54,8.03,152.51,74.22,5.14,3.57
O504582,2026-01-27,C10488,P2071,1,0.15,72.34,202.22,Beauty,202.22,30.33,171.89,72.34,3.17,3.4
O504583,2025-12-28,C10443,P2052,2,0.1,85.13,212.17,Beauty,424.34,42.43,381.91,170.26,4.8,11.07
O504584,2026-04-16,C10781,P2047,1,0.2,23.95,36.37,Sports,36.37,7.27,29.1,23.95,5.55,0.69
O504585,2026-04-22,C11069,P2027,1,0.1,39.51,103.84,Electronics,103.84,10.38,93.46,39.51,5.33,1.83
O504586,2026-01-26,C10730,P2054,1,0.2,19.42,50.24,Beauty,50.24,10.05,40.19,19.42,8.26,0.78
O504587,2025-07-19,C10042,P2041,1,0.1,53.15,104.66,Apparel,104.66,10.47,94.19,53.15,6.96,2.23
O504588,2025-11-08,C11164,P2076,3,0.15,94.33,153.36,Apparel,460.08,69.01,391.07,282.99,5.55,11.18
O504589,2025-01-28,C11129,P2075,1,0.1,49.49,125.61,Electronics,125.61,12.56,113.05,49.49,4.11,3.56
O504590,2025-04-12,C10936,P2050,3,0.05,47.62,83.27,Beauty,249.81,12.49,237.32,142.86,6.53,6.17
O504591,2025-08-23,C10782,P2037,2,0.15,19.43,42.14,Home,84.28,12.64,71.64,38.86,3.16,1.78
O504592,2025-08-26,C10280,P2029,2,0.25,30.95,55.54,Apparel,111.08,27.77,83.31,61.9,6.33,2.56
O504593,2026-05-16,C10564,P2000,1,0.15,20.01,46.3,Beauty,46.3,6.94,39.35,20.01,8.65,0.84
O504594,2026-01-04,C10433,P2050,1,0.1,47.62,83.27,Beauty,83.27,8.33,74.94,47.62,4.88,1.4
O504595,2025-05-23,C11029,P2048,1,0.2,26.01,65.12,Home,65.12,13.02,52.1,26.01,5.25,1.17
O504596,2025-02-25,C10638,P2062,2,0.05,69.71,151.88,Beauty,303.76,15.19,288.57,139.42,5.23,5.27
O504597,2025-04-22,C10628,P2066,1,0.0,21.23,45.94,Beauty,45.94,0.0,45.94,21.23,4.17,1.24
O504598,2025-06-19,C10064,P2067,1,0.15,89.48,177.38,Sports,177.38,26.61,150.77,89.48,5.53,4.12
O504599,2025-10-05,C10838,P2041,1,0.15,53.15,104.66,Apparel,104.66,15.7,88.96,53.15,7.21,1.99
O504600,2026-03-30,C10657,P2010,3,0.1,105.58,212.84,Electronics,638.52,63.85,574.67,316.74,6.16,10.62
O504601,2025-06-19,C10593,P2011,1,0.15,25.59,43.62,Electronics,43.62,6.54,37.08,25.59,2.86,0.91
O504602,2026-04-09,C10209,P2076,1,0.2,94.33,153.36,Apparel,153.36,30.67,122.69,94.33,3.6,3.23
O504603,2026-03-29,C11006,P2049,2,0.15,75.64,173.14,Apparel,346.28,51.94,294.34,151.28,5.34,8.89
O504604,2025-09-22,C10002,P2026,2,0.2,25.88,63.53,Beauty,127.06,25.41,101.65,51.76,6.19,2.23
O504605,2025-12-30,C10843,P2031,1,0.05,54.53,117.07,Sports,117.07,5.85,111.22,54.53,3.49,2.45
O504606,2025-08-26,C10718,P2019,1,0.1,28.46,61.03,Sports,61.03,6.1,54.93,28.46,5.03,1.23
O504607,2025-02-03,C10695,P2045,2,0.1,54.87,109.92,Sports,219.84,21.98,197.86,109.74,8.41,4.73
O504608,2025-05-10,C10389,P2024,1,0.0,38.64,85.56,Electronics,85.56,0.0,85.56,38.64,5.26,1.8
O504609,2025-03-04,C10020,P2030,3,0.05,81.44,160.67,Electronics,482.01,24.1,457.91,244.32,6.68,9.93
O504610,2026-04-03,C10374,P2071,1,0.2,72.34,202.22,Beauty,202.22,40.44,161.78,72.34,4.6,2.97
O504611,2026-04-30,C11071,P2055,3,0.1,14.94,29.55,Sports,88.65,8.86,79.79,44.82,5.14,1.48
O504612,2025-06-14,C11043,P2041,2,0.1,53.15,104.66,Apparel,209.32,20.93,188.39,106.3,5.26,4.57
O504613,2025-03-16,C10313,P2040,3,0.1,46.24,112.16,Electronics,336.48,33.65,302.83,138.72,4.25,9.36
O504614,2025-01-27,C10314,P2024,2,0.0,38.64,85.56,Electronics,171.12,0.0,171.12,77.28,5.16,3.81
O504615,2025-01-06,C10580,P2030,1,0.15,81.44,160.67,Electronics,160.67,24.1,136.57,81.44,6.56,4.01
O504616,2026-04-22,C10050,P2010,2,0.0,105.58,212.84,Electronics,425.68,0.0,425.68,211.16,3.35,12.65
O504617,2025-11-21,C10440,P2077,1,0.1,99.36,190.12,Apparel,190.12,19.01,171.11,99.36,3.78,4.97
O504618,2025-10-27,C10386,P2027,1,0.2,39.51,103.84,Electronics,103.84,20.77,83.07,39.51,2.5,1.69
O504619,2025-12-03,C10730,P2049,1,0.1,75.64,173.14,Apparel,173.14,17.31,155.83,75.64,5.16,3.3
O504620,2025-07-29,C10397,P2000,1,0.0,20.01,46.3,Beauty,46.3,0.0,46.3,20.01,6.23,1.1
O504621,2025-10-30,C10415,P2032,1,0.05,83.59,176.17,Apparel,176.17,8.81,167.36,83.59,5.51,3.09
O504622,2026-04-12,C10597,P2018,3,0.05,23.1,60.58,Apparel,181.74,9.09,172.65,69.3,4.09,4.58
O504623,2025-08-02,C10613,P2065,3,0.1,74.22,160.54,Electronics,481.62,48.16,433.46,222.66,5.43,11.5
O504624,2026-03-13,C10312,P2054,3,0.0,19.42,50.24,Beauty,150.72,0.0,150.72,58.26,5.54,2.86
O504625,2026-02-16,C11004,P2062,2,0.2,69.71,151.88,Beauty,303.76,60.75,243.01,139.42,5.57,4.63
O504626,2026-02-25,C10987,P2034,1,0.15,84.74,206.91,Electronics,206.91,31.04,175.87,84.74,6.29,5.21
O504627,2025-12-14,C10200,P2000,3,0.05,20.01,46.3,Beauty,138.9,6.94,131.95,60.03,4.87,2.43
O504628,2026-04-22,C10401,P2045,1,0.05,54.87,109.92,Sports,109.92,5.5,104.42,54.87,5.44,2.68
O504629,2025-02-21,C10148,P2003,1,0.05,103.86,246.21,Sports,246.21,12.31,233.9,103.86,5.88,4.4
O504630,2025-02-28,C10687,P2003,2,0.15,103.86,246.21,Sports,492.42,73.86,418.56,207.72,4.5,12.89
O504631,2025-05-05,C11156,P2063,1,0.15,107.79,241.07,Sports,241.07,36.16,204.91,107.79,3.97,4.88
O504632,2025-01-31,C10068,P2018,1,0.2,23.1,60.58,Apparel,60.58,12.12,48.46,23.1,2.5,0.95
O504633,2025-01-11,C10674,P2006,3,0.15,90.83,200.16,Electronics,600.48,90.07,510.41,272.49,3.1,12.18
O504634,2025-03-17,C10017,P2015,3,0.05,32.67,56.68,Home,170.04,8.5,161.54,98.01,6.19,2.97
O504635,2026-06-02,C10879,P2051,1,0.0,21.09,56.25,Home,56.25,0.0,56.25,21.09,2.5,1.6
O504636,2025-06-03,C10712,P2074,3,0.15,60.53,130.38,Sports,391.14,58.67,332.47,181.59,4.58,7.92
O504637,2025-03-12,C10933,P2041,1,0.1,53.15,104.66,Apparel,104.66,10.47,94.19,53.15,3.59,1.95
O504638,2025-07-08,C10972,P2061,3,0.2,92.46,150.56,Sports,451.68,90.34,361.34,277.38,5.9,7.12
O504639,2026-01-02,C11087,P2018,2,0.2,23.1,60.58,Apparel,121.16,24.23,96.93,46.2,4.44,3.09
O504640,2025-04-13,C11092,P2015,1,0.15,32.67,56.68,Home,56.68,8.5,48.18,32.67,7.95,1.22
O504641,2025-10-11,C10997,P2023,3,0.2,99.43,207.17,Apparel,621.51,124.3,497.21,298.29,6.16,15.47
O504642,2025-03-26,C11127,P2035,1,0.0,33.04,85.13,Beauty,85.13,0.0,85.13,33.04,3.67,2.7
O504643,2026-03-07,C10601,P2020,2,0.15,96.28,147.84,Home,295.68,44.35,251.33,192.56,6.45,7.2
O504644,2026-02-05,C10118,P2012,1,0.05,91.5,250.58,Home,250.58,12.53,238.05,91.5,6.32,6.04
O504645,2025-07-29,C10930,P2040,2,0.05,46.24,112.16,Electronics,224.32,11.22,213.1,92.48,4.87,4.24
O504646,2025-09-02,C10802,P2078,2,0.0,80.99,151.9,Beauty,303.8,0.0,303.8,161.98,3.8,6.47
O504647,2025-10-08,C10752,P2060,1,0.0,91.93,225.41,Sports,225.41,0.0,225.41,91.93,5.43,6.58
O504648,2025-10-11,C10327,P2077,1,0.1,99.36,190.12,Apparel,190.12,19.01,171.11,99.36,5.38,5.23
O504649,2026-03-13,C10570,P2074,2,0.05,60.53,130.38,Sports,260.76,13.04,247.72,121.06,5.06,5.41
O504650,2026-01-16,C10507,P2065,3,0.05,74.22,160.54,Electronics,481.62,24.08,457.54,222.66,5.37,13.96
O504651,2025-04-14,C10351,P2071,3,0.1,72.34,202.22,Beauty,606.66,60.67,545.99,217.02,6.56,12.75
O504652,2025-12-09,C10978,P2059,2,0.25,74.58,192.13,Electronics,384.26,96.06,288.2,149.16,7.2,6.49
O504653,2026-02-27,C11063,P2006,1,0.15,90.83,200.16,Electronics,200.16,30.02,170.14,90.83,4.3,5.28
O504654,2026-02-26,C10463,P2076,2,0.0,94.33,153.36,Apparel,306.72,0.0,306.72,188.66,5.43,6.05
O504655,2026-02-01,C10635,P2052,1,0.05,85.13,212.17,Beauty,212.17,10.61,201.56,85.13,6.32,4.55
O504656,2025-01-14,C10822,P2053,1,0.0,95.73,175.96,Electronics,175.96,0.0,175.96,95.73,3.38,5.15
O504657,2025-10-31,C10040,P2011,2,0.0,25.59,43.62,Electronics,87.24,0.0,87.24,51.18,5.19,2.7
O504658,2026-01-28,C10875,P2036,1,0.1,79.57,186.92,Apparel,186.92,18.69,168.23,79.57,5.64,4.15
O504659,2026-04-03,C10000,P2025,3,0.2,59.62,149.3,Electronics,447.9,89.58,358.32,178.86,5.48,8.93
O504660,2025-12-27,C11198,P2052,1,0.0,85.13,212.17,Beauty,212.17,0.0,212.17,85.13,5.14,4.55
O504661,2025-10-31,C10205,P2020,2,0.1,96.28,147.84,Home,295.68,29.57,266.11,192.56,9.67,7.97
O504662,2026-03-24,C10572,P2032,2,0.0,83.59,176.17,Apparel,352.34,0.0,352.34,167.18,6.44,7.29
O504663,2026-01-09,C10182,P2005,3,0.1,21.42,39.38,Sports,118.14,11.81,106.33,64.26,7.03,2.9
O504664,2025-02-18,C10432,P2043,1,0.15,34.43,56.92,Electronics,56.92,8.54,48.38,34.43,5.14,1.25
O504665,2026-04-04,C10277,P2051,2,0.0,21.09,56.25,Home,112.5,0.0,112.5,42.18,6.37,2.78
O504666,2025-11-21,C10662,P2071,3,0.1,72.34,202.22,Beauty,606.66,60.67,545.99,217.02,6.09,16.32
O504667,2025-02-04,C10491,P2038,1,0.1,61.98,100.85,Sports,100.85,10.09,90.76,61.98,5.67,1.66
O504668,2026-03-28,C10691,P2031,2,0.15,54.53,117.07,Sports,234.14,35.12,199.02,109.06,2.78,5.61
O504669,2025-11-28,C10078,P2077,1,0.05,99.36,190.12,Apparel,190.12,9.51,180.61,99.36,4.1,3.47
O504670,2025-07-16,C10154,P2038,1,0.1,61.98,100.85,Sports,100.85,10.09,90.76,61.98,5.43,1.95
O504671,2025-08-23,C10579,P2066,3,0.15,21.23,45.94,Beauty,137.82,20.67,117.15,63.69,7.88,3.06
O504672,2025-06-07,C10821,P2060,1,0.1,91.93,225.41,Sports,225.41,22.54,202.87,91.93,4.39,5.89
O504673,2026-04-29,C10462,P2025,1,0.05,59.62,149.3,Electronics,149.3,7.47,141.84,59.62,4.81,3.26
O504674,2025-03-31,C10604,P2071,1,0.05,72.34,202.22,Beauty,202.22,10.11,192.11,72.34,6.26,5.6
O504675,2025-04-24,C10888,P2001,3,0.05,67.86,159.31,Electronics,477.93,23.9,454.03,203.58,8.09,8.52
O504676,2026-04-25,C10736,P2032,1,0.1,83.59,176.17,Apparel,176.17,17.62,158.55,83.59,5.69,4.81
O504677,2026-05-19,C11176,P2026,1,0.15,25.88,63.53,Beauty,63.53,9.53,54.0,25.88,4.25,1.65
O504678,2025-09-07,C10986,P2018,1,0.0,23.1,60.58,Apparel,60.58,0.0,60.58,23.1,4.79,1.14
O504679,2026-03-10,C10658,P2037,2,0.0,19.43,42.14,Home,84.28,0.0,84.28,38.86,4.29,1.85
O504680,2025-12-11,C10090,P2054,1,0.15,19.42,50.24,Beauty,50.24,7.54,42.7,19.42,5.15,1.08
O504681,2025-10-10,C10289,P2016,1,0.2,23.99,66.65,Electronics,66.65,13.33,53.32,23.99,3.25,1.67
O504682,2025-12-11,C11113,P2020,1,0.0,96.28,147.84,Home,147.84,0.0,147.84,96.28,3.59,3.2
O504683,2026-01-17,C10601,P2003,1,0.15,103.86,246.21,Sports,246.21,36.93,209.28,103.86,6.18,6.19
O504684,2025-05-20,C10460,P2020,3,0.0,96.28,147.84,Home,443.52,0.0,443.52,288.84,3.34,13.61
O504685,2026-06-16,C10779,P2011,1,0.05,25.59,43.62,Electronics,43.62,2.18,41.44,25.59,7.39,1.05
O504686,2025-04-22,C10540,P2056,1,0.1,12.18,29.13,Home,29.13,2.91,26.22,12.18,5.77,0.51
O504687,2026-01-15,C10700,P2048,1,0.0,26.01,65.12,Home,65.12,0.0,65.12,26.01,4.46,1.8
O504688,2025-09-26,C11157,P2006,2,0.1,90.83,200.16,Electronics,400.32,40.03,360.29,181.66,6.77,6.89
O504689,2025-05-20,C11035,P2047,1,0.15,23.95,36.37,Sports,36.37,5.46,30.91,23.95,4.25,0.8
O504690,2025-09-12,C10545,P2057,2,0.2,24.55,53.8,Beauty,107.6,21.52,86.08,49.1,3.69,2.48
O504691,2025-09-04,C10116,P2034,2,0.0,84.74,206.91,Electronics,413.82,0.0,413.82,169.48,3.58,12.38
O504692,2026-04-17,C10496,P2040,1,0.1,46.24,112.16,Electronics,112.16,11.22,100.94,46.24,7.04,2.25
O504693,2025-03-25,C10776,P2052,1,0.15,85.13,212.17,Beauty,212.17,31.83,180.34,85.13,5.62,3.7
O504694,2026-06-03,C10363,P2002,2,0.2,36.16,61.12,Beauty,122.24,24.45,97.79,72.32,2.82,1.76
O504695,2025-05-12,C11036,P2041,2,0.0,53.15,104.66,Apparel,209.32,0.0,209.32,106.3,6.72,5.65
O504696,2026-05-12,C10981,P2065,3,0.0,74.22,160.54,Electronics,481.62,0.0,481.62,222.66,6.61,11.08
O504697,2026-01-18,C10527,P2033,2,0.25,102.58,280.83,Apparel,561.66,140.42,421.24,205.16,4.96,8.16
O504698,2025-03-30,C10928,P2074,1,0.25,60.53,130.38,Sports,130.38,32.6,97.78,60.53,5.37,2.79
O504699,2026-02-19,C11031,P2074,2,0.1,60.53,130.38,Sports,260.76,26.08,234.68,121.06,6.66,4.54
O504700,2025-02-23,C10595,P2015,1,0.15,32.67,56.68,Home,56.68,8.5,48.18,32.67,3.57,1.18
O504701,2025-07-13,C10670,P2009,2,0.1,89.03,195.13,Home,390.26,39.03,351.23,178.06,2.99,7.59
O504702,2026-03-03,C10279,P2037,1,0.15,19.43,42.14,Home,42.14,6.32,35.82,19.43,5.07,1.1
O504703,2025-06-12,C10086,P2051,2,0.05,21.09,56.25,Home,112.5,5.62,106.88,42.18,7.96,2.82
O504704,2025-06-02,C10863,P2035,1,0.1,33.04,85.13,Beauty,85.13,8.51,76.62,33.04,6.23,1.95
O504705,2025-09-17,C10430,P2057,1,0.15,24.55,53.8,Beauty,53.8,8.07,45.73,24.55,2.52,1.07
O504706,2026-06-14,C10928,P2055,3,0.0,14.94,29.55,Sports,88.65,0.0,88.65,44.82,4.65,1.99
O504707,2025-04-02,C11199,P2040,1,0.1,46.24,112.16,Electronics,112.16,11.22,100.94,46.24,6.79,2.66
O504708,2026-05-10,C11174,P2063,2,0.1,107.79,241.07,Sports,482.14,48.21,433.93,215.58,2.5,10.81
O504709,2025-12-19,C10180,P2003,2,0.0,103.86,246.21,Sports,492.42,0.0,492.42,207.72,3.64,12.47
O504710,2025-05-31,C10979,P2075,2,0.1,49.49,125.61,Electronics,251.22,25.12,226.1,98.98,3.22,4.72
O504711,2026-02-23,C10113,P2018,2,0.05,23.1,60.58,Apparel,121.16,6.06,115.1,46.2,4.73,2.15
O504712,2025-04-29,C10053,P2018,1,0.05,23.1,60.58,Apparel,60.58,3.03,57.55,23.1,7.56,1.04
O504713,2025-10-28,C10313,P2058,1,0.0,56.31,124.87,Electronics,124.87,0.0,124.87,56.31,5.42,2.52
O504714,2025-10-09,C10691,P2006,2,0.0,90.83,200.16,Electronics,400.32,0.0,400.32,181.66,5.38,12.71
O504715,2025-10-27,C10129,P2017,2,0.1,42.64,69.06,Apparel,138.12,13.81,124.31,85.28,3.51,3.67
O504716,2026-06-24,C10001,P2034,2,0.1,84.74,206.91,Electronics,413.82,41.38,372.44,169.48,7.21,9.95
O504717,2025-09-07,C10990,P2058,2,0.15,56.31,124.87,Electronics,249.74,37.46,212.28,112.62,5.18,4.94
O504718,2026-03-21,C10580,P2068,2,0.1,54.46,128.05,Home,256.1,25.61,230.49,108.92,6.56,5.67
O504719,2025-12-11,C10201,P2033,2,0.1,102.58,280.83,Apparel,561.66,56.17,505.49,205.16,3.71,15.81
O504720,2025-09-10,C10631,P2024,1,0.1,38.64,85.56,Electronics,85.56,8.56,77.0,38.64,2.5,1.81
O504721,2025-06-01,C10049,P2033,1,0.0,102.58,280.83,Apparel,280.83,0.0,280.83,102.58,5.89,6.13
O504722,2026-04-28,C10195,P2070,1,0.1,80.41,185.88,Sports,185.88,18.59,167.29,80.41,2.5,3.98
O504723,2025-12-07,C11063,P2009,1,0.2,89.03,195.13,Home,195.13,39.03,156.1,89.03,6.74,4.06
O504724,2026-06-09,C10516,P2045,2,0.15,54.87,109.92,Sports,219.84,32.98,186.86,109.74,6.89,4.88
O504725,2026-04-28,C10125,P2060,1,0.15,91.93,225.41,Sports,225.41,33.81,191.6,91.93,4.81,4.17
O504726,2025-08-26,C10070,P2058,3,0.1,56.31,124.87,Electronics,374.61,37.46,337.15,168.93,4.62,9.79
O504727,2025-08-29,C10652,P2056,2,0.2,12.18,29.13,Home,58.26,11.65,46.61,24.36,5.8,1.42
O504728,2025-11-10,C10617,P2067,3,0.1,89.48,177.38,Sports,532.14,53.21,478.93,268.44,4.04,12.06
O504729,2026-03-06,C10104,P2010,2,0.0,105.58,212.84,Electronics,425.68,0.0,425.68,211.16,6.56,13.58
O504730,2025-06-01,C11029,P2066,3,0.1,21.23,45.94,Beauty,137.82,13.78,124.04,63.69,4.69,2.26
O504731,2025-04-17,C10174,P2033,1,0.2,102.58,280.83,Apparel,280.83,56.17,224.66,102.58,5.05,5.27
O504732,2025-08-13,C10245,P2027,2,0.05,39.51,103.84,Electronics,207.68,10.38,197.3,79.02,5.37,3.79
O504733,2025-10-10,C10868,P2058,1,0.15,56.31,124.87,Electronics,124.87,18.73,106.14,56.31,4.55,2.94
O504734,2026-02-10,C10057,P2006,2,0.05,90.83,200.16,Electronics,400.32,20.02,380.3,181.66,5.53,8.63
O504735,2025-07-16,C10223,P2078,2,0.15,80.99,151.9,Beauty,303.8,45.57,258.23,161.98,6.7,4.84
O504736,2026-06-17,C10771,P2005,1,0.05,21.42,39.38,Sports,39.38,1.97,37.41,21.42,4.8,1.06
O504737,2025-03-14,C10919,P2076,3,0.1,94.33,153.36,Apparel,460.08,46.01,414.07,282.99,2.5,12.64
O504738,2025-03-27,C11003,P2028,3,0.1,49.21,76.08,Beauty,228.24,22.82,205.42,147.63,4.61,5.28
O504739,2025-03-31,C10711,P2056,3,0.2,12.18,29.13,Home,87.39,17.48,69.91,36.54,3.24,1.98
O504740,2025-10-25,C11061,P2009,3,0.05,89.03,195.13,Home,585.39,29.27,556.12,267.09,4.44,10.91
O504741,2026-03-04,C10921,P2018,2,0.1,23.1,60.58,Apparel,121.16,12.12,109.04,46.2,5.62,3.14
O504742,2025-02-01,C10142,P2037,1,0.05,19.43,42.14,Home,42.14,2.11,40.03,19.43,5.99,1.12
O504743,2026-02-26,C11148,P2045,1,0.05,54.87,109.92,Sports,109.92,5.5,104.42,54.87,6.73,2.67
O504744,2026-05-21,C10213,P2016,1,0.0,23.99,66.65,Electronics,66.65,0.0,66.65,23.99,2.5,1.95
O504745,2026-05-07,C10797,P2021,3,0.25,75.19,147.18,Electronics,441.54,110.38,331.16,225.57,6.16,8.31
O504746,2025-04-01,C10655,P2044,2,0.2,96.39,166.51,Electronics,333.02,66.6,266.42,192.78,5.2,6.42
O504747,2025-03-31,C10261,P2038,1,0.1,61.98,100.85,Sports,100.85,10.09,90.76,61.98,7.4,2.06
O504748,2025-11-21,C10800,P2027,2,0.0,39.51,103.84,Electronics,207.68,0.0,207.68,79.02,3.94,5.58
O504749,2025-06-05,C11198,P2006,2,0.15,90.83,200.16,Electronics,400.32,60.05,340.27,181.66,5.48,10.55
O504750,2025-08-11,C11188,P2005,1,0.0,21.42,39.38,Sports,39.38,0.0,39.38,21.42,4.82,0.94
O504751,2025-04-25,C10326,P2001,2,0.15,67.86,159.31,Electronics,318.62,47.79,270.83,135.72,5.15,7.42
O504752,2026-02-26,C10183,P2052,1,0.0,85.13,212.17,Beauty,212.17,0.0,212.17,85.13,3.87,5.87
O504753,2025-05-07,C10962,P2058,2,0.1,56.31,124.87,Electronics,249.74,24.97,224.77,112.62,2.5,6.41
O504754,2025-07-02,C10911,P2040,2,0.05,46.24,112.16,Electronics,224.32,11.22,213.1,92.48,3.81,5.03
O504755,2025-09-20,C10715,P2045,2,0.05,54.87,109.92,Sports,219.84,10.99,208.85,109.74,5.39,4.69
O504756,2025-09-23,C10216,P2065,3,0.0,74.22,160.54,Electronics,481.62,0.0,481.62,222.66,4.84,13.67
O504757,2026-03-22,C10108,P2026,1,0.1,25.88,63.53,Beauty,63.53,6.35,57.18,25.88,5.46,1.54
O504758,2026-02-17,C10870,P2005,2,0.0,21.42,39.38,Sports,78.76,0.0,78.76,42.84,2.5,1.66
O504759,2026-03-18,C10095,P2010,2,0.1,105.58,212.84,Electronics,425.68,42.57,383.11,211.16,4.79,9.58
O504760,2025-12-13,C10368,P2065,1,0.0,74.22,160.54,Electronics,160.54,0.0,160.54,74.22,4.55,4.48
O504761,2026-06-24,C10087,P2010,2,0.0,105.58,212.84,Electronics,425.68,0.0,425.68,211.16,4.86,9.49
O504762,2025-07-10,C10816,P2009,3,0.15,89.03,195.13,Home,585.39,87.81,497.58,267.09,3.84,11.11
O504763,2025-12-20,C10242,P2013,2,0.0,14.91,32.18,Beauty,64.36,0.0,64.36,29.82,4.61,1.62
O504764,2026-02-18,C10402,P2005,1,0.1,21.42,39.38,Sports,39.38,3.94,35.44,21.42,3.55,0.82
O504765,2025-12-04,C10280,P2030,2,0.0,81.44,160.67,Electronics,321.34,0.0,321.34,162.88,4.41,6.55
O504766,2025-11-20,C11080,P2013,1,0.2,14.91,32.18,Beauty,32.18,6.44,25.74,14.91,3.78,0.64
O504767,2025-11-09,C10678,P2010,1,0.25,105.58,212.84,Electronics,212.84,53.21,159.63,105.58,6.77,3.09
O504768,2026-05-09,C10756,P2011,1,0.1,25.59,43.62,Electronics,43.62,4.36,39.26,25.59,4.65,1.2
O504769,2025-12-10,C11067,P2067,2,0.25,89.48,177.38,Sports,354.76,88.69,266.07,178.96,5.64,5.65
O504770,2025-03-07,C10427,P2043,2,0.0,34.43,56.92,Electronics,113.84,0.0,113.84,68.86,4.51,2.78
O504771,2026-05-26,C10238,P2070,1,0.0,80.41,185.88,Sports,185.88,0.0,185.88,80.41,4.85,3.82
O504772,2025-02-05,C10122,P2049,1,0.0,75.64,173.14,Apparel,173.14,0.0,173.14,75.64,6.13,5.36
O504773,2025-01-02,C10164,P2041,2,0.0,53.15,104.66,Apparel,209.32,0.0,209.32,106.3,3.63,4.53
O504774,2025-06-11,C10070,P2062,2,0.1,69.71,151.88,Beauty,303.76,30.38,273.38,139.42,3.21,6.4
O504775,2026-01-08,C11184,P2047,3,0.25,23.95,36.37,Sports,109.11,27.28,81.83,71.85,5.81,2.52
O504776,2026-02-28,C11082,P2076,2,0.15,94.33,153.36,Apparel,306.72,46.01,260.71,188.66,7.75,7.53
O504777,2025-10-07,C10935,P2054,1,0.2,19.42,50.24,Beauty,50.24,10.05,40.19,19.42,7.27,1.11
O504778,2025-01-23,C10823,P2041,1,0.0,53.15,104.66,Apparel,104.66,0.0,104.66,53.15,3.63,2.1
O504779,2026-02-21,C10756,P2021,1,0.0,75.19,147.18,Electronics,147.18,0.0,147.18,75.19,3.81,4.11
O504780,2025-09-29,C11181,P2062,2,0.05,69.71,151.88,Beauty,303.76,15.19,288.57,139.42,5.81,5.6
O504781,2025-10-06,C10474,P2061,3,0.25,92.46,150.56,Sports,451.68,112.92,338.76,277.38,6.2,10.41
O504782,2026-05-25,C10409,P2066,2,0.0,21.23,45.94,Beauty,91.88,0.0,91.88,42.46,7.66,2.89
O504783,2026-03-14,C10746,P2020,1,0.0,96.28,147.84,Home,147.84,0.0,147.84,96.28,5.7,3.86
O504784,2026-06-30,C10331,P2073,1,0.15,103.53,278.8,Apparel,278.8,41.82,236.98,103.53,3.98,5.65
O504785,2025-12-23,C10423,P2002,2,0.1,36.16,61.12,Beauty,122.24,12.22,110.02,72.32,4.09,2.8
O504786,2025-08-20,C10832,P2067,1,0.15,89.48,177.38,Sports,177.38,26.61,150.77,89.48,6.42,3.12
O504787,2025-05-05,C11101,P2059,3,0.1,74.58,192.13,Electronics,576.39,57.64,518.75,223.74,2.5,15.36
O504788,2026-02-16,C10611,P2022,3,0.1,39.69,79.46,Beauty,238.38,23.84,214.54,119.07,5.5,6.17
O504789,2025-02-18,C10509,P2070,2,0.0,80.41,185.88,Sports,371.76,0.0,371.76,160.82,8.02,7.8
O504790,2025-11-07,C10875,P2047,2,0.1,23.95,36.37,Sports,72.74,7.27,65.47,47.9,6.84,2.02
O504791,2025-05-05,C10626,P2059,2,0.1,74.58,192.13,Electronics,384.26,38.43,345.83,149.16,6.81,6.94
O504792,2025-01-30,C10197,P2053,1,0.2,95.73,175.96,Electronics,175.96,35.19,140.77,95.73,6.71,3.53
O504793,2026-05-30,C11123,P2063,2,0.1,107.79,241.07,Sports,482.14,48.21,433.93,215.58,7.72,12.7
O504794,2025-07-25,C10178,P2012,1,0.05,91.5,250.58,Home,250.58,12.53,238.05,91.5,3.8,4.74
O504795,2025-02-24,C11141,P2063,3,0.25,107.79,241.07,Sports,723.21,180.8,542.41,323.37,5.19,11.5
O504796,2026-05-30,C11142,P2068,1,0.0,54.46,128.05,Home,128.05,0.0,128.05,54.46,4.35,3.77
O504797,2026-05-22,C10772,P2017,1,0.0,42.64,69.06,Apparel,69.06,0.0,69.06,42.64,2.73,1.64
O504798,2026-04-26,C10921,P2024,1,0.2,38.64,85.56,Electronics,85.56,17.11,68.45,38.64,7.48,1.85
O504799,2025-08-05,C10198,P2072,1,0.05,85.85,152.66,Sports,152.66,7.63,145.03,85.85,3.61,3.49
O504800,2025-04-07,C10949,P2034,1,0.0,84.74,206.91,Electronics,206.91,0.0,206.91,84.74,2.5,4.93
O504801,2025-04-15,C10729,P2008,1,0.0,64.11,126.24,Beauty,126.24,0.0,126.24,64.11,6.01,3.21
O504802,2025-02-21,C10943,P2077,1,0.1,99.36,190.12,Apparel,190.12,19.01,171.11,99.36,4.36,4.64
O504803,2025-06-17,C11045,P2036,1,0.0,79.57,186.92,Apparel,186.92,0.0,186.92,79.57,4.24,4.85
O504804,2025-07-25,C10244,P2067,2,0.1,89.48,177.38,Sports,354.76,35.48,319.28,178.96,6.42,7.04
O504805,2025-01-19,C10143,P2031,2,0.1,54.53,117.07,Sports,234.14,23.41,210.73,109.06,3.52,6.35
O504806,2025-12-01,C10207,P2065,2,0.25,74.22,160.54,Electronics,321.08,80.27,240.81,148.44,4.68,5.44
O504807,2025-03-31,C10030,P2007,2,0.25,81.19,138.2,Apparel,276.4,69.1,207.3,162.38,4.65,5.74
O504808,2025-10-31,C10399,P2064,3,0.15,92.82,194.3,Sports,582.9,87.44,495.47,278.46,2.5,15.73
O504809,2025-07-29,C10254,P2061,3,0.1,92.46,150.56,Sports,451.68,45.17,406.51,277.38,2.5,8.29
O504810,2026-03-22,C10780,P2051,1,0.1,21.09,56.25,Home,56.25,5.62,50.62,21.09,3.73,1.09
O504811,2025-06-14,C10799,P2018,2,0.2,23.1,60.58,Apparel,121.16,24.23,96.93,46.2,6.17,2.2
O504812,2025-07-12,C10349,P2032,2,0.05,83.59,176.17,Apparel,352.34,17.62,334.72,167.18,6.84,7.31
O504813,2025-03-16,C10715,P2054,3,0.15,19.42,50.24,Beauty,150.72,22.61,128.11,58.26,3.18,4.01
O504814,2025-04-18,C10863,P2040,1,0.1,46.24,112.16,Electronics,112.16,11.22,100.94,46.24,5.18,2.97
O504815,2025-03-06,C10964,P2008,1,0.0,64.11,126.24,Beauty,126.24,0.0,126.24,64.11,2.79,3.04
O504816,2025-06-23,C10962,P2032,1,0.1,83.59,176.17,Apparel,176.17,17.62,158.55,83.59,4.25,3.83
O504817,2026-06-18,C10659,P2040,2,0.0,46.24,112.16,Electronics,224.32,0.0,224.32,92.48,6.62,4.51
O504818,2025-02-13,C11025,P2009,2,0.05,89.03,195.13,Home,390.26,19.51,370.75,178.06,3.4,8.3
O504819,2025-09-15,C11154,P2022,1,0.25,39.69,79.46,Beauty,79.46,19.86,59.6,39.69,4.6,1.32
O504820,2025-05-17,C11060,P2033,1,0.1,102.58,280.83,Apparel,280.83,28.08,252.75,102.58,4.32,5.37
O504821,2025-12-30,C10346,P2017,1,0.05,42.64,69.06,Apparel,69.06,3.45,65.61,42.64,3.08,1.42
O504822,2025-05-11,C10590,P2002,3,0.0,36.16,61.12,Beauty,183.36,0.0,183.36,108.48,4.12,5.87
O504823,2025-03-10,C10870,P2075,3,0.15,49.49,125.61,Electronics,376.83,56.52,320.31,148.47,8.28,9.48
O504824,2025-01-27,C10094,P2037,1,0.0,19.43,42.14,Home,42.14,0.0,42.14,19.43,5.53,1.22
O504825,2026-03-23,C10501,P2076,2,0.15,94.33,153.36,Apparel,306.72,46.01,260.71,188.66,6.01,5.19
O504826,2025-09-21,C11052,P2034,3,0.0,84.74,206.91,Electronics,620.73,0.0,620.73,254.22,5.43,17.28
O504827,2025-05-09,C10608,P2056,3,0.1,12.18,29.13,Home,87.39,8.74,78.65,36.54,5.51,2.18
O504828,2026-01-29,C10177,P2048,3,0.15,26.01,65.12,Home,195.36,29.3,166.06,78.03,6.35,5.08
O504829,2025-12-07,C11046,P2067,1,0.2,89.48,177.38,Sports,177.38,35.48,141.9,89.48,6.22,4.27
O504830,2026-03-15,C10941,P2073,1,0.1,103.53,278.8,Apparel,278.8,27.88,250.92,103.53,4.82,6.88
O504831,2026-05-04,C10749,P2039,1,0.05,88.55,225.55,Beauty,225.55,11.28,214.27,88.55,5.11,4.24
O504832,2026-01-04,C10295,P2021,1,0.1,75.19,147.18,Electronics,147.18,14.72,132.46,75.19,5.84,2.44
O504833,2025-07-01,C10430,P2052,1,0.0,85.13,212.17,Beauty,212.17,0.0,212.17,85.13,5.56,6.49
O504834,2025-12-16,C11126,P2064,1,0.05,92.82,194.3,Sports,194.3,9.72,184.58,92.82,5.2,5.89
O504835,2025-09-03,C10828,P2047,3,0.15,23.95,36.37,Sports,109.11,16.37,92.74,71.85,4.29,1.89
O504836,2025-04-11,C10914,P2039,2,0.2,88.55,225.55,Beauty,451.1,90.22,360.88,177.1,4.95,9.96
O504837,2025-07-03,C10960,P2037,2,0.1,19.43,42.14,Home,84.28,8.43,75.85,38.86,3.08,1.58
O504838,2025-01-30,C10255,P2031,1,0.2,54.53,117.07,Sports,117.07,23.41,93.66,54.53,5.95,2.02
O504839,2025-12-03,C10871,P2076,2,0.05,94.33,153.36,Apparel,306.72,15.34,291.38,188.66,7.38,6.82
O504840,2026-02-18,C10142,P2004,1,0.0,82.13,229.05,Sports,229.05,0.0,229.05,82.13,4.2,6.76
O504841,2025-08-28,C10611,P2030,2,0.0,81.44,160.67,Electronics,321.34,0.0,321.34,162.88,5.61,9.55
O504842,2026-05-24,C10557,P2076,3,0.1,94.33,153.36,Apparel,460.08,46.01,414.07,282.99,3.91,8.39
O504843,2026-04-15,C10299,P2041,1,0.1,53.15,104.66,Apparel,104.66,10.47,94.19,53.15,6.32,2.69
O504844,2025-07-12,C10208,P2055,2,0.15,14.94,29.55,Sports,59.1,8.86,50.24,29.88,4.99,1.4
O504845,2026-03-31,C10145,P2073,1,0.2,103.53,278.8,Apparel,278.8,55.76,223.04,103.53,2.6,6.01
O504846,2026-03-22,C10858,P2006,1,0.05,90.83,200.16,Electronics,200.16,10.01,190.15,90.83,6.3,3.74
O504847,2025-10-14,C10308,P2032,3,0.1,83.59,176.17,Apparel,528.51,52.85,475.66,250.77,7.14,14.67
O504848,2025-12-01,C10368,P2026,3,0.2,25.88,63.53,Beauty,190.59,38.12,152.47,77.64,2.5,3.89
O504849,2025-07-15,C10083,P2031,1,0.25,54.53,117.07,Sports,117.07,29.27,87.8,54.53,5.63,2.56
O504850,2026-01-11,C10275,P2036,2,0.05,79.57,186.92,Apparel,373.84,18.69,355.15,159.14,4.09,9.02
O504851,2025-12-16,C10583,P2067,2,0.0,89.48,177.38,Sports,354.76,0.0,354.76,178.96,3.75,9.05
O504852,2026-03-09,C10485,P2032,2,0.1,83.59,176.17,Apparel,352.34,35.23,317.11,167.18,6.43,6.16
O504853,2025-03-16,C10034,P2046,3,0.1,41.9,79.58,Sports,238.74,23.87,214.87,125.7,6.03,4.78
O504854,2025-05-06,C10761,P2010,1,0.2,105.58,212.84,Electronics,212.84,42.57,170.27,105.58,7.03,3.07
O504855,2026-06-24,C10837,P2055,1,0.1,14.94,29.55,Sports,29.55,2.96,26.6,14.94,4.71,0.84
O504856,2025-07-25,C11138,P2072,3,0.2,85.85,152.66,Sports,457.98,91.6,366.38,257.55,6.68,8.19
O504857,2026-03-22,C11153,P2049,2,0.0,75.64,173.14,Apparel,346.28,0.0,346.28,151.28,5.58,6.97
O504858,2025-09-29,C10243,P2023,1,0.0,99.43,207.17,Apparel,207.17,0.0,207.17,99.43,4.58,6.28
O504859,2026-02-28,C11138,P2012,3,0.15,91.5,250.58,Home,751.74,112.76,638.98,274.5,4.65,19.45
O504860,2025-06-22,C10379,P2004,1,0.0,82.13,229.05,Sports,229.05,0.0,229.05,82.13,6.69,7.05
O504861,2025-10-22,C10984,P2051,1,0.1,21.09,56.25,Home,56.25,5.62,50.62,21.09,3.75,1.31
O504862,2025-06-24,C11055,P2058,2,0.05,56.31,124.87,Electronics,249.74,12.49,237.25,112.62,4.7,6.13
O504863,2026-02-22,C10868,P2004,1,0.1,82.13,229.05,Sports,229.05,22.9,206.14,82.13,4.95,5.08
O504864,2025-06-17,C10038,P2054,2,0.05,19.42,50.24,Beauty,100.48,5.02,95.46,38.84,3.72,2.84
O504865,2026-03-19,C11106,P2036,3,0.1,79.57,186.92,Apparel,560.76,56.08,504.68,238.71,4.06,12.98
O504866,2025-08-03,C10290,P2052,3,0.0,85.13,212.17,Beauty,636.51,0.0,636.51,255.39,3.01,17.8
O504867,2025-10-02,C11165,P2021,1,0.1,75.19,147.18,Electronics,147.18,14.72,132.46,75.19,5.92,2.59
O504868,2026-06-26,C10843,P2039,1,0.1,88.55,225.55,Beauty,225.55,22.56,203.0,88.55,7.62,4.58
O504869,2025-06-18,C10270,P2002,2,0.0,36.16,61.12,Beauty,122.24,0.0,122.24,72.32,6.2,3.63
O504870,2026-03-10,C11083,P2052,1,0.0,85.13,212.17,Beauty,212.17,0.0,212.17,85.13,6.44,5.01
O504871,2026-03-13,C11043,P2056,1,0.1,12.18,29.13,Home,29.13,2.91,26.22,12.18,3.72,0.58
O504872,2026-06-15,C10112,P2009,1,0.2,89.03,195.13,Home,195.13,39.03,156.1,89.03,4.8,2.91
O504873,2025-02-04,C10026,P2044,1,0.15,96.39,166.51,Electronics,166.51,24.98,141.53,96.39,4.15,3.04
O504874,2026-06-01,C10976,P2026,2,0.2,25.88,63.53,Beauty,127.06,25.41,101.65,51.76,6.05,2.84
O504875,2025-03-25,C10732,P2022,1,0.15,39.69,79.46,Beauty,79.46,11.92,67.54,39.69,3.45,1.57
O504876,2025-07-11,C10807,P2036,2,0.2,79.57,186.92,Apparel,373.84,74.77,299.07,159.14,5.99,5.67
O504877,2025-06-02,C10678,P2054,1,0.15,19.42,50.24,Beauty,50.24,7.54,42.7,19.42,3.93,1.05
O504878,2026-05-15,C10860,P2003,1,0.05,103.86,246.21,Sports,246.21,12.31,233.9,103.86,5.89,5.13
O504879,2025-02-27,C10893,P2039,2,0.15,88.55,225.55,Beauty,451.1,67.67,383.44,177.1,5.16,11.58
O504880,2026-05-28,C11013,P2073,1,0.2,103.53,278.8,Apparel,278.8,55.76,223.04,103.53,6.03,5.06
O504881,2025-08-16,C10545,P2039,1,0.15,88.55,225.55,Beauty,225.55,33.83,191.72,88.55,4.72,3.66
O504882,2026-02-04,C11015,P2059,1,0.05,74.58,192.13,Electronics,192.13,9.61,182.52,74.58,4.25,5.21
O504883,2025-04-07,C10441,P2003,1,0.15,103.86,246.21,Sports,246.21,36.93,209.28,103.86,3.51,4.91
O504884,2025-05-23,C10879,P2033,2,0.0,102.58,280.83,Apparel,561.66,0.0,561.66,205.16,4.49,15.32
O504885,2025-10-26,C11059,P2052,1,0.0,85.13,212.17,Beauty,212.17,0.0,212.17,85.13,5.54,6.1
O504886,2025-04-10,C10853,P2053,1,0.2,95.73,175.96,Electronics,175.96,35.19,140.77,95.73,2.82,4.38
O504887,2026-06-08,C10119,P2074,1,0.15,60.53,130.38,Sports,130.38,19.56,110.82,60.53,6.19,2.29
O504888,2025-03-03,C10357,P2032,1,0.1,83.59,176.17,Apparel,176.17,17.62,158.55,83.59,5.59,4.21
O504889,2026-04-15,C10691,P2028,1,0.0,49.21,76.08,Beauty,76.08,0.0,76.08,49.21,3.81,2.33
O504890,2026-04-16,C10427,P2073,3,0.15,103.53,278.8,Apparel,836.4,125.46,710.94,310.59,4.26,22.71
O504891,2026-06-08,C10396,P2074,1,0.15,60.53,130.38,Sports,130.38,19.56,110.82,60.53,7.32,3.3
O504892,2026-02-24,C10193,P2029,2,0.0,30.95,55.54,Apparel,111.08,0.0,111.08,61.9,4.2,2.97
O504893,2025-09-15,C10578,P2079,1,0.25,76.11,150.73,Apparel,150.73,37.68,113.05,76.11,4.09,2.88
O504894,2025-05-18,C11076,P2036,1,0.15,79.57,186.92,Apparel,186.92,28.04,158.88,79.57,5.89,3.2
O504895,2026-04-24,C10607,P2031,2,0.0,54.53,117.07,Sports,234.14,0.0,234.14,109.06,3.88,5.75
O504896,2026-06-26,C10790,P2003,2,0.1,103.86,246.21,Sports,492.42,49.24,443.18,207.72,4.94,9.6
O504897,2025-12-16,C10804,P2069,1,0.1,90.63,175.87,Apparel,175.87,17.59,158.28,90.63,7.1,4.84
O504898,2026-06-17,C10708,P2026,2,0.1,25.88,63.53,Beauty,127.06,12.71,114.35,51.76,4.64,3.3
O504899,2025-10-18,C10740,P2013,1,0.1,14.91,32.18,Beauty,32.18,3.22,28.96,14.91,4.68,0.81
O504900,2025-08-26,C10579,P2037,1,0.0,19.43,42.14,Home,42.14,0.0,42.14,19.43,5.49,1.12
O504901,2026-05-13,C10281,P2022,1,0.05,39.69,79.46,Beauty,79.46,3.97,75.49,39.69,4.44,1.61
O504902,2026-01-25,C10941,P2019,1,0.2,28.46,61.03,Sports,61.03,12.21,48.82,28.46,3.91,1.44
O504903,2025-11-14,C10613,P2014,2,0.15,105.6,279.48,Beauty,558.96,83.84,475.12,211.2,5.2,14.27
O504904,2026-04-30,C10360,P2073,1,0.0,103.53,278.8,Apparel,278.8,0.0,278.8,103.53,7.58,6.89
O504905,2025-07-09,C10215,P2073,1,0.05,103.53,278.8,Apparel,278.8,13.94,264.86,103.53,4.77,8.38
O504906,2025-04-19,C10237,P2022,1,0.2,39.69,79.46,Beauty,79.46,15.89,63.57,39.69,5.43,1.9
O504907,2025-06-03,C10727,P2018,3,0.05,23.1,60.58,Apparel,181.74,9.09,172.65,69.3,4.25,5.19
O504908,2025-08-31,C10851,P2047,1,0.0,23.95,36.37,Sports,36.37,0.0,36.37,23.95,4.81,0.76
O504909,2025-10-15,C10277,P2046,1,0.0,41.9,79.58,Sports,79.58,0.0,79.58,41.9,5.5,1.63
O504910,2026-01-12,C10184,P2060,1,0.15,91.93,225.41,Sports,225.41,33.81,191.6,91.93,5.31,4.32
O504911,2025-02-10,C10518,P2024,2,0.05,38.64,85.56,Electronics,171.12,8.56,162.56,77.28,5.91,3.68
O504912,2025-03-13,C11002,P2016,1,0.2,23.99,66.65,Electronics,66.65,13.33,53.32,23.99,2.5,1.12
O504913,2025-04-02,C11038,P2064,2,0.0,92.82,194.3,Sports,388.6,0.0,388.6,185.64,2.5,8.3
O504914,2025-07-19,C11098,P2009,3,0.2,89.03,195.13,Home,585.39,117.08,468.31,267.09,4.37,11.84
O504915,2025-01-26,C10498,P2003,2,0.1,103.86,246.21,Sports,492.42,49.24,443.18,207.72,8.39,11.96
O504916,2025-08-24,C10603,P2019,3,0.05,28.46,61.03,Sports,183.09,9.15,173.94,85.38,2.5,5.28
O504917,2025-11-12,C11004,P2067,1,0.1,89.48,177.38,Sports,177.38,17.74,159.64,89.48,2.5,2.92
O504918,2025-04-20,C10595,P2005,1,0.0,21.42,39.38,Sports,39.38,0.0,39.38,21.42,7.41,0.81
O504919,2025-04-18,C11085,P2025,3,0.1,59.62,149.3,Electronics,447.9,44.79,403.11,178.86,5.89,12.67
O504920,2025-02-03,C10719,P2005,1,0.25,21.42,39.38,Sports,39.38,9.85,29.54,21.42,5.21,0.77
O504921,2025-10-24,C10447,P2052,2,0.1,85.13,212.17,Beauty,424.34,42.43,381.91,170.26,2.96,11.6
O504922,2025-12-16,C10381,P2046,2,0.1,41.9,79.58,Sports,159.16,15.92,143.24,83.8,2.94,3.63
O504923,2025-10-03,C10120,P2078,2,0.15,80.99,151.9,Beauty,303.8,45.57,258.23,161.98,5.11,6.73
O504924,2025-05-25,C10532,P2009,1,0.25,89.03,195.13,Home,195.13,48.78,146.35,89.03,4.86,3.45
O504925,2026-04-04,C10944,P2028,3,0.15,49.21,76.08,Beauty,228.24,34.24,194.0,147.63,3.84,3.93
O504926,2026-06-21,C11134,P2030,1,0.1,81.44,160.67,Electronics,160.67,16.07,144.6,81.44,4.88,3.14
O504927,2025-06-03,C10902,P2034,2,0.2,84.74,206.91,Electronics,413.82,82.76,331.06,169.48,5.62,10.2
O504928,2025-04-05,C10398,P2057,2,0.1,24.55,53.8,Beauty,107.6,10.76,96.84,49.1,5.06,2.11
O504929,2025-01-03,C10750,P2060,1,0.15,91.93,225.41,Sports,225.41,33.81,191.6,91.93,4.25,4.12
O504930,2025-05-03,C10723,P2079,1,0.05,76.11,150.73,Apparel,150.73,7.54,143.19,76.11,2.5,4.16
O504931,2025-03-26,C11178,P2076,3,0.0,94.33,153.36,Apparel,460.08,0.0,460.08,282.99,3.78,10.69
O504932,2025-08-15,C10120,P2004,3,0.0,82.13,229.05,Sports,687.15,0.0,687.15,246.39,4.37,13.73
O504933,2026-06-25,C10297,P2007,2,0.05,81.19,138.2,Apparel,276.4,13.82,262.58,162.38,5.78,5.63
O504934,2025-07-02,C11125,P2065,1,0.1,74.22,160.54,Electronics,160.54,16.05,144.49,74.22,3.75,3.85
O504935,2026-01-05,C10137,P2007,3,0.25,81.19,138.2,Apparel,414.6,103.65,310.95,243.57,6.06,8.3
O504936,2025-02-15,C10396,P2032,3,0.15,83.59,176.17,Apparel,528.51,79.28,449.23,250.77,4.46,11.9
O504937,2025-01-31,C10410,P2010,1,0.0,105.58,212.84,Electronics,212.84,0.0,212.84,105.58,4.93,6.17
O504938,2025-01-10,C11174,P2030,1,0.05,81.44,160.67,Electronics,160.67,8.03,152.64,81.44,4.14,4.27
O504939,2025-09-05,C10932,P2014,2,0.1,105.6,279.48,Beauty,558.96,55.9,503.06,211.2,3.88,9.98
O504940,2025-10-24,C10336,P2074,2,0.0,60.53,130.38,Sports,260.76,0.0,260.76,121.06,4.74,6.01
O504941,2025-11-15,C10995,P2029,1,0.15,30.95,55.54,Apparel,55.54,8.33,47.21,30.95,4.21,1.49
O504942,2026-02-13,C10041,P2005,2,0.15,21.42,39.38,Sports,78.76,11.81,66.95,42.84,6.22,1.57
O504943,2025-02-17,C11022,P2027,1,0.1,39.51,103.84,Electronics,103.84,10.38,93.46,39.51,5.33,2.43
O504944,2025-05-26,C10951,P2011,1,0.1,25.59,43.62,Electronics,43.62,4.36,39.26,25.59,4.2,1.23
O504945,2025-08-26,C11034,P2072,2,0.0,85.85,152.66,Sports,305.32,0.0,305.32,171.7,5.69,6.44
O504946,2026-03-04,C10807,P2062,3,0.25,69.71,151.88,Beauty,455.64,113.91,341.73,209.13,2.7,6.75
O504947,2025-12-07,C10080,P2020,1,0.25,96.28,147.84,Home,147.84,36.96,110.88,96.28,6.09,3.22
O504948,2025-01-29,C10361,P2003,1,0.0,103.86,246.21,Sports,246.21,0.0,246.21,103.86,5.17,6.07
O504949,2025-06-03,C10036,P2074,1,0.0,60.53,130.38,Sports,130.38,0.0,130.38,60.53,5.34,2.62
O504950,2026-02-12,C10022,P2063,2,0.0,107.79,241.07,Sports,482.14,0.0,482.14,215.58,7.14,15.37
O504951,2025-05-18,C10739,P2001,2,0.0,67.86,159.31,Electronics,318.62,0.0,318.62,135.72,6.23,8.1
O504952,2025-05-23,C10545,P2003,2,0.2,103.86,246.21,Sports,492.42,98.48,393.94,207.72,4.89,9.48
O504953,2026-02-12,C11088,P2016,2,0.1,23.99,66.65,Electronics,133.3,13.33,119.97,47.98,5.02,2.4
O504954,2026-06-12,C11171,P2051,2,0.15,21.09,56.25,Home,112.5,16.88,95.62,42.18,4.5,2.04
O504955,2026-04-22,C10587,P2062,3,0.15,69.71,151.88,Beauty,455.64,68.35,387.29,209.13,6.04,10.06
O504956,2025-10-17,C10976,P2056,2,0.1,12.18,29.13,Home,58.26,5.83,52.43,24.36,5.5,1.26
O504957,2025-06-15,C10003,P2010,1,0.05,105.58,212.84,Electronics,212.84,10.64,202.2,105.58,6.46,4.08
O504958,2026-02-02,C10265,P2034,3,0.0,84.74,206.91,Electronics,620.73,0.0,620.73,254.22,3.56,15.78
O504959,2025-05-29,C10477,P2012,1,0.05,91.5,250.58,Home,250.58,12.53,238.05,91.5,6.34,5.29
O504960,2025-10-25,C10901,P2002,1,0.0,36.16,61.12,Beauty,61.12,0.0,61.12,36.16,7.38,1.67
O504961,2026-03-15,C11150,P2016,2,0.05,23.99,66.65,Electronics,133.3,6.67,126.64,47.98,6.34,2.65
O504962,2026-04-10,C10343,P2076,1,0.05,94.33,153.36,Apparel,153.36,7.67,145.69,94.33,3.98,4.47
O504963,2026-01-21,C10610,P2029,1,0.2,30.95,55.54,Apparel,55.54,11.11,44.43,30.95,6.09,1.39
O504964,2025-01-12,C11112,P2077,1,0.1,99.36,190.12,Apparel,190.12,19.01,171.11,99.36,6.93,4.0
O504965,2025-10-20,C10956,P2009,1,0.15,89.03,195.13,Home,195.13,29.27,165.86,89.03,3.85,3.86
O504966,2025-04-12,C10065,P2011,1,0.0,25.59,43.62,Electronics,43.62,0.0,43.62,25.59,6.32,1.15
O504967,2025-11-12,C11072,P2047,2,0.05,23.95,36.37,Sports,72.74,3.64,69.1,47.9,3.95,1.48
O504968,2025-11-07,C10516,P2033,2,0.05,102.58,280.83,Apparel,561.66,28.08,533.58,205.16,8.38,13.86
O504969,2025-09-28,C10109,P2067,1,0.15,89.48,177.38,Sports,177.38,26.61,150.77,89.48,2.5,4.75
O504970,2026-03-31,C10466,P2026,1,0.0,25.88,63.53,Beauty,63.53,0.0,63.53,25.88,5.57,1.27
O504971,2026-01-12,C10797,P2026,2,0.0,25.88,63.53,Beauty,127.06,0.0,127.06,51.76,3.07,3.57
O504972,2025-11-08,C10357,P2069,1,0.15,90.63,175.87,Apparel,175.87,26.38,149.49,90.63,5.03,4.18
O504973,2025-08-11,C10976,P2036,1,0.1,79.57,186.92,Apparel,186.92,18.69,168.23,79.57,6.65,3.29
O504974,2025-02-11,C10227,P2064,1,0.0,92.82,194.3,Sports,194.3,0.0,194.3,92.82,6.03,3.5
O504975,2025-03-06,C10058,P2011,1,0.0,25.59,43.62,Electronics,43.62,0.0,43.62,25.59,2.97,1.0
O504976,2025-12-28,C10561,P2034,1,0.0,84.74,206.91,Electronics,206.91,0.0,206.91,84.74,6.43,4.81
O504977,2026-02-12,C10918,P2033,3,0.0,102.58,280.83,Apparel,842.49,0.0,842.49,307.74,4.95,26.52
O504978,2025-04-28,C10241,P2034,3,0.1,84.74,206.91,Electronics,620.73,62.07,558.66,254.22,6.18,14.16
O504979,2026-05-28,C11136,P2000,2,0.0,20.01,46.3,Beauty,92.6,0.0,92.6,40.02,5.31,1.9
O504980,2025-05-25,C10120,P2004,1,0.1,82.13,229.05,Sports,229.05,22.9,206.14,82.13,3.26,6.28
O504981,2026-05-18,C10986,P2017,2,0.2,42.64,69.06,Apparel,138.12,27.62,110.5,85.28,4.62,2.01
O504982,2025-01-16,C10129,P2069,2,0.1,90.63,175.87,Apparel,351.74,35.17,316.57,181.26,6.76,5.77
O504983,2025-10-12,C10805,P2041,2,0.15,53.15,104.66,Apparel,209.32,31.4,177.92,106.3,2.92,5.65
O504984,2025-09-27,C10100,P2050,1,0.15,47.62,83.27,Beauty,83.27,12.49,70.78,47.62,5.1,2.11
O504985,2026-06-13,C11039,P2016,2,0.1,23.99,66.65,Electronics,133.3,13.33,119.97,47.98,6.23,3.68
O504986,2026-05-16,C10607,P2015,3,0.0,32.67,56.68,Home,170.04,0.0,170.04,98.01,5.11,5.2
O504987,2025-04-26,C10035,P2065,1,0.1,74.22,160.54,Electronics,160.54,16.05,144.49,74.22,5.94,2.96
O504988,2025-05-21,C10431,P2049,2,0.15,75.64,173.14,Apparel,346.28,51.94,294.34,151.28,6.46,8.51
O504989,2025-03-19,C11087,P2009,1,0.2,89.03,195.13,Home,195.13,39.03,156.1,89.03,3.49,3.48
O504990,2025-10-27,C10655,P2075,2,0.1,49.49,125.61,Electronics,251.22,25.12,226.1,98.98,4.67,4.49
O504991,2025-03-24,C10595,P2064,1,0.0,92.82,194.3,Sports,194.3,0.0,194.3,92.82,5.22,4.51
O504992,2025-09-22,C11023,P2062,1,0.1,69.71,151.88,Beauty,151.88,15.19,136.69,69.71,3.97,3.63
O504993,2025-11-23,C10199,P2039,2,0.2,88.55,225.55,Beauty,451.1,90.22,360.88,177.1,5.88,11.02
O504994,2025-11-09,C10176,P2077,2,0.05,99.36,190.12,Apparel,380.24,19.01,361.23,198.72,5.93,7.41
O504995,2026-01-31,C11083,P2044,1,0.05,96.39,166.51,Electronics,166.51,8.33,158.18,96.39,2.5,4.64
O504996,2026-06-02,C10349,P2075,1,0.2,49.49,125.61,Electronics,125.61,25.12,100.49,49.49,6.22,2.34
O504997,2026-01-29,C11152,P2067,1,0.25,89.48,177.38,Sports,177.38,44.34,133.04,89.48,6.09,4.15
O504998,2026-01-19,C11019,P2016,2,0.0,23.99,66.65,Electronics,133.3,0.0,133.3,47.98,2.5,3.43
O504999,2026-05-09,C10565,P2031,3,0.05,54.53,117.07,Sports,351.21,17.56,333.65,163.59,5.07,10.23
O505000,2025-03-17,C10424,P2024,2,0.2,38.64,85.56,Electronics,171.12,34.22,136.9,77.28,4.59,3.14
O505001,2025-10-20,C10325,P2044,1,0.1,96.39,166.51,Electronics,166.51,16.65,149.86,96.39,4.58,4.19
O505002,2025-05-23,C10898,P2031,2,0.05,54.53,117.07,Sports,234.14,11.71,222.43,109.06,3.62,6.54
O505003,2026-01-27,C10110,P2028,1,0.0,49.21,76.08,Beauty,76.08,0.0,76.08,49.21,4.91,2.38
O505004,2025-03-20,C11086,P2013,1,0.0,14.91,32.18,Beauty,32.18,0.0,32.18,14.91,4.21,0.66
O505005,2026-02-15,C10409,P2037,2,0.0,19.43,42.14,Home,84.28,0.0,84.28,38.86,7.44,2.64
O505006,2025-04-26,C10032,P2017,1,0.2,42.64,69.06,Apparel,69.06,13.81,55.25,42.64,3.77,1.38
O505007,2025-04-08,C10009,P2041,1,0.0,53.15,104.66,Apparel,104.66,0.0,104.66,53.15,6.31,2.26
O505008,2025-02-18,C10220,P2037,3,0.0,19.43,42.14,Home,126.42,0.0,126.42,58.29,6.46,3.17
O505009,2025-01-25,C10092,P2013,1,0.0,14.91,32.18,Beauty,32.18,0.0,32.18,14.91,5.26,0.67
O505010,2026-06-28,C10342,P2002,2,0.0,36.16,61.12,Beauty,122.24,0.0,122.24,72.32,4.75,3.46
O505011,2026-01-15,C10751,P2067,1,0.05,89.48,177.38,Sports,177.38,8.87,168.51,89.48,4.59,3.21
O505012,2026-01-07,C11062,P2038,1,0.05,61.98,100.85,Sports,100.85,5.04,95.81,61.98,4.99,1.96
O505013,2025-03-19,C10805,P2027,1,0.1,39.51,103.84,Electronics,103.84,10.38,93.46,39.51,6.34,1.83
O505014,2026-06-27,C10595,P2016,2,0.1,23.99,66.65,Electronics,133.3,13.33,119.97,47.98,4.86,2.66
O505015,2026-05-09,C11090,P2030,3,0.05,81.44,160.67,Electronics,482.01,24.1,457.91,244.32,4.34,13.36
O505016,2025-03-25,C11030,P2021,3,0.15,75.19,147.18,Electronics,441.54,66.23,375.31,225.57,4.09,9.52
O505017,2026-01-26,C11172,P2025,2,0.15,59.62,149.3,Electronics,298.6,44.79,253.81,119.24,5.31,6.27
O505018,2026-04-25,C10854,P2040,1,0.0,46.24,112.16,Electronics,112.16,0.0,112.16,46.24,6.13,2.39
O505019,2025-10-01,C10879,P2056,1,0.05,12.18,29.13,Home,29.13,1.46,27.67,12.18,3.67,0.85
O505020,2026-03-28,C10607,P2069,3,0.0,90.63,175.87,Apparel,527.61,0.0,527.61,271.89,3.8,13.05
O505021,2025-10-18,C11021,P2004,1,0.0,82.13,229.05,Sports,229.05,0.0,229.05,82.13,3.86,4.31
O505022,2025-08-20,C11001,P2066,2,0.05,21.23,45.94,Beauty,91.88,4.59,87.29,42.46,7.49,2.4
O505023,2026-04-23,C10584,P2045,1,0.1,54.87,109.92,Sports,109.92,10.99,98.93,54.87,7.36,2.74
O505024,2025-02-19,C10327,P2074,1,0.1,60.53,130.38,Sports,130.38,13.04,117.34,60.53,7.39,3.27
O505025,2025-01-29,C10149,P2044,2,0.05,96.39,166.51,Electronics,333.02,16.65,316.37,192.78,4.28,8.71
O505026,2026-04-23,C10627,P2054,3,0.2,19.42,50.24,Beauty,150.72,30.14,120.58,58.26,5.52,3.57
O505027,2026-05-07,C10245,P2070,1,0.05,80.41,185.88,Sports,185.88,9.29,176.59,80.41,2.89,4.18
O505028,2026-05-11,C11107,P2017,1,0.0,42.64,69.06,Apparel,69.06,0.0,69.06,42.64,3.98,1.53
O505029,2026-01-03,C10410,P2056,2,0.05,12.18,29.13,Home,58.26,2.91,55.35,24.36,5.72,1.59
O505030,2025-11-17,C10747,P2077,2,0.2,99.36,190.12,Apparel,380.24,76.05,304.19,198.72,4.65,7.31
O505031,2025-10-27,C11193,P2028,3,0.1,49.21,76.08,Beauty,228.24,22.82,205.42,147.63,9.59,4.87
O505032,2025-08-15,C11098,P2044,1,0.15,96.39,166.51,Electronics,166.51,24.98,141.53,96.39,4.11,4.12
O505033,2025-11-28,C10159,P2009,2,0.0,89.03,195.13,Home,390.26,0.0,390.26,178.06,2.5,10.25
O505034,2025-04-14,C10083,P2048,2,0.2,26.01,65.12,Home,130.24,26.05,104.19,52.02,4.84,2.75
O505035,2026-03-02,C10019,P2015,2,0.0,32.67,56.68,Home,113.36,0.0,113.36,65.34,5.09,2.61
O505036,2025-08-26,C11054,P2018,3,0.1,23.1,60.58,Apparel,181.74,18.17,163.57,69.3,3.32,4.57
O505037,2026-01-06,C10865,P2029,1,0.0,30.95,55.54,Apparel,55.54,0.0,55.54,30.95,4.69,1.17
O505038,2026-01-12,C10820,P2042,1,0.2,21.36,43.17,Sports,43.17,8.63,34.54,21.36,4.57,0.96
O505039,2025-09-29,C10358,P2047,2,0.2,23.95,36.37,Sports,72.74,14.55,58.19,47.9,3.86,1.78
O505040,2026-06-08,C11001,P2012,1,0.0,91.5,250.58,Home,250.58,0.0,250.58,91.5,7.06,6.0
O505041,2026-03-12,C10659,P2064,2,0.15,92.82,194.3,Sports,388.6,58.29,330.31,185.64,3.16,7.07
O505042,2026-04-08,C10971,P2005,2,0.1,21.42,39.38,Sports,78.76,7.88,70.88,42.84,5.96,1.8
O505043,2025-05-14,C10383,P2053,1,0.0,95.73,175.96,Electronics,175.96,0.0,175.96,95.73,3.02,3.23
O505044,2025-12-20,C10975,P2052,1,0.0,85.13,212.17,Beauty,212.17,0.0,212.17,85.13,4.64,5.83
O505045,2026-04-28,C10560,P2001,1,0.0,67.86,159.31,Electronics,159.31,0.0,159.31,67.86,5.9,4.07
O505046,2025-12-16,C10758,P2028,2,0.1,49.21,76.08,Beauty,152.16,15.22,136.94,98.42,3.66,2.6
O505047,2026-04-22,C11068,P2045,3,0.1,54.87,109.92,Sports,329.76,32.98,296.78,164.61,8.01,8.15
O505048,2025-11-18,C10834,P2023,2,0.1,99.43,207.17,Apparel,414.34,41.43,372.91,198.86,4.2,11.53
O505049,2025-02-06,C10003,P2038,3,0.25,61.98,100.85,Sports,302.55,75.64,226.91,185.94,2.5,6.19
O505050,2025-09-22,C10819,P2067,1,0.05,89.48,177.38,Sports,177.38,8.87,168.51,89.48,3.75,3.22
O505051,2025-04-19,C10458,P2054,1,0.05,19.42,50.24,Beauty,50.24,2.51,47.73,19.42,6.14,1.36
O505052,2026-04-16,C10274,P2016,1,0.1,23.99,66.65,Electronics,66.65,6.67,59.99,23.99,5.6,1.28
O505053,2025-03-21,C11110,P2047,1,0.2,23.95,36.37,Sports,36.37,7.27,29.1,23.95,5.17,0.63
O505054,2025-11-16,C10477,P2043,1,0.0,34.43,56.92,Electronics,56.92,0.0,56.92,34.43,7.08,1.75
O505055,2026-02-11,C10171,P2020,1,0.05,96.28,147.84,Home,147.84,7.39,140.45,96.28,4.74,3.65
O505056,2025-08-07,C10318,P2027,2,0.2,39.51,103.84,Electronics,207.68,41.54,166.14,79.02,6.95,3.52
O505057,2026-05-14,C10876,P2028,1,0.0,49.21,76.08,Beauty,76.08,0.0,76.08,49.21,5.19,2.3
O505058,2026-05-30,C10825,P2050,1,0.15,47.62,83.27,Beauty,83.27,12.49,70.78,47.62,3.27,1.41
O505059,2025-08-04,C10755,P2031,3,0.15,54.53,117.07,Sports,351.21,52.68,298.53,163.59,6.01,6.51
O505060,2025-11-10,C10833,P2007,3,0.05,81.19,138.2,Apparel,414.6,20.73,393.87,243.57,2.5,8.98
O505061,2025-05-12,C10960,P2007,3,0.0,81.19,138.2,Apparel,414.6,0.0,414.6,243.57,5.05,11.92
O505062,2025-01-29,C10214,P2067,1,0.0,89.48,177.38,Sports,177.38,0.0,177.38,89.48,5.73,4.54
O505063,2026-04-24,C10609,P2077,2,0.0,99.36,190.12,Apparel,380.24,0.0,380.24,198.72,7.29,7.07
O505064,2025-08-07,C10980,P2053,2,0.0,95.73,175.96,Electronics,351.92,0.0,351.92,191.46,3.94,10.74
O505065,2026-05-20,C10265,P2076,2,0.15,94.33,153.36,Apparel,306.72,46.01,260.71,188.66,3.68,6.92
O505066,2025-07-09,C10403,P2034,2,0.15,84.74,206.91,Electronics,413.82,62.07,351.75,169.48,2.54,8.55
O505067,2025-06-21,C10529,P2046,1,0.1,41.9,79.58,Sports,79.58,7.96,71.62,41.9,6.58,2.06
O505068,2025-07-07,C10336,P2017,1,0.0,42.64,69.06,Apparel,69.06,0.0,69.06,42.64,3.25,1.5
O505069,2025-07-15,C10386,P2006,1,0.2,90.83,200.16,Electronics,200.16,40.03,160.13,90.83,5.61,4.9
O505070,2025-03-10,C10652,P2034,2,0.05,84.74,206.91,Electronics,413.82,20.69,393.13,169.48,4.36,8.99
O505071,2025-03-15,C10496,P2061,2,0.2,92.46,150.56,Sports,301.12,60.22,240.9,184.92,2.5,6.75
O505072,2025-04-09,C10008,P2016,1,0.1,23.99,66.65,Electronics,66.65,6.67,59.99,23.99,5.2,1.85
O505073,2026-05-19,C10137,P2045,1,0.05,54.87,109.92,Sports,109.92,5.5,104.42,54.87,4.19,2.31
O505074,2025-05-19,C10982,P2017,2,0.25,42.64,69.06,Apparel,138.12,34.53,103.59,85.28,4.93,3.09
O505075,2025-02-24,C10233,P2068,2,0.1,54.46,128.05,Home,256.1,25.61,230.49,108.92,3.3,4.92
O505076,2026-05-04,C10482,P2064,3,0.1,92.82,194.3,Sports,582.9,58.29,524.61,278.46,7.48,15.11
O505077,2025-06-30,C10983,P2028,1,0.0,49.21,76.08,Beauty,76.08,0.0,76.08,49.21,5.79,2.13
O505078,2026-03-23,C10438,P2024,2,0.0,38.64,85.56,Electronics,171.12,0.0,171.12,77.28,6.73,4.82
O505079,2025-07-20,C10596,P2066,2,0.05,21.23,45.94,Beauty,91.88,4.59,87.29,42.46,5.05,2.58
O505080,2025-01-30,C11056,P2017,1,0.15,42.64,69.06,Apparel,69.06,10.36,58.7,42.64,5.38,1.22
O505081,2025-04-13,C10120,P2037,3,0.05,19.43,42.14,Home,126.42,6.32,120.1,58.29,4.04,2.57
O505082,2026-03-03,C11055,P2031,1,0.2,54.53,117.07,Sports,117.07,23.41,93.66,54.53,8.61,2.92
O505083,2025-07-14,C11170,P2025,1,0.05,59.62,149.3,Electronics,149.3,7.47,141.84,59.62,4.08,2.6
O505084,2025-11-21,C10218,P2057,3,0.1,24.55,53.8,Beauty,161.4,16.14,145.26,73.65,2.98,4.0
O505085,2026-03-31,C10703,P2074,3,0.1,60.53,130.38,Sports,391.14,39.11,352.03,181.59,5.9,7.68
O505086,2026-05-01,C11163,P2033,2,0.1,102.58,280.83,Apparel,561.66,56.17,505.49,205.16,4.7,9.95
O505087,2025-05-14,C10642,P2040,2,0.0,46.24,112.16,Electronics,224.32,0.0,224.32,92.48,2.84,5.33
O505088,2025-11-15,C10864,P2002,2,0.2,36.16,61.12,Beauty,122.24,24.45,97.79,72.32,2.5,1.93
O505089,2026-03-30,C10229,P2039,1,0.05,88.55,225.55,Beauty,225.55,11.28,214.27,88.55,5.44,5.61
O505090,2026-04-01,C10709,P2049,1,0.0,75.64,173.14,Apparel,173.14,0.0,173.14,75.64,5.67,4.23
O505091,2025-11-15,C10788,P2008,2,0.25,64.11,126.24,Beauty,252.48,63.12,189.36,128.22,5.74,5.51
O505092,2025-11-25,C10069,P2050,2,0.0,47.62,83.27,Beauty,166.54,0.0,166.54,95.24,5.57,4.18
O505093,2025-12-07,C10292,P2077,1,0.1,99.36,190.12,Apparel,190.12,19.01,171.11,99.36,3.84,3.35
O505094,2025-11-19,C10338,P2034,1,0.2,84.74,206.91,Electronics,206.91,41.38,165.53,84.74,3.97,4.13
O505095,2026-05-02,C10291,P2014,3,0.0,105.6,279.48,Beauty,838.44,0.0,838.44,316.8,6.7,26.19
O505096,2026-06-29,C10654,P2038,3,0.0,61.98,100.85,Sports,302.55,0.0,302.55,185.94,5.93,9.13
O505097,2025-07-03,C10722,P2046,1,0.2,41.9,79.58,Sports,79.58,15.92,63.66,41.9,4.22,1.54
O505098,2025-07-02,C10839,P2026,1,0.1,25.88,63.53,Beauty,63.53,6.35,57.18,25.88,5.33,1.4
O505099,2025-02-09,C10680,P2038,1,0.2,61.98,100.85,Sports,100.85,20.17,80.68,61.98,6.36,1.5
O505100,2026-01-01,C10632,P2030,1,0.2,81.44,160.67,Electronics,160.67,32.13,128.54,81.44,6.02,2.84
O505101,2025-04-25,C10863,P2060,1,0.0,91.93,225.41,Sports,225.41,0.0,225.41,91.93,5.13,4.89
O505102,2025-08-19,C10000,P2046,1,0.1,41.9,79.58,Sports,79.58,7.96,71.62,41.9,4.85,1.59
O505103,2026-04-10,C11009,P2031,2,0.15,54.53,117.07,Sports,234.14,35.12,199.02,109.06,4.89,4.4
O505104,2025-01-14,C11045,P2077,2,0.25,99.36,190.12,Apparel,380.24,95.06,285.18,198.72,4.4,8.39
O505105,2025-05-02,C11008,P2079,1,0.2,76.11,150.73,Apparel,150.73,30.15,120.58,76.11,6.69,3.09
O505106,2025-06-28,C10092,P2073,2,0.05,103.53,278.8,Apparel,557.6,27.88,529.72,207.06,2.78,12.08
O505107,2025-04-30,C11182,P2038,1,0.2,61.98,100.85,Sports,100.85,20.17,80.68,61.98,5.28,1.85
O505108,2026-03-12,C10708,P2004,1,0.0,82.13,229.05,Sports,229.05,0.0,229.05,82.13,6.7,5.3
O505109,2026-01-11,C10944,P2037,3,0.2,19.43,42.14,Home,126.42,25.28,101.14,58.29,7.96,3.18
O505110,2026-03-31,C11116,P2071,1,0.1,72.34,202.22,Beauty,202.22,20.22,182.0,72.34,8.53,4.22
O505111,2025-06-04,C10107,P2000,2,0.1,20.01,46.3,Beauty,92.6,9.26,83.34,40.02,6.74,2.42
O505112,2026-04-18,C10298,P2064,3,0.15,92.82,194.3,Sports,582.9,87.44,495.47,278.46,3.42,13.51
O505113,2025-03-15,C11005,P2024,2,0.0,38.64,85.56,Electronics,171.12,0.0,171.12,77.28,4.45,5.31
O505114,2025-08-30,C10859,P2029,3,0.0,30.95,55.54,Apparel,166.62,0.0,166.62,92.85,5.04,3.25
O505115,2025-06-13,C11082,P2012,1,0.1,91.5,250.58,Home,250.58,25.06,225.52,91.5,6.07,5.36
O505116,2025-07-26,C11109,P2069,1,0.15,90.63,175.87,Apparel,175.87,26.38,149.49,90.63,4.86,4.47
O505117,2025-12-16,C10561,P2022,3,0.2,39.69,79.46,Beauty,238.38,47.68,190.7,119.07,5.71,5.49
O505118,2025-04-08,C10474,P2055,2,0.15,14.94,29.55,Sports,59.1,8.86,50.24,29.88,4.9,1.6
O505119,2026-04-05,C10390,P2022,2,0.0,39.69,79.46,Beauty,158.92,0.0,158.92,79.38,5.57,3.31
O505120,2025-12-10,C10441,P2038,1,0.1,61.98,100.85,Sports,100.85,10.09,90.76,61.98,5.72,2.13
O505121,2025-08-21,C10072,P2020,1,0.1,96.28,147.84,Home,147.84,14.78,133.06,96.28,2.5,3.81
O505122,2025-09-20,C10038,P2010,1,0.15,105.58,212.84,Electronics,212.84,31.93,180.91,105.58,4.31,5.78
O505123,2025-07-11,C10869,P2059,3,0.05,74.58,192.13,Electronics,576.39,28.82,547.57,223.74,5.36,16.17
O505124,2025-05-28,C11100,P2023,3,0.15,99.43,207.17,Apparel,621.51,93.23,528.28,298.29,6.0,11.56
O505125,2025-05-27,C10936,P2046,1,0.1,41.9,79.58,Sports,79.58,7.96,71.62,41.9,4.52,1.53
O505126,2026-03-29,C10787,P2012,1,0.05,91.5,250.58,Home,250.58,12.53,238.05,91.5,6.93,5.8
O505127,2025-04-22,C11192,P2054,2,0.0,19.42,50.24,Beauty,100.48,0.0,100.48,38.84,4.55,2.24
O505128,2026-03-31,C10872,P2045,2,0.1,54.87,109.92,Sports,219.84,21.98,197.86,109.74,5.17,4.17
O505129,2026-06-11,C10897,P2075,1,0.0,49.49,125.61,Electronics,125.61,0.0,125.61,49.49,4.51,2.88
O505130,2026-02-09,C10953,P2007,1,0.15,81.19,138.2,Apparel,138.2,20.73,117.47,81.19,5.7,2.83
O505131,2025-10-10,C10427,P2055,1,0.2,14.94,29.55,Sports,29.55,5.91,23.64,14.94,2.95,0.48
O505132,2026-04-20,C10924,P2005,1,0.05,21.42,39.38,Sports,39.38,1.97,37.41,21.42,4.17,1.03
O505133,2025-12-28,C10505,P2053,1,0.0,95.73,175.96,Electronics,175.96,0.0,175.96,95.73,5.98,5.57
O505134,2025-04-27,C10714,P2067,3,0.1,89.48,177.38,Sports,532.14,53.21,478.93,268.44,4.32,13.6
O505135,2026-06-21,C11064,P2015,1,0.0,32.67,56.68,Home,56.68,0.0,56.68,32.67,6.48,1.51
O505136,2026-05-24,C10389,P2014,2,0.15,105.6,279.48,Beauty,558.96,83.84,475.12,211.2,7.35,8.75
O505137,2025-01-06,C10350,P2071,2,0.25,72.34,202.22,Beauty,404.44,101.11,303.33,144.68,8.72,8.68
O505138,2025-06-14,C10381,P2040,3,0.15,46.24,112.16,Electronics,336.48,50.47,286.01,138.72,7.05,7.92
O505139,2025-03-15,C10221,P2031,3,0.15,54.53,117.07,Sports,351.21,52.68,298.53,163.59,4.33,7.45
O505140,2025-02-08,C10371,P2076,3,0.0,94.33,153.36,Apparel,460.08,0.0,460.08,282.99,2.82,13.67
O505141,2025-11-10,C10443,P2020,2,0.1,96.28,147.84,Home,295.68,29.57,266.11,192.56,4.7,5.27
O505142,2025-09-01,C11060,P2015,2,0.05,32.67,56.68,Home,113.36,5.67,107.69,65.34,4.81,2.07
O505143,2025-08-06,C10530,P2032,2,0.0,83.59,176.17,Apparel,352.34,0.0,352.34,167.18,8.29,9.98
O505144,2026-04-19,C10003,P2025,1,0.15,59.62,149.3,Electronics,149.3,22.4,126.91,59.62,5.66,3.12
O505145,2026-04-26,C10251,P2033,2,0.15,102.58,280.83,Apparel,561.66,84.25,477.41,205.16,4.1,11.96
O505146,2025-03-23,C10964,P2050,1,0.15,47.62,83.27,Beauty,83.27,12.49,70.78,47.62,6.21,1.97
O505147,2025-08-08,C10683,P2068,2,0.1,54.46,128.05,Home,256.1,25.61,230.49,108.92,2.5,4.58
O505148,2026-02-18,C10213,P2006,3,0.05,90.83,200.16,Electronics,600.48,30.02,570.46,272.49,2.5,13.04
O505149,2026-05-17,C10533,P2057,2,0.1,24.55,53.8,Beauty,107.6,10.76,96.84,49.1,4.37,1.75
O505150,2026-03-31,C10368,P2065,1,0.15,74.22,160.54,Electronics,160.54,24.08,136.46,74.22,2.78,2.58
O505151,2026-05-23,C10474,P2005,2,0.2,21.42,39.38,Sports,78.76,15.75,63.01,42.84,7.01,1.6
O505152,2025-05-18,C10185,P2035,1,0.1,33.04,85.13,Beauty,85.13,8.51,76.62,33.04,2.5,2.0
O505153,2026-04-18,C11169,P2055,2,0.25,14.94,29.55,Sports,59.1,14.78,44.32,29.88,5.71,0.94
O505154,2025-03-20,C10654,P2053,2,0.0,95.73,175.96,Electronics,351.92,0.0,351.92,191.46,2.5,10.62
O505155,2025-03-16,C10578,P2054,2,0.0,19.42,50.24,Beauty,100.48,0.0,100.48,38.84,4.36,2.87
O505156,2025-12-11,C10156,P2041,1,0.1,53.15,104.66,Apparel,104.66,10.47,94.19,53.15,3.44,1.73
O505157,2025-09-22,C10489,P2039,1,0.2,88.55,225.55,Beauty,225.55,45.11,180.44,88.55,3.84,5.21
O505158,2025-10-06,C10748,P2019,1,0.0,28.46,61.03,Sports,61.03,0.0,61.03,28.46,6.5,1.49
O505159,2025-10-30,C10564,P2009,1,0.15,89.03,195.13,Home,195.13,29.27,165.86,89.03,6.12,3.7
O505160,2025-06-10,C10158,P2077,1,0.15,99.36,190.12,Apparel,190.12,28.52,161.6,99.36,4.85,5.07
O505161,2026-05-12,C11084,P2027,2,0.15,39.51,103.84,Electronics,207.68,31.15,176.53,79.02,4.25,3.37
O505162,2025-12-20,C10851,P2037,1,0.15,19.43,42.14,Home,42.14,6.32,35.82,19.43,3.05,1.13
O505163,2025-11-23,C10957,P2032,2,0.1,83.59,176.17,Apparel,352.34,35.23,317.11,167.18,5.29,8.44
O505164,2026-04-16,C10140,P2037,2,0.05,19.43,42.14,Home,84.28,4.21,80.07,38.86,3.48,2.3
O505165,2025-03-30,C10059,P2045,2,0.1,54.87,109.92,Sports,219.84,21.98,197.86,109.74,3.43,4.79
O505166,2025-05-26,C10844,P2001,1,0.1,67.86,159.31,Electronics,159.31,15.93,143.38,67.86,3.53,4.27
O505167,2025-10-14,C10285,P2018,2,0.1,23.1,60.58,Apparel,121.16,12.12,109.04,46.2,2.97,2.5
O505168,2025-12-08,C10468,P2067,1,0.0,89.48,177.38,Sports,177.38,0.0,177.38,89.48,3.02,3.77
O505169,2025-09-12,C10737,P2024,1,0.1,38.64,85.56,Electronics,85.56,8.56,77.0,38.64,6.65,1.94
O505170,2025-10-25,C10749,P2056,1,0.0,12.18,29.13,Home,29.13,0.0,29.13,12.18,4.34,0.67
O505171,2025-03-29,C10969,P2038,2,0.0,61.98,100.85,Sports,201.7,0.0,201.7,123.96,5.29,5.59
O505172,2025-01-19,C10130,P2019,1,0.0,28.46,61.03,Sports,61.03,0.0,61.03,28.46,5.7,1.16
O505173,2025-10-26,C10274,P2010,1,0.15,105.58,212.84,Electronics,212.84,31.93,180.91,105.58,4.94,3.48
O505174,2025-11-06,C10502,P2060,2,0.1,91.93,225.41,Sports,450.82,45.08,405.74,183.86,3.56,11.69
O505175,2025-10-23,C10545,P2008,1,0.05,64.11,126.24,Beauty,126.24,6.31,119.93,64.11,5.53,3.52
O505176,2026-04-30,C10647,P2036,1,0.1,79.57,186.92,Apparel,186.92,18.69,168.23,79.57,5.92,4.87
O505177,2025-05-16,C10695,P2026,3,0.1,25.88,63.53,Beauty,190.59,19.06,171.53,77.64,6.02,3.27
O505178,2026-06-15,C11044,P2056,1,0.25,12.18,29.13,Home,29.13,7.28,21.85,12.18,3.04,0.5
O505179,2026-04-13,C10918,P2078,1,0.0,80.99,151.9,Beauty,151.9,0.0,151.9,80.99,4.63,3.88
O505180,2026-04-02,C10854,P2046,1,0.25,41.9,79.58,Sports,79.58,19.9,59.68,41.9,3.87,1.75
O505181,2025-01-25,C11158,P2078,1,0.1,80.99,151.9,Beauty,151.9,15.19,136.71,80.99,3.72,3.37
O505182,2025-05-04,C10229,P2004,1,0.2,82.13,229.05,Sports,229.05,45.81,183.24,82.13,3.84,4.16
O505183,2025-12-13,C10964,P2047,1,0.2,23.95,36.37,Sports,36.37,7.27,29.1,23.95,3.85,0.67
O505184,2025-04-10,C10853,P2071,2,0.0,72.34,202.22,Beauty,404.44,0.0,404.44,144.68,4.45,11.08
O505185,2025-05-23,C11057,P2035,1,0.1,33.04,85.13,Beauty,85.13,8.51,76.62,33.04,7.42,1.79
O505186,2026-03-02,C10198,P2073,1,0.0,103.53,278.8,Apparel,278.8,0.0,278.8,103.53,7.39,7.35
O505187,2025-08-22,C11007,P2025,2,0.05,59.62,149.3,Electronics,298.6,14.93,283.67,119.24,5.39,6.77
O505188,2026-06-14,C11119,P2007,1,0.0,81.19,138.2,Apparel,138.2,0.0,138.2,81.19,3.88,3.66
O505189,2026-04-16,C11160,P2056,1,0.05,12.18,29.13,Home,29.13,1.46,27.67,12.18,4.77,0.85
O505190,2026-01-29,C11188,P2075,1,0.1,49.49,125.61,Electronics,125.61,12.56,113.05,49.49,4.55,2.05
O505191,2025-07-21,C10285,P2078,1,0.1,80.99,151.9,Beauty,151.9,15.19,136.71,80.99,3.95,2.63
O505192,2025-05-14,C10940,P2069,2,0.1,90.63,175.87,Apparel,351.74,35.17,316.57,181.26,6.0,6.32
O505193,2025-04-13,C10174,P2006,1,0.15,90.83,200.16,Electronics,200.16,30.02,170.14,90.83,2.5,5.39
O505194,2025-02-21,C10755,P2079,1,0.25,76.11,150.73,Apparel,150.73,37.68,113.05,76.11,5.82,2.87
O505195,2026-04-17,C10859,P2017,3,0.0,42.64,69.06,Apparel,207.18,0.0,207.18,127.92,6.27,6.17
O505196,2026-01-10,C10688,P2013,1,0.0,14.91,32.18,Beauty,32.18,0.0,32.18,14.91,5.63,0.75
O505197,2025-12-11,C10920,P2020,2,0.0,96.28,147.84,Home,295.68,0.0,295.68,192.56,5.05,7.65
O505198,2026-04-05,C11196,P2058,1,0.05,56.31,124.87,Electronics,124.87,6.24,118.63,56.31,4.19,3.55
O505199,2025-10-26,C11127,P2041,2,0.0,53.15,104.66,Apparel,209.32,0.0,209.32,106.3,4.69,5.8
O505200,2026-06-27,C10724,P2069,2,0.0,90.63,175.87,Apparel,351.74,0.0,351.74,181.26,6.39,10.66
O505201,2025-03-12,C10213,P2003,2,0.15,103.86,246.21,Sports,492.42,73.86,418.56,207.72,6.56,12.74
O505202,2025-02-05,C10441,P2065,1,0.1,74.22,160.54,Electronics,160.54,16.05,144.49,74.22,3.49,4.1
O505203,2025-01-29,C10993,P2021,2,0.05,75.19,147.18,Electronics,294.36,14.72,279.64,150.38,5.79,7.09
O505204,2025-02-16,C10971,P2016,3,0.25,23.99,66.65,Electronics,199.95,49.99,149.96,71.97,6.47,3.58
O505205,2026-05-25,C11068,P2070,2,0.25,80.41,185.88,Sports,371.76,92.94,278.82,160.82,7.03,5.08
O505206,2025-08-29,C10621,P2031,1,0.25,54.53,117.07,Sports,117.07,29.27,87.8,54.53,4.46,1.73
O505207,2025-02-13,C10646,P2038,2,0.0,61.98,100.85,Sports,201.7,0.0,201.7,123.96,4.77,6.12
O505208,2025-01-21,C10557,P2063,3,0.1,107.79,241.07,Sports,723.21,72.32,650.89,323.37,5.44,16.3
O505209,2026-03-18,C10499,P2053,2,0.0,95.73,175.96,Electronics,351.92,0.0,351.92,191.46,4.48,7.64
O505210,2026-05-04,C11195,P2045,2,0.05,54.87,109.92,Sports,219.84,10.99,208.85,109.74,7.31,5.39
O505211,2025-09-19,C10994,P2039,1,0.15,88.55,225.55,Beauty,225.55,33.83,191.72,88.55,5.97,4.89
O505212,2026-02-03,C11099,P2065,2,0.1,74.22,160.54,Electronics,321.08,32.11,288.97,148.44,6.3,8.46
O505213,2026-04-12,C10127,P2045,1,0.1,54.87,109.92,Sports,109.92,10.99,98.93,54.87,3.48,2.12
O505214,2025-12-11,C10748,P2020,2,0.15,96.28,147.84,Home,295.68,44.35,251.33,192.56,8.93,7.15
O505215,2025-07-08,C10761,P2062,2,0.1,69.71,151.88,Beauty,303.76,30.38,273.38,139.42,4.72,7.27
O505216,2025-05-18,C10332,P2015,1,0.25,32.67,56.68,Home,56.68,14.17,42.51,32.67,4.24,1.32
O505217,2025-01-12,C10322,P2066,2,0.15,21.23,45.94,Beauty,91.88,13.78,78.1,42.46,7.34,2.17
O505218,2025-09-23,C10098,P2024,1,0.1,38.64,85.56,Electronics,85.56,8.56,77.0,38.64,4.97,1.88
O505219,2025-04-22,C10810,P2001,1,0.2,67.86,159.31,Electronics,159.31,31.86,127.45,67.86,5.28,3.62
O505220,2026-01-22,C10463,P2041,1,0.0,53.15,104.66,Apparel,104.66,0.0,104.66,53.15,5.05,3.32
O505221,2026-05-11,C10051,P2078,1,0.1,80.99,151.9,Beauty,151.9,15.19,136.71,80.99,5.46,3.01
O505222,2026-04-15,C11008,P2052,2,0.1,85.13,212.17,Beauty,424.34,42.43,381.91,170.26,5.55,11.83
O505223,2026-04-02,C11075,P2023,1,0.0,99.43,207.17,Apparel,207.17,0.0,207.17,99.43,3.7,6.09
O505224,2025-06-15,C10568,P2043,1,0.0,34.43,56.92,Electronics,56.92,0.0,56.92,34.43,5.45,1.09
O505225,2025-05-02,C10472,P2007,2,0.05,81.19,138.2,Apparel,276.4,13.82,262.58,162.38,4.42,7.85
O505226,2025-07-23,C10003,P2025,1,0.0,59.62,149.3,Electronics,149.3,0.0,149.3,59.62,7.18,3.26
O505227,2025-11-22,C10211,P2034,1,0.2,84.74,206.91,Electronics,206.91,41.38,165.53,84.74,6.51,4.17
O505228,2026-03-27,C10514,P2000,1,0.2,20.01,46.3,Beauty,46.3,9.26,37.04,20.01,4.15,1.12
O505229,2025-02-26,C10772,P2041,3,0.0,53.15,104.66,Apparel,313.98,0.0,313.98,159.45,4.86,8.83
O505230,2025-08-16,C11086,P2077,3,0.0,99.36,190.12,Apparel,570.36,0.0,570.36,298.08,5.91,13.03
O505231,2025-06-06,C10346,P2031,1,0.2,54.53,117.07,Sports,117.07,23.41,93.66,54.53,3.63,2.47
O505232,2025-11-07,C10190,P2021,3,0.05,75.19,147.18,Electronics,441.54,22.08,419.46,225.57,7.72,8.33
O505233,2025-04-05,C11111,P2045,1,0.0,54.87,109.92,Sports,109.92,0.0,109.92,54.87,6.1,2.16
O505234,2025-04-08,C10731,P2005,1,0.15,21.42,39.38,Sports,39.38,5.91,33.47,21.42,5.54,0.75
O505235,2026-04-14,C10383,P2029,1,0.25,30.95,55.54,Apparel,55.54,13.88,41.66,30.95,6.02,0.79
O505236,2025-11-16,C10760,P2044,1,0.0,96.39,166.51,Electronics,166.51,0.0,166.51,96.39,4.84,3.71
O505237,2025-10-17,C10251,P2023,2,0.1,99.43,207.17,Apparel,414.34,41.43,372.91,198.86,4.65,8.55
O505238,2025-02-12,C10892,P2030,2,0.05,81.44,160.67,Electronics,321.34,16.07,305.27,162.88,3.05,6.4
O505239,2025-05-22,C10022,P2002,1,0.0,36.16,61.12,Beauty,61.12,0.0,61.12,36.16,4.55,1.91
O505240,2025-01-31,C10937,P2053,2,0.0,95.73,175.96,Electronics,351.92,0.0,351.92,191.46,7.34,8.47
O505241,2026-05-25,C10685,P2050,2,0.0,47.62,83.27,Beauty,166.54,0.0,166.54,95.24,6.03,4.26
O505242,2025-07-09,C10997,P2021,2,0.1,75.19,147.18,Electronics,294.36,29.44,264.92,150.38,6.02,5.11
O505243,2026-06-22,C10620,P2028,1,0.25,49.21,76.08,Beauty,76.08,19.02,57.06,49.21,5.76,1.68
O505244,2026-04-14,C10580,P2049,1,0.0,75.64,173.14,Apparel,173.14,0.0,173.14,75.64,4.56,5.52
O505245,2025-10-26,C10482,P2005,3,0.1,21.42,39.38,Sports,118.14,11.81,106.33,64.26,6.03,3.35
O505246,2025-04-04,C10434,P2065,1,0.05,74.22,160.54,Electronics,160.54,8.03,152.51,74.22,6.89,4.61
O505247,2025-04-11,C10996,P2054,2,0.0,19.42,50.24,Beauty,100.48,0.0,100.48,38.84,6.48,2.26
O505248,2025-07-26,C10144,P2013,2,0.2,14.91,32.18,Beauty,64.36,12.87,51.49,29.82,3.46,1.54
O505249,2025-05-30,C10373,P2076,2,0.05,94.33,153.36,Apparel,306.72,15.34,291.38,188.66,4.54,6.5
O505250,2025-12-28,C10445,P2006,3,0.1,90.83,200.16,Electronics,600.48,60.05,540.43,272.49,3.51,13.16
O505251,2025-10-13,C10310,P2006,2,0.1,90.83,200.16,Electronics,400.32,40.03,360.29,181.66,5.77,8.88
O505252,2025-09-03,C11173,P2051,1,0.0,21.09,56.25,Home,56.25,0.0,56.25,21.09,5.09,1.19
O505253,2025-02-09,C10236,P2031,1,0.05,54.53,117.07,Sports,117.07,5.85,111.22,54.53,5.31,2.38
O505254,2026-06-06,C10403,P2061,2,0.25,92.46,150.56,Sports,301.12,75.28,225.84,184.92,7.27,5.4
O505255,2026-06-14,C10183,P2066,3,0.0,21.23,45.94,Beauty,137.82,0.0,137.82,63.69,6.91,2.97
O505256,2026-01-12,C10909,P2074,2,0.05,60.53,130.38,Sports,260.76,13.04,247.72,121.06,6.7,6.08
O505257,2025-09-07,C10923,P2047,2,0.15,23.95,36.37,Sports,72.74,10.91,61.83,47.9,6.44,1.53
O505258,2025-01-16,C10556,P2051,1,0.1,21.09,56.25,Home,56.25,5.62,50.62,21.09,2.87,1.62
O505259,2025-11-03,C10383,P2053,2,0.25,95.73,175.96,Electronics,351.92,87.98,263.94,191.46,4.81,7.01
O505260,2025-07-15,C10745,P2050,1,0.15,47.62,83.27,Beauty,83.27,12.49,70.78,47.62,6.13,1.41
O505261,2025-11-19,C11145,P2010,1,0.2,105.58,212.84,Electronics,212.84,42.57,170.27,105.58,3.9,3.14
O505262,2025-11-05,C10858,P2008,1,0.05,64.11,126.24,Beauty,126.24,6.31,119.93,64.11,6.0,3.4
O505263,2026-06-05,C10288,P2067,2,0.1,89.48,177.38,Sports,354.76,35.48,319.28,178.96,6.15,8.59
O505264,2025-03-02,C10429,P2001,2,0.1,67.86,159.31,Electronics,318.62,31.86,286.76,135.72,3.32,7.76
O505265,2026-04-21,C10913,P2074,2,0.2,60.53,130.38,Sports,260.76,52.15,208.61,121.06,5.33,5.49
O505266,2026-06-21,C10569,P2040,1,0.0,46.24,112.16,Electronics,112.16,0.0,112.16,46.24,5.88,2.75
O505267,2025-04-30,C10347,P2074,3,0.25,60.53,130.38,Sports,391.14,97.78,293.36,181.59,2.5,8.87
O505268,2026-06-17,C10032,P2036,1,0.1,79.57,186.92,Apparel,186.92,18.69,168.23,79.57,3.89,5.14
O505269,2025-01-19,C10826,P2056,2,0.2,12.18,29.13,Home,58.26,11.65,46.61,24.36,5.55,0.92
O505270,2025-04-01,C10848,P2004,1,0.0,82.13,229.05,Sports,229.05,0.0,229.05,82.13,3.56,4.73
O505271,2026-02-01,C10684,P2036,1,0.0,79.57,186.92,Apparel,186.92,0.0,186.92,79.57,5.88,4.34
O505272,2025-12-27,C10422,P2067,3,0.0,89.48,177.38,Sports,532.14,0.0,532.14,268.44,6.53,14.52
O505273,2026-01-03,C10031,P2048,2,0.1,26.01,65.12,Home,130.24,13.02,117.22,52.02,3.55,2.44
O505274,2025-04-04,C10937,P2031,1,0.1,54.53,117.07,Sports,117.07,11.71,105.36,54.53,2.89,2.54
O505275,2026-05-18,C11125,P2003,1,0.2,103.86,246.21,Sports,246.21,49.24,196.97,103.86,2.5,6.05
O505276,2026-03-13,C10894,P2028,1,0.0,49.21,76.08,Beauty,76.08,0.0,76.08,49.21,5.15,1.46
O505277,2025-08-21,C10391,P2063,2,0.05,107.79,241.07,Sports,482.14,24.11,458.03,215.58,4.94,11.93
O505278,2025-01-15,C10704,P2077,1,0.1,99.36,190.12,Apparel,190.12,19.01,171.11,99.36,4.17,4.58
O505279,2025-10-01,C10506,P2028,2,0.0,49.21,76.08,Beauty,152.16,0.0,152.16,98.42,6.17,3.01
O505280,2025-06-03,C11022,P2015,3,0.0,32.67,56.68,Home,170.04,0.0,170.04,98.01,4.77,3.39
O505281,2025-04-18,C10535,P2000,1,0.0,20.01,46.3,Beauty,46.3,0.0,46.3,20.01,5.17,0.96
O505282,2025-11-21,C10987,P2040,2,0.15,46.24,112.16,Electronics,224.32,33.65,190.67,92.48,3.38,4.73
O505283,2025-11-19,C10999,P2036,2,0.0,79.57,186.92,Apparel,373.84,0.0,373.84,159.14,5.07,7.71
O505284,2025-03-22,C11187,P2020,1,0.2,96.28,147.84,Home,147.84,29.57,118.27,96.28,4.85,2.99
O505285,2025-09-29,C10018,P2074,1,0.0,60.53,130.38,Sports,130.38,0.0,130.38,60.53,4.84,2.68
O505286,2025-03-30,C11154,P2071,2,0.05,72.34,202.22,Beauty,404.44,20.22,384.22,144.68,5.23,7.7
O505287,2025-10-13,C10627,P2078,3,0.2,80.99,151.9,Beauty,455.7,91.14,364.56,242.97,3.83,9.98
O505288,2026-02-23,C10821,P2043,1,0.15,34.43,56.92,Electronics,56.92,8.54,48.38,34.43,2.82,0.97
O505289,2025-09-04,C11133,P2000,2,0.2,20.01,46.3,Beauty,92.6,18.52,74.08,40.02,5.96,2.11
O505290,2025-04-19,C10642,P2007,1,0.0,81.19,138.2,Apparel,138.2,0.0,138.2,81.19,5.1,3.89
O505291,2026-01-27,C11082,P2057,3,0.05,24.55,53.8,Beauty,161.4,8.07,153.33,73.65,2.5,4.6
O505292,2025-06-07,C10866,P2034,3,0.0,84.74,206.91,Electronics,620.73,0.0,620.73,254.22,4.76,14.28
O505293,2026-02-18,C10547,P2058,2,0.1,56.31,124.87,Electronics,249.74,24.97,224.77,112.62,3.81,4.58
O505294,2025-08-30,C11053,P2006,1,0.0,90.83,200.16,Electronics,200.16,0.0,200.16,90.83,5.8,3.69
O505295,2025-07-02,C10194,P2017,1,0.2,42.64,69.06,Apparel,69.06,13.81,55.25,42.64,5.17,1.65
O505296,2025-12-08,C10888,P2055,1,0.0,14.94,29.55,Sports,29.55,0.0,29.55,14.94,3.4,0.85
O505297,2025-10-26,C11017,P2016,1,0.1,23.99,66.65,Electronics,66.65,6.67,59.99,23.99,5.56,1.66
O505298,2025-08-04,C10869,P2021,1,0.1,75.19,147.18,Electronics,147.18,14.72,132.46,75.19,5.31,3.47
O505299,2025-09-17,C11122,P2032,2,0.1,83.59,176.17,Apparel,352.34,35.23,317.11,167.18,5.14,9.94
O505300,2025-06-17,C10612,P2029,3,0.05,30.95,55.54,Apparel,166.62,8.33,158.29,92.85,4.74,3.31
O505301,2025-09-08,C10585,P2025,1,0.25,59.62,149.3,Electronics,149.3,37.33,111.98,59.62,3.65,3.56
O505302,2026-05-19,C10778,P2014,2,0.25,105.6,279.48,Beauty,558.96,139.74,419.22,211.2,4.84,8.56
O505303,2025-04-09,C10729,P2056,1,0.1,12.18,29.13,Home,29.13,2.91,26.22,12.18,4.06,0.76
O505304,2026-04-19,C10055,P2002,1,0.0,36.16,61.12,Beauty,61.12,0.0,61.12,36.16,3.71,1.18
O505305,2025-05-06,C10137,P2061,3,0.1,92.46,150.56,Sports,451.68,45.17,406.51,277.38,4.06,12.32
O505306,2025-09-25,C10299,P2005,2,0.05,21.42,39.38,Sports,78.76,3.94,74.82,42.84,4.4,1.82
O505307,2025-07-18,C11115,P2055,1,0.15,14.94,29.55,Sports,29.55,4.43,25.12,14.94,4.26,0.79
O505308,2025-04-02,C11020,P2077,1,0.05,99.36,190.12,Apparel,190.12,9.51,180.61,99.36,4.01,3.93
O505309,2025-12-31,C10573,P2039,1,0.1,88.55,225.55,Beauty,225.55,22.56,203.0,88.55,4.76,5.3
O505310,2026-06-03,C10842,P2014,1,0.1,105.6,279.48,Beauty,279.48,27.95,251.53,105.6,3.38,5.4
O505311,2025-12-15,C10264,P2036,1,0.0,79.57,186.92,Apparel,186.92,0.0,186.92,79.57,6.2,5.75
O505312,2025-10-08,C10950,P2030,1,0.05,81.44,160.67,Electronics,160.67,8.03,152.64,81.44,3.63,3.26
O505313,2025-06-19,C11193,P2051,2,0.15,21.09,56.25,Home,112.5,16.88,95.62,42.18,3.95,2.29
O505314,2026-02-18,C10033,P2046,1,0.0,41.9,79.58,Sports,79.58,0.0,79.58,41.9,5.81,1.68
O505315,2025-02-21,C10503,P2059,1,0.0,74.58,192.13,Electronics,192.13,0.0,192.13,74.58,5.98,4.28
O505316,2026-02-15,C10324,P2039,2,0.1,88.55,225.55,Beauty,451.1,45.11,405.99,177.1,4.57,9.59
O505317,2026-02-27,C10118,P2014,1,0.2,105.6,279.48,Beauty,279.48,55.9,223.58,105.6,4.02,4.53
O505318,2025-03-27,C11095,P2068,3,0.05,54.46,128.05,Home,384.15,19.21,364.94,163.38,7.87,7.68
O505319,2025-01-26,C10324,P2000,1,0.1,20.01,46.3,Beauty,46.3,4.63,41.67,20.01,4.69,1.17
O505320,2025-06-16,C10200,P2071,2,0.05,72.34,202.22,Beauty,404.44,20.22,384.22,144.68,5.7,8.19
O505321,2025-03-30,C11038,P2002,1,0.2,36.16,61.12,Beauty,61.12,12.22,48.9,36.16,2.59,1.37
O505322,2025-09-29,C10990,P2019,3,0.05,28.46,61.03,Sports,183.09,9.15,173.94,85.38,4.27,3.84
O505323,2025-06-24,C10848,P2046,3,0.05,41.9,79.58,Sports,238.74,11.94,226.8,125.7,5.99,6.37
O505324,2025-05-09,C10016,P2023,2,0.05,99.43,207.17,Apparel,414.34,20.72,393.62,198.86,6.34,10.51
O505325,2025-03-27,C10085,P2046,1,0.05,41.9,79.58,Sports,79.58,3.98,75.6,41.9,4.93,2.02
O505326,2025-01-14,C10594,P2043,2,0.05,34.43,56.92,Electronics,113.84,5.69,108.15,68.86,6.88,2.04
O505327,2026-01-15,C10578,P2043,1,0.05,34.43,56.92,Electronics,56.92,2.85,54.07,34.43,5.18,1.04
O505328,2025-02-10,C10827,P2053,3,0.15,95.73,175.96,Electronics,527.88,79.18,448.7,287.19,2.5,10.29
O505329,2026-06-13,C10839,P2042,1,0.05,21.36,43.17,Sports,43.17,2.16,41.01,21.36,3.51,1.29
O505330,2025-03-21,C10170,P2025,1,0.0,59.62,149.3,Electronics,149.3,0.0,149.3,59.62,5.05,4.27
O505331,2026-05-22,C10391,P2077,1,0.1,99.36,190.12,Apparel,190.12,19.01,171.11,99.36,6.79,3.44
O505332,2026-01-15,C10860,P2057,1,0.2,24.55,53.8,Beauty,53.8,10.76,43.04,24.55,4.4,1.04
O505333,2025-10-17,C10248,P2064,2,0.0,92.82,194.3,Sports,388.6,0.0,388.6,185.64,4.41,11.59
O505334,2026-06-30,C10487,P2023,1,0.1,99.43,207.17,Apparel,207.17,20.72,186.45,99.43,6.69,5.4
O505335,2025-07-01,C10684,P2001,3,0.15,67.86,159.31,Electronics,477.93,71.69,406.24,203.58,3.47,10.42
O505336,2025-08-26,C11009,P2077,1,0.15,99.36,190.12,Apparel,190.12,28.52,161.6,99.36,5.2,4.94
O505337,2025-09-04,C10624,P2002,2,0.15,36.16,61.12,Beauty,122.24,18.34,103.9,72.32,7.15,3.17
O505338,2025-08-06,C10251,P2041,1,0.05,53.15,104.66,Apparel,104.66,5.23,99.43,53.15,6.16,2.5
O505339,2025-11-26,C10526,P2026,3,0.25,25.88,63.53,Beauty,190.59,47.65,142.94,77.64,4.32,4.39
O505340,2025-06-03,C11041,P2026,1,0.1,25.88,63.53,Beauty,63.53,6.35,57.18,25.88,5.96,1.51
O505341,2025-06-07,C10625,P2072,2,0.0,85.85,152.66,Sports,305.32,0.0,305.32,171.7,5.76,7.18
O505342,2025-06-20,C10435,P2067,3,0.0,89.48,177.38,Sports,532.14,0.0,532.14,268.44,4.18,13.13
O505343,2025-04-30,C10786,P2066,1,0.2,21.23,45.94,Beauty,45.94,9.19,36.75,21.23,4.92,1.08
O505344,2025-05-28,C10816,P2007,1,0.05,81.19,138.2,Apparel,138.2,6.91,131.29,81.19,4.07,2.88
O505345,2025-09-07,C11077,P2023,1,0.05,99.43,207.17,Apparel,207.17,10.36,196.81,99.43,2.5,5.08
O505346,2026-06-12,C10585,P2001,1,0.2,67.86,159.31,Electronics,159.31,31.86,127.45,67.86,6.81,2.94
O505347,2026-02-09,C11095,P2025,2,0.1,59.62,149.3,Electronics,298.6,29.86,268.74,119.24,5.42,7.07
O505348,2025-05-31,C10349,P2007,2,0.1,81.19,138.2,Apparel,276.4,27.64,248.76,162.38,3.34,7.87
O505349,2025-11-08,C10463,P2049,1,0.0,75.64,173.14,Apparel,173.14,0.0,173.14,75.64,6.42,3.48
O505350,2026-06-17,C11099,P2002,1,0.0,36.16,61.12,Beauty,61.12,0.0,61.12,36.16,4.11,1.45
O505351,2025-06-12,C10228,P2019,1,0.05,28.46,61.03,Sports,61.03,3.05,57.98,28.46,5.17,1.57
O505352,2025-02-25,C10223,P2053,2,0.15,95.73,175.96,Electronics,351.92,52.79,299.13,191.46,6.64,5.43
O505353,2026-02-20,C10186,P2051,1,0.0,21.09,56.25,Home,56.25,0.0,56.25,21.09,3.56,1.08
O505354,2026-04-08,C10391,P2026,3,0.2,25.88,63.53,Beauty,190.59,38.12,152.47,77.64,2.5,4.2
O505355,2025-06-29,C10632,P2023,1,0.0,99.43,207.17,Apparel,207.17,0.0,207.17,99.43,6.09,5.88
O505356,2025-03-20,C10451,P2011,1,0.15,25.59,43.62,Electronics,43.62,6.54,37.08,25.59,7.01,0.89
O505357,2026-03-11,C10241,P2079,2,0.05,76.11,150.73,Apparel,301.46,15.07,286.39,152.22,4.18,8.61
O505358,2025-10-11,C11167,P2063,1,0.1,107.79,241.07,Sports,241.07,24.11,216.96,107.79,5.92,5.11
O505359,2025-09-02,C10548,P2054,2,0.05,19.42,50.24,Beauty,100.48,5.02,95.46,38.84,5.79,1.96
O505360,2025-12-06,C10662,P2039,1,0.15,88.55,225.55,Beauty,225.55,33.83,191.72,88.55,6.77,5.79
O505361,2025-02-11,C11149,P2034,1,0.0,84.74,206.91,Electronics,206.91,0.0,206.91,84.74,4.37,5.0
O505362,2025-10-27,C10697,P2058,1,0.1,56.31,124.87,Electronics,124.87,12.49,112.38,56.31,4.33,3.36
O505363,2025-03-04,C10109,P2045,1,0.15,54.87,109.92,Sports,109.92,16.49,93.43,54.87,7.92,2.34
O505364,2026-06-19,C10135,P2021,2,0.0,75.19,147.18,Electronics,294.36,0.0,294.36,150.38,6.62,7.35
O505365,2026-01-31,C10971,P2038,2,0.0,61.98,100.85,Sports,201.7,0.0,201.7,123.96,4.58,4.16
O505366,2025-01-07,C10739,P2067,3,0.25,89.48,177.38,Sports,532.14,133.04,399.1,268.44,4.59,9.5
O505367,2025-02-18,C10082,P2025,2,0.05,59.62,149.3,Electronics,298.6,14.93,283.67,119.24,4.5,8.83
O505368,2025-11-02,C11129,P2068,2,0.1,54.46,128.05,Home,256.1,25.61,230.49,108.92,4.9,6.71
O505369,2025-11-10,C10694,P2018,1,0.15,23.1,60.58,Apparel,60.58,9.09,51.49,23.1,3.46,1.19
O505370,2026-03-25,C10366,P2021,1,0.1,75.19,147.18,Electronics,147.18,14.72,132.46,75.19,5.96,3.94
O505371,2025-12-11,C11178,P2063,2,0.1,107.79,241.07,Sports,482.14,48.21,433.93,215.58,4.47,9.32
O505372,2025-01-30,C10453,P2055,2,0.1,14.94,29.55,Sports,59.1,5.91,53.19,29.88,2.5,1.16
O505373,2026-03-21,C10593,P2058,2,0.1,56.31,124.87,Electronics,249.74,24.97,224.77,112.62,3.35,4.78
O505374,2026-05-25,C10814,P2044,2,0.0,96.39,166.51,Electronics,333.02,0.0,333.02,192.78,2.5,10.38
O505375,2026-04-24,C10633,P2046,1,0.1,41.9,79.58,Sports,79.58,7.96,71.62,41.9,7.04,2.22
O505376,2025-02-28,C10076,P2030,1,0.05,81.44,160.67,Electronics,160.67,8.03,152.64,81.44,5.42,3.47
O505377,2025-11-23,C10802,P2032,2,0.15,83.59,176.17,Apparel,352.34,52.85,299.49,167.18,6.41,7.5
O505378,2026-04-05,C10583,P2021,2,0.1,75.19,147.18,Electronics,294.36,29.44,264.92,150.38,6.67,5.76
O505379,2025-01-26,C11055,P2039,1,0.0,88.55,225.55,Beauty,225.55,0.0,225.55,88.55,5.39,5.84
O505380,2025-06-06,C10177,P2074,1,0.15,60.53,130.38,Sports,130.38,19.56,110.82,60.53,3.47,2.23
O505381,2025-06-13,C10385,P2013,2,0.05,14.91,32.18,Beauty,64.36,3.22,61.14,29.82,4.57,1.74
O505382,2025-11-24,C10602,P2003,2,0.05,103.86,246.21,Sports,492.42,24.62,467.8,207.72,5.63,10.88
O505383,2025-07-14,C10583,P2007,1,0.05,81.19,138.2,Apparel,138.2,6.91,131.29,81.19,6.34,2.8
O505384,2025-06-13,C11086,P2042,1,0.05,21.36,43.17,Sports,43.17,2.16,41.01,21.36,3.62,1.18
O505385,2026-06-30,C10294,P2046,2,0.2,41.9,79.58,Sports,159.16,31.83,127.33,83.8,6.59,2.8
O505386,2025-12-30,C10031,P2065,2,0.25,74.22,160.54,Electronics,321.08,80.27,240.81,148.44,4.63,6.58
O505387,2025-03-22,C10613,P2034,2,0.2,84.74,206.91,Electronics,413.82,82.76,331.06,169.48,3.81,9.48
O505388,2025-12-11,C10020,P2068,1,0.05,54.46,128.05,Home,128.05,6.4,121.65,54.46,4.7,2.26
O505389,2025-12-04,C10225,P2050,3,0.1,47.62,83.27,Beauty,249.81,24.98,224.83,142.86,4.64,5.8
O505390,2025-07-03,C11154,P2043,2,0.25,34.43,56.92,Electronics,113.84,28.46,85.38,68.86,5.43,1.66
O505391,2026-04-13,C10924,P2036,1,0.15,79.57,186.92,Apparel,186.92,28.04,158.88,79.57,5.46,4.53
O505392,2026-05-08,C10840,P2071,2,0.25,72.34,202.22,Beauty,404.44,101.11,303.33,144.68,6.55,8.64
O505393,2026-02-18,C10764,P2024,1,0.1,38.64,85.56,Electronics,85.56,8.56,77.0,38.64,5.16,1.54
O505394,2025-06-25,C10985,P2063,3,0.1,107.79,241.07,Sports,723.21,72.32,650.89,323.37,3.97,19.35
O505395,2025-12-19,C10309,P2024,2,0.2,38.64,85.56,Electronics,171.12,34.22,136.9,77.28,5.7,2.72
O505396,2025-10-21,C10084,P2008,2,0.15,64.11,126.24,Beauty,252.48,37.87,214.61,128.22,5.4,5.84
O505397,2025-08-07,C10039,P2052,2,0.05,85.13,212.17,Beauty,424.34,21.22,403.12,170.26,2.5,8.89
O505398,2025-04-20,C10078,P2018,3,0.1,23.1,60.58,Apparel,181.74,18.17,163.57,69.3,5.84,3.76
O505399,2025-03-14,C10878,P2022,3,0.25,39.69,79.46,Beauty,238.38,59.6,178.78,119.07,4.38,3.4
O505400,2025-11-30,C10776,P2029,1,0.05,30.95,55.54,Apparel,55.54,2.78,52.76,30.95,5.42,1.14
O505401,2025-01-24,C10566,P2002,2,0.05,36.16,61.12,Beauty,122.24,6.11,116.13,72.32,6.34,3.69
O505402,2025-01-01,C10136,P2027,1,0.15,39.51,103.84,Electronics,103.84,15.58,88.26,39.51,7.72,2.12
O505403,2025-10-09,C10183,P2057,2,0.15,24.55,53.8,Beauty,107.6,16.14,91.46,49.1,5.44,2.58
O505404,2025-08-01,C10677,P2019,1,0.1,28.46,61.03,Sports,61.03,6.1,54.93,28.46,4.52,1.41
O505405,2025-08-30,C10726,P2070,1,0.2,80.41,185.88,Sports,185.88,37.18,148.7,80.41,6.78,2.68
O505406,2025-09-11,C10966,P2016,1,0.05,23.99,66.65,Electronics,66.65,3.33,63.32,23.99,2.75,1.16
O505407,2026-04-08,C11103,P2008,1,0.15,64.11,126.24,Beauty,126.24,18.94,107.3,64.11,2.7,3.23
O505408,2025-01-12,C10710,P2057,1,0.1,24.55,53.8,Beauty,53.8,5.38,48.42,24.55,4.21,1.54
O505409,2025-12-02,C10848,P2041,3,0.1,53.15,104.66,Apparel,313.98,31.4,282.58,159.45,6.23,7.78
O505410,2025-10-10,C10334,P2029,1,0.1,30.95,55.54,Apparel,55.54,5.55,49.99,30.95,5.5,0.98
O505411,2025-09-21,C10175,P2069,1,0.05,90.63,175.87,Apparel,175.87,8.79,167.08,90.63,4.64,4.48
O505412,2025-02-04,C10803,P2038,1,0.25,61.98,100.85,Sports,100.85,25.21,75.64,61.98,6.39,1.51
O505413,2025-06-29,C11030,P2008,1,0.1,64.11,126.24,Beauty,126.24,12.62,113.62,64.11,4.15,3.52
O505414,2025-09-08,C10364,P2069,2,0.1,90.63,175.87,Apparel,351.74,35.17,316.57,181.26,5.24,8.16
O505415,2025-12-08,C10115,P2054,2,0.25,19.42,50.24,Beauty,100.48,25.12,75.36,38.84,7.11,2.25
O505416,2025-09-22,C10540,P2039,3,0.15,88.55,225.55,Beauty,676.65,101.5,575.15,265.65,5.31,15.85
O505417,2025-02-02,C10726,P2010,1,0.15,105.58,212.84,Electronics,212.84,31.93,180.91,105.58,5.09,5.52
O505418,2025-10-05,C10987,P2024,1,0.1,38.64,85.56,Electronics,85.56,8.56,77.0,38.64,4.58,1.9
O505419,2025-04-17,C10352,P2001,3,0.2,67.86,159.31,Electronics,477.93,95.59,382.34,203.58,4.21,11.14
O505420,2025-05-09,C10413,P2045,1,0.05,54.87,109.92,Sports,109.92,5.5,104.42,54.87,4.26,2.84
O505421,2025-12-10,C10462,P2046,1,0.1,41.9,79.58,Sports,79.58,7.96,71.62,41.9,5.69,1.92
O505422,2025-07-15,C11074,P2068,3,0.0,54.46,128.05,Home,384.15,0.0,384.15,163.38,3.05,8.12
O505423,2025-04-23,C10856,P2039,2,0.0,88.55,225.55,Beauty,451.1,0.0,451.1,177.1,6.7,10.74
O505424,2026-01-09,C10101,P2076,1,0.05,94.33,153.36,Apparel,153.36,7.67,145.69,94.33,6.6,4.39
O505425,2025-05-22,C11073,P2070,3,0.05,80.41,185.88,Sports,557.64,27.88,529.76,241.23,7.67,10.66
O505426,2025-11-22,C10697,P2014,1,0.2,105.6,279.48,Beauty,279.48,55.9,223.58,105.6,5.62,4.44
O505427,2026-02-14,C10073,P2042,3,0.05,21.36,43.17,Sports,129.51,6.48,123.03,64.08,9.07,2.55
O505428,2025-01-09,C10033,P2028,1,0.0,49.21,76.08,Beauty,76.08,0.0,76.08,49.21,6.11,1.54
O505429,2025-10-04,C10337,P2047,1,0.1,23.95,36.37,Sports,36.37,3.64,32.73,23.95,4.86,0.73
O505430,2026-01-26,C10882,P2035,1,0.1,33.04,85.13,Beauty,85.13,8.51,76.62,33.04,2.86,1.49
O505431,2025-03-02,C10054,P2025,1,0.2,59.62,149.3,Electronics,149.3,29.86,119.44,59.62,8.54,3.41
O505432,2025-08-01,C10418,P2043,2,0.0,34.43,56.92,Electronics,113.84,0.0,113.84,68.86,5.67,3.16
O505433,2025-04-16,C10994,P2079,1,0.1,76.11,150.73,Apparel,150.73,15.07,135.66,76.11,8.88,4.02
O505434,2026-03-13,C11165,P2066,1,0.0,21.23,45.94,Beauty,45.94,0.0,45.94,21.23,2.5,1.07
O505435,2026-01-04,C10419,P2055,2,0.1,14.94,29.55,Sports,59.1,5.91,53.19,29.88,4.08,1.44
O505436,2025-02-10,C10371,P2011,1,0.1,25.59,43.62,Electronics,43.62,4.36,39.26,25.59,3.46,0.79
O505437,2025-10-09,C11142,P2055,1,0.1,14.94,29.55,Sports,29.55,2.96,26.6,14.94,5.42,0.71
O505438,2025-10-07,C11189,P2018,3,0.05,23.1,60.58,Apparel,181.74,9.09,172.65,69.3,4.28,4.53
O505439,2025-10-23,C11068,P2017,1,0.0,42.64,69.06,Apparel,69.06,0.0,69.06,42.64,2.5,2.05
O505440,2026-04-23,C10724,P2010,2,0.1,105.58,212.84,Electronics,425.68,42.57,383.11,211.16,2.5,11.83
O505441,2025-11-08,C10812,P2025,1,0.0,59.62,149.3,Electronics,149.3,0.0,149.3,59.62,4.98,3.18
O505442,2025-09-05,C10930,P2016,2,0.05,23.99,66.65,Electronics,133.3,6.67,126.64,47.98,5.07,3.74
O505443,2025-06-06,C10267,P2030,1,0.0,81.44,160.67,Electronics,160.67,0.0,160.67,81.44,4.85,3.28
O505444,2025-04-24,C10079,P2020,2,0.15,96.28,147.84,Home,295.68,44.35,251.33,192.56,6.91,6.05
O505445,2026-05-12,C10660,P2013,1,0.1,14.91,32.18,Beauty,32.18,3.22,28.96,14.91,2.5,0.92
O505446,2025-06-06,C10470,P2029,1,0.1,30.95,55.54,Apparel,55.54,5.55,49.99,30.95,5.44,0.96
O505447,2026-05-12,C10861,P2020,2,0.1,96.28,147.84,Home,295.68,29.57,266.11,192.56,6.19,6.7
O505448,2026-06-03,C10036,P2079,2,0.2,76.11,150.73,Apparel,301.46,60.29,241.17,152.22,7.49,7.11
O505449,2025-01-05,C11195,P2013,1,0.0,14.91,32.18,Beauty,32.18,0.0,32.18,14.91,5.07,0.7
O505450,2026-06-28,C11175,P2059,1,0.05,74.58,192.13,Electronics,192.13,9.61,182.52,74.58,4.3,3.98
O505451,2026-01-29,C10419,P2021,1,0.15,75.19,147.18,Electronics,147.18,22.08,125.1,75.19,5.55,2.79
O505452,2026-02-15,C11194,P2010,3,0.2,105.58,212.84,Electronics,638.52,127.7,510.82,316.74,8.51,11.58
O505453,2025-07-26,C10557,P2029,1,0.0,30.95,55.54,Apparel,55.54,0.0,55.54,30.95,3.37,1.67
O505454,2025-10-07,C11166,P2000,2,0.1,20.01,46.3,Beauty,92.6,9.26,83.34,40.02,5.04,2.2
O505455,2025-04-13,C10633,P2062,3,0.1,69.71,151.88,Beauty,455.64,45.56,410.08,209.13,3.34,8.69
O505456,2025-04-09,C10597,P2023,1,0.1,99.43,207.17,Apparel,207.17,20.72,186.45,99.43,3.98,3.93
O505457,2025-07-17,C11046,P2056,1,0.25,12.18,29.13,Home,29.13,7.28,21.85,12.18,3.57,0.59
O505458,2026-02-05,C10444,P2006,1,0.15,90.83,200.16,Electronics,200.16,30.02,170.14,90.83,5.67,3.59
O505459,2025-10-09,C10666,P2072,1,0.0,85.85,152.66,Sports,152.66,0.0,152.66,85.85,7.08,3.93
O505460,2025-11-18,C10776,P2027,1,0.25,39.51,103.84,Electronics,103.84,25.96,77.88,39.51,4.57,1.61
O505461,2025-05-13,C10221,P2009,1,0.1,89.03,195.13,Home,195.13,19.51,175.62,89.03,6.56,4.19
O505462,2026-04-08,C10832,P2052,3,0.05,85.13,212.17,Beauty,636.51,31.83,604.68,255.39,6.23,18.95
O505463,2026-05-05,C10324,P2005,1,0.0,21.42,39.38,Sports,39.38,0.0,39.38,21.42,5.37,0.98
O505464,2025-11-30,C10138,P2078,2,0.15,80.99,151.9,Beauty,303.8,45.57,258.23,161.98,3.38,6.96
O505465,2025-05-22,C11123,P2006,3,0.15,90.83,200.16,Electronics,600.48,90.07,510.41,272.49,5.27,14.03
O505466,2025-02-16,C10160,P2034,3,0.05,84.74,206.91,Electronics,620.73,31.04,589.69,254.22,3.84,14.89
O505467,2025-06-11,C10950,P2077,2,0.2,99.36,190.12,Apparel,380.24,76.05,304.19,198.72,5.24,7.44
O505468,2025-03-05,C10435,P2075,3,0.1,49.49,125.61,Electronics,376.83,37.68,339.15,148.47,2.5,7.9
O505469,2025-08-14,C10136,P2043,1,0.2,34.43,56.92,Electronics,56.92,11.38,45.54,34.43,5.17,1.41
O505470,2025-07-25,C10241,P2012,1,0.1,91.5,250.58,Home,250.58,25.06,225.52,91.5,6.59,4.36
O505471,2026-06-01,C10963,P2024,2,0.1,38.64,85.56,Electronics,171.12,17.11,154.01,77.28,6.07,3.8
O505472,2025-06-06,C10643,P2060,1,0.05,91.93,225.41,Sports,225.41,11.27,214.14,91.93,3.84,4.59
O505473,2025-08-13,C11174,P2007,1,0.2,81.19,138.2,Apparel,138.2,27.64,110.56,81.19,8.43,3.24
O505474,2025-06-12,C10778,P2073,2,0.0,103.53,278.8,Apparel,557.6,0.0,557.6,207.06,4.31,17.35
O505475,2026-06-17,C10156,P2064,2,0.05,92.82,194.3,Sports,388.6,19.43,369.17,185.64,5.56,7.46
O505476,2025-03-15,C11102,P2037,2,0.1,19.43,42.14,Home,84.28,8.43,75.85,38.86,5.1,1.9
O505477,2025-07-18,C10714,P2010,1,0.0,105.58,212.84,Electronics,212.84,0.0,212.84,105.58,2.5,5.43
O505478,2025-12-25,C10259,P2050,1,0.05,47.62,83.27,Beauty,83.27,4.16,79.11,47.62,5.59,1.82
O505479,2026-05-27,C10558,P2022,1,0.0,39.69,79.46,Beauty,79.46,0.0,79.46,39.69,5.2,2.16
O505480,2025-10-27,C10486,P2006,1,0.05,90.83,200.16,Electronics,200.16,10.01,190.15,90.83,5.85,4.38
O505481,2025-09-03,C10882,P2026,1,0.0,25.88,63.53,Beauty,63.53,0.0,63.53,25.88,6.63,1.64
O505482,2025-07-19,C10709,P2019,3,0.0,28.46,61.03,Sports,183.09,0.0,183.09,85.38,5.18,5.06
O505483,2025-03-10,C10200,P2070,2,0.1,80.41,185.88,Sports,371.76,37.18,334.58,160.82,3.8,9.97
O505484,2025-11-28,C10801,P2064,3,0.05,92.82,194.3,Sports,582.9,29.15,553.76,278.46,7.22,10.49
O505485,2025-05-15,C11163,P2000,1,0.1,20.01,46.3,Beauty,46.3,4.63,41.67,20.01,5.55,1.02
O505486,2025-05-10,C10078,P2042,1,0.1,21.36,43.17,Sports,43.17,4.32,38.85,21.36,7.75,0.79
O505487,2025-10-25,C10691,P2032,2,0.05,83.59,176.17,Apparel,352.34,17.62,334.72,167.18,5.7,9.22
O505488,2025-05-13,C10505,P2001,3,0.15,67.86,159.31,Electronics,477.93,71.69,406.24,203.58,3.99,8.14
O505489,2026-01-28,C10762,P2072,2,0.1,85.85,152.66,Sports,305.32,30.53,274.79,171.7,7.98,5.59
O505490,2025-03-07,C10879,P2004,3,0.05,82.13,229.05,Sports,687.15,34.36,652.79,246.39,3.79,17.51
O505491,2025-09-19,C10221,P2051,2,0.1,21.09,56.25,Home,112.5,11.25,101.25,42.18,5.73,3.14
O505492,2025-11-02,C10300,P2022,2,0.15,39.69,79.46,Beauty,158.92,23.84,135.08,79.38,5.51,3.93
O505493,2025-04-05,C10941,P2013,3,0.1,14.91,32.18,Beauty,96.54,9.65,86.89,44.73,2.5,2.71
O505494,2026-01-06,C10803,P2075,1,0.2,49.49,125.61,Electronics,125.61,25.12,100.49,49.49,5.03,2.6
O505495,2025-05-02,C11057,P2012,2,0.05,91.5,250.58,Home,501.16,25.06,476.1,183.0,3.83,14.63
O505496,2025-09-28,C10090,P2015,3,0.05,32.67,56.68,Home,170.04,8.5,161.54,98.01,4.8,4.15
O505497,2025-01-04,C11131,P2028,1,0.15,49.21,76.08,Beauty,76.08,11.41,64.67,49.21,4.2,1.92
O505498,2025-07-03,C10638,P2018,3,0.2,23.1,60.58,Apparel,181.74,36.35,145.39,69.3,5.87,4.18
O505499,2026-04-17,C10313,P2027,2,0.05,39.51,103.84,Electronics,207.68,10.38,197.3,79.02,3.81,3.59
O505500,2025-03-15,C10568,P2008,2,0.2,64.11,126.24,Beauty,252.48,50.5,201.98,128.22,4.17,4.59
O505501,2025-04-19,C11107,P2024,2,0.1,38.64,85.56,Electronics,171.12,17.11,154.01,77.28,3.04,4.57
O505502,2026-06-17,C10753,P2025,3,0.1,59.62,149.3,Electronics,447.9,44.79,403.11,178.86,4.64,11.65
O505503,2026-01-15,C10500,P2005,1,0.05,21.42,39.38,Sports,39.38,1.97,37.41,21.42,6.25,1.16
O505504,2025-12-18,C10607,P2039,1,0.05,88.55,225.55,Beauty,225.55,11.28,214.27,88.55,4.98,4.68
O505505,2025-02-11,C10285,P2067,1,0.1,89.48,177.38,Sports,177.38,17.74,159.64,89.48,6.86,4.41
O505506,2025-06-27,C10789,P2012,2,0.25,91.5,250.58,Home,501.16,125.29,375.87,183.0,7.2,8.64
O505507,2025-02-02,C10529,P2057,1,0.25,24.55,53.8,Beauty,53.8,13.45,40.35,24.55,3.99,1.25
O505508,2026-03-07,C10364,P2067,2,0.05,89.48,177.38,Sports,354.76,17.74,337.02,178.96,5.99,6.12
O505509,2025-08-31,C10227,P2066,3,0.1,21.23,45.94,Beauty,137.82,13.78,124.04,63.69,3.02,3.94
O505510,2025-04-24,C10895,P2016,2,0.0,23.99,66.65,Electronics,133.3,0.0,133.3,47.98,5.11,2.43
O505511,2025-03-31,C10486,P2011,1,0.05,25.59,43.62,Electronics,43.62,2.18,41.44,25.59,4.93,1.23
O505512,2026-03-13,C10729,P2006,1,0.0,90.83,200.16,Electronics,200.16,0.0,200.16,90.83,4.11,4.2
O505513,2025-10-13,C10163,P2011,2,0.15,25.59,43.62,Electronics,87.24,13.09,74.15,51.18,6.03,2.05
O505514,2025-08-08,C10080,P2048,1,0.0,26.01,65.12,Home,65.12,0.0,65.12,26.01,4.29,1.48
O505515,2025-11-27,C11122,P2001,1,0.15,67.86,159.31,Electronics,159.31,23.9,135.41,67.86,4.43,3.87
O505516,2026-02-14,C10493,P2075,1,0.0,49.49,125.61,Electronics,125.61,0.0,125.61,49.49,4.3,2.49
O505517,2026-01-11,C11180,P2066,1,0.0,21.23,45.94,Beauty,45.94,0.0,45.94,21.23,4.76,1.14
O505518,2026-03-19,C10845,P2073,2,0.1,103.53,278.8,Apparel,557.6,55.76,501.84,207.06,4.49,14.9
O505519,2025-07-01,C10210,P2073,2,0.05,103.53,278.8,Apparel,557.6,27.88,529.72,207.06,3.77,14.27
O505520,2025-04-07,C11087,P2024,2,0.0,38.64,85.56,Electronics,171.12,0.0,171.12,77.28,4.6,4.2
O505521,2025-03-22,C10581,P2002,1,0.0,36.16,61.12,Beauty,61.12,0.0,61.12,36.16,5.51,1.4
O505522,2025-01-17,C11056,P2015,1,0.0,32.67,56.68,Home,56.68,0.0,56.68,32.67,3.2,1.22
O505523,2026-05-06,C11056,P2056,3,0.25,12.18,29.13,Home,87.39,21.85,65.54,36.54,9.42,1.39
O505524,2026-01-15,C11078,P2028,1,0.05,49.21,76.08,Beauty,76.08,3.8,72.28,49.21,3.48,1.45
O505525,2025-08-10,C10300,P2032,1,0.0,83.59,176.17,Apparel,176.17,0.0,176.17,83.59,5.24,3.34
O505526,2025-11-11,C10884,P2000,2,0.15,20.01,46.3,Beauty,92.6,13.89,78.71,40.02,6.54,2.32
O505527,2025-03-28,C11164,P2015,1,0.1,32.67,56.68,Home,56.68,5.67,51.01,32.67,2.73,1.02
O505528,2026-03-21,C11030,P2022,1,0.05,39.69,79.46,Beauty,79.46,3.97,75.49,39.69,7.49,2.28
O505529,2025-02-09,C10985,P2035,1,0.1,33.04,85.13,Beauty,85.13,8.51,76.62,33.04,2.5,1.84
O505530,2025-09-08,C10119,P2020,1,0.1,96.28,147.84,Home,147.84,14.78,133.06,96.28,5.31,2.69
O505531,2025-09-14,C10570,P2028,1,0.1,49.21,76.08,Beauty,76.08,7.61,68.47,49.21,6.62,1.25
O505532,2026-02-17,C11055,P2018,1,0.05,23.1,60.58,Apparel,60.58,3.03,57.55,23.1,4.09,1.26
O505533,2025-07-17,C10456,P2060,2,0.05,91.93,225.41,Sports,450.82,22.54,428.28,183.86,4.03,9.49
O505534,2025-09-08,C10205,P2068,1,0.0,54.46,128.05,Home,128.05,0.0,128.05,54.46,7.5,2.64
O505535,2026-06-12,C11171,P2035,1,0.15,33.04,85.13,Beauty,85.13,12.77,72.36,33.04,3.31,1.37
O505536,2026-02-04,C10436,P2025,2,0.1,59.62,149.3,Electronics,298.6,29.86,268.74,119.24,6.29,6.68
O505537,2025-11-23,C10453,P2003,1,0.05,103.86,246.21,Sports,246.21,12.31,233.9,103.86,4.29,6.33
O505538,2025-03-05,C10072,P2041,2,0.15,53.15,104.66,Apparel,209.32,31.4,177.92,106.3,5.21,3.66
O505539,2026-01-17,C11196,P2024,2,0.0,38.64,85.56,Electronics,171.12,0.0,171.12,77.28,3.19,4.73
O505540,2025-03-21,C10250,P2079,3,0.2,76.11,150.73,Apparel,452.19,90.44,361.75,228.33,4.15,8.14
O505541,2025-04-13,C10585,P2035,2,0.05,33.04,85.13,Beauty,170.26,8.51,161.75,66.08,6.91,3.11
O505542,2025-02-12,C11147,P2075,1,0.15,49.49,125.61,Electronics,125.61,18.84,106.77,49.49,3.1,2.87
O505543,2025-07-08,C10656,P2026,1,0.25,25.88,63.53,Beauty,63.53,15.88,47.65,25.88,6.39,1.41
O505544,2025-02-21,C10638,P2002,2,0.1,36.16,61.12,Beauty,122.24,12.22,110.02,72.32,7.0,2.59
O505545,2025-09-21,C10615,P2024,1,0.0,38.64,85.56,Electronics,85.56,0.0,85.56,38.64,5.31,1.93
O505546,2025-08-21,C10000,P2049,2,0.05,75.64,173.14,Apparel,346.28,17.31,328.97,151.28,5.77,9.78
O505547,2026-02-17,C10510,P2053,3,0.2,95.73,175.96,Electronics,527.88,105.58,422.3,287.19,5.79,8.88
O505548,2025-03-05,C10109,P2026,1,0.25,25.88,63.53,Beauty,63.53,15.88,47.65,25.88,5.1,1.15
O505549,2025-11-07,C10857,P2072,1,0.25,85.85,152.66,Sports,152.66,38.16,114.5,85.85,4.76,3.06
O505550,2025-07-23,C10797,P2019,2,0.2,28.46,61.03,Sports,122.06,24.41,97.65,56.92,6.34,2.91
O505551,2026-01-29,C10015,P2052,1,0.15,85.13,212.17,Beauty,212.17,31.83,180.34,85.13,6.0,3.81
O505552,2026-05-29,C10498,P2018,3,0.0,23.1,60.58,Apparel,181.74,0.0,181.74,69.3,2.5,3.45
O505553,2026-06-19,C10102,P2045,2,0.05,54.87,109.92,Sports,219.84,10.99,208.85,109.74,3.81,4.23
O505554,2025-03-01,C11089,P2053,2,0.0,95.73,175.96,Electronics,351.92,0.0,351.92,191.46,6.68,9.69
O505555,2026-04-11,C10627,P2046,1,0.2,41.9,79.58,Sports,79.58,15.92,63.66,41.9,3.54,1.52
O505556,2025-02-17,C10447,P2079,2,0.05,76.11,150.73,Apparel,301.46,15.07,286.39,152.22,3.82,8.36
O505557,2025-12-18,C10066,P2008,1,0.0,64.11,126.24,Beauty,126.24,0.0,126.24,64.11,7.26,2.76
O505558,2025-03-27,C10345,P2013,3,0.1,14.91,32.18,Beauty,96.54,9.65,86.89,44.73,6.06,2.67
O505559,2025-10-05,C10093,P2002,2,0.05,36.16,61.12,Beauty,122.24,6.11,116.13,72.32,5.28,3.32
O505560,2025-09-20,C10977,P2035,2,0.2,33.04,85.13,Beauty,170.26,34.05,136.21,66.08,5.59,3.9
O505561,2025-10-09,C11106,P2054,1,0.0,19.42,50.24,Beauty,50.24,0.0,50.24,19.42,5.39,1.11
O505562,2025-01-12,C10804,P2056,2,0.15,12.18,29.13,Home,58.26,8.74,49.52,24.36,3.38,1.42
O505563,2026-04-10,C10957,P2003,1,0.05,103.86,246.21,Sports,246.21,12.31,233.9,103.86,5.99,5.91
O505564,2025-05-14,C10426,P2042,2,0.0,21.36,43.17,Sports,86.34,0.0,86.34,42.72,3.32,2.59
O505565,2026-06-24,C10355,P2052,3,0.05,85.13,212.17,Beauty,636.51,31.83,604.68,255.39,6.54,16.98
O505566,2025-05-09,C10968,P2048,1,0.25,26.01,65.12,Home,65.12,16.28,48.84,26.01,6.97,1.44
O505567,2026-03-16,C10458,P2045,1,0.05,54.87,109.92,Sports,109.92,5.5,104.42,54.87,4.47,1.91
O505568,2025-10-17,C11051,P2044,3,0.15,96.39,166.51,Electronics,499.53,74.93,424.6,289.17,5.84,13.34
O505569,2026-06-16,C10801,P2027,2,0.1,39.51,103.84,Electronics,207.68,20.77,186.91,79.02,5.82,5.65
O505570,2026-01-24,C10622,P2076,2,0.1,94.33,153.36,Apparel,306.72,30.67,276.05,188.66,3.88,8.05
O505571,2025-11-11,C10421,P2079,2,0.05,76.11,150.73,Apparel,301.46,15.07,286.39,152.22,2.6,8.82
O505572,2026-04-22,C10523,P2055,1,0.0,14.94,29.55,Sports,29.55,0.0,29.55,14.94,5.4,0.56
O505573,2026-04-24,C10382,P2062,2,0.0,69.71,151.88,Beauty,303.76,0.0,303.76,139.42,6.76,8.46
O505574,2025-03-21,C10565,P2028,1,0.05,49.21,76.08,Beauty,76.08,3.8,72.28,49.21,5.45,1.39
O505575,2025-03-17,C10887,P2063,3,0.0,107.79,241.07,Sports,723.21,0.0,723.21,323.37,3.58,13.8
O505576,2025-02-08,C11156,P2043,1,0.0,34.43,56.92,Electronics,56.92,0.0,56.92,34.43,4.48,1.12
O505577,2026-06-17,C10865,P2029,1,0.25,30.95,55.54,Apparel,55.54,13.88,41.66,30.95,3.94,1.08
O505578,2026-02-13,C10319,P2051,2,0.15,21.09,56.25,Home,112.5,16.88,95.62,42.18,4.89,1.93
O505579,2025-06-03,C10485,P2044,1,0.25,96.39,166.51,Electronics,166.51,41.63,124.88,96.39,5.3,3.17
O505580,2025-04-13,C10997,P2065,1,0.1,74.22,160.54,Electronics,160.54,16.05,144.49,74.22,5.53,2.64
O505581,2025-07-28,C10281,P2057,3,0.0,24.55,53.8,Beauty,161.4,0.0,161.4,73.65,4.75,3.2
O505582,2025-11-24,C10406,P2030,2,0.2,81.44,160.67,Electronics,321.34,64.27,257.07,162.88,5.64,6.1
O505583,2025-11-04,C10970,P2041,2,0.15,53.15,104.66,Apparel,209.32,31.4,177.92,106.3,4.54,5.14
O505584,2025-10-15,C11080,P2032,1,0.0,83.59,176.17,Apparel,176.17,0.0,176.17,83.59,4.73,4.49
O505585,2026-03-10,C10887,P2035,2,0.1,33.04,85.13,Beauty,170.26,17.03,153.23,66.08,5.76,2.83
O505586,2025-01-27,C10993,P2074,3,0.1,60.53,130.38,Sports,391.14,39.11,352.03,181.59,7.54,9.24
O505587,2025-07-26,C11040,P2007,3,0.05,81.19,138.2,Apparel,414.6,20.73,393.87,243.57,4.61,8.62
O505588,2025-12-24,C11036,P2044,1,0.25,96.39,166.51,Electronics,166.51,41.63,124.88,96.39,6.62,2.78
O505589,2025-06-28,C10116,P2068,1,0.15,54.46,128.05,Home,128.05,19.21,108.84,54.46,4.42,2.04
O505590,2025-02-14,C10807,P2066,2,0.05,21.23,45.94,Beauty,91.88,4.59,87.29,42.46,3.97,1.98
O505591,2025-04-02,C10822,P2056,1,0.0,12.18,29.13,Home,29.13,0.0,29.13,12.18,2.78,0.66
O505592,2026-04-16,C10642,P2054,1,0.15,19.42,50.24,Beauty,50.24,7.54,42.7,19.42,3.35,1.2
O505593,2025-04-29,C10771,P2017,1,0.1,42.64,69.06,Apparel,69.06,6.91,62.15,42.64,4.36,1.62
O505594,2025-06-21,C10113,P2021,2,0.15,75.19,147.18,Electronics,294.36,44.15,250.21,150.38,2.88,7.63
O505595,2025-01-16,C10022,P2048,2,0.2,26.01,65.12,Home,130.24,26.05,104.19,52.02,5.98,2.73
O505596,2026-04-01,C11128,P2011,2,0.0,25.59,43.62,Electronics,87.24,0.0,87.24,51.18,6.15,2.48
O505597,2025-07-21,C10033,P2018,1,0.05,23.1,60.58,Apparel,60.58,3.03,57.55,23.1,3.27,1.27
O505598,2026-01-11,C10149,P2032,1,0.15,83.59,176.17,Apparel,176.17,26.43,149.74,83.59,4.38,3.66
O505599,2025-01-05,C10185,P2069,1,0.0,90.63,175.87,Apparel,175.87,0.0,175.87,90.63,4.41,5.02
O505600,2025-09-08,C10121,P2042,1,0.1,21.36,43.17,Sports,43.17,4.32,38.85,21.36,4.96,1.01
O505601,2025-01-01,C10820,P2067,2,0.15,89.48,177.38,Sports,354.76,53.21,301.55,178.96,5.47,6.47
O505602,2025-05-21,C10613,P2072,1,0.15,85.85,152.66,Sports,152.66,22.9,129.76,85.85,7.1,2.78
O505603,2025-01-27,C10418,P2006,2,0.0,90.83,200.16,Electronics,400.32,0.0,400.32,181.66,7.24,9.63
O505604,2025-06-07,C11012,P2056,2,0.0,12.18,29.13,Home,58.26,0.0,58.26,24.36,4.93,1.54
O505605,2026-04-19,C10444,P2019,1,0.05,28.46,61.03,Sports,61.03,3.05,57.98,28.46,4.32,1.59
O505606,2025-07-06,C11048,P2023,1,0.0,99.43,207.17,Apparel,207.17,0.0,207.17,99.43,5.1,6.6
O505607,2025-06-23,C10140,P2000,1,0.1,20.01,46.3,Beauty,46.3,4.63,41.67,20.01,4.14,1.09
O505608,2026-05-31,C10410,P2070,2,0.15,80.41,185.88,Sports,371.76,55.76,316.0,160.82,4.7,8.28
O505609,2025-06-05,C10511,P2047,1,0.0,23.95,36.37,Sports,36.37,0.0,36.37,23.95,5.25,0.8
O505610,2026-03-23,C11121,P2013,3,0.15,14.91,32.18,Beauty,96.54,14.48,82.06,44.73,6.38,2.13
O505611,2025-02-12,C11153,P2046,1,0.25,41.9,79.58,Sports,79.58,19.9,59.68,41.9,6.68,1.79
O505612,2026-03-30,C10218,P2062,3,0.15,69.71,151.88,Beauty,455.64,68.35,387.29,209.13,7.4,12.08
O505613,2026-03-31,C11146,P2035,1,0.1,33.04,85.13,Beauty,85.13,8.51,76.62,33.04,2.5,2.26
O505614,2025-05-04,C10945,P2048,2,0.0,26.01,65.12,Home,130.24,0.0,130.24,52.02,3.11,3.37
O505615,2025-07-15,C10403,P2024,3,0.15,38.64,85.56,Electronics,256.68,38.5,218.18,115.92,4.75,6.06
O505616,2025-05-09,C10688,P2030,3,0.0,81.44,160.67,Electronics,482.01,0.0,482.01,244.32,6.17,14.75
O505617,2025-07-18,C10225,P2072,2,0.15,85.85,152.66,Sports,305.32,45.8,259.52,171.7,6.39,5.43
O505618,2026-06-24,C10778,P2011,1,0.15,25.59,43.62,Electronics,43.62,6.54,37.08,25.59,5.76,1.09
O505619,2025-11-13,C10213,P2024,1,0.2,38.64,85.56,Electronics,85.56,17.11,68.45,38.64,5.43,1.85
O505620,2025-06-12,C11022,P2012,1,0.15,91.5,250.58,Home,250.58,37.59,212.99,91.5,6.22,5.24
O505621,2026-02-14,C10666,P2038,1,0.05,61.98,100.85,Sports,100.85,5.04,95.81,61.98,3.12,2.15
O505622,2025-02-24,C10325,P2064,1,0.15,92.82,194.3,Sports,194.3,29.14,165.16,92.82,6.13,3.39
O505623,2025-01-09,C10201,P2048,3,0.15,26.01,65.12,Home,195.36,29.3,166.06,78.03,4.05,5.09
O505624,2026-04-13,C10211,P2018,2,0.05,23.1,60.58,Apparel,121.16,6.06,115.1,46.2,4.63,3.33
O505625,2025-04-07,C10496,P2004,1,0.1,82.13,229.05,Sports,229.05,22.9,206.14,82.13,6.66,4.9
O505626,2026-01-11,C10222,P2071,2,0.0,72.34,202.22,Beauty,404.44,0.0,404.44,144.68,4.24,10.76
O505627,2025-04-15,C10072,P2037,1,0.0,19.43,42.14,Home,42.14,0.0,42.14,19.43,3.75,1.02
O505628,2025-06-12,C10865,P2037,1,0.15,19.43,42.14,Home,42.14,6.32,35.82,19.43,3.65,1.11
O505629,2026-04-20,C10502,P2033,2,0.1,102.58,280.83,Apparel,561.66,56.17,505.49,205.16,6.5,9.43
O505630,2025-06-20,C10374,P2058,1,0.2,56.31,124.87,Electronics,124.87,24.97,99.9,56.31,5.32,2.1
O505631,2025-06-30,C10978,P2047,1,0.1,23.95,36.37,Sports,36.37,3.64,32.73,23.95,4.01,0.73
O505632,2025-03-04,C11114,P2007,1,0.05,81.19,138.2,Apparel,138.2,6.91,131.29,81.19,6.03,3.07
O505633,2026-06-08,C10525,P2020,1,0.2,96.28,147.84,Home,147.84,29.57,118.27,96.28,3.55,2.19
O505634,2025-12-24,C10770,P2004,2,0.2,82.13,229.05,Sports,458.1,91.62,366.48,164.26,3.75,11.62
O505635,2025-12-11,C11139,P2044,2,0.25,96.39,166.51,Electronics,333.02,83.26,249.76,192.78,5.54,6.33
O505636,2025-02-28,C10787,P2048,2,0.1,26.01,65.12,Home,130.24,13.02,117.22,52.02,4.4,2.32
O505637,2025-06-23,C10169,P2035,1,0.1,33.04,85.13,Beauty,85.13,8.51,76.62,33.04,4.58,2.1
O505638,2025-10-24,C11064,P2067,1,0.0,89.48,177.38,Sports,177.38,0.0,177.38,89.48,4.91,5.26
O505639,2025-07-02,C10348,P2002,2,0.15,36.16,61.12,Beauty,122.24,18.34,103.9,72.32,2.5,2.92
O505640,2026-01-05,C10146,P2028,2,0.15,49.21,76.08,Beauty,152.16,22.82,129.34,98.42,2.5,2.61
O505641,2025-03-26,C11000,P2002,1,0.1,36.16,61.12,Beauty,61.12,6.11,55.01,36.16,6.14,1.36
O505642,2026-05-30,C11150,P2008,1,0.05,64.11,126.24,Beauty,126.24,6.31,119.93,64.11,4.7,3.3
O505643,2026-05-19,C10551,P2060,2,0.05,91.93,225.41,Sports,450.82,22.54,428.28,183.86,2.91,8.62
O505644,2026-01-26,C10591,P2023,2,0.1,99.43,207.17,Apparel,414.34,41.43,372.91,198.86,4.49,11.17
O505645,2025-06-29,C10103,P2064,1,0.0,92.82,194.3,Sports,194.3,0.0,194.3,92.82,5.43,5.13
O505646,2025-03-01,C10090,P2022,1,0.2,39.69,79.46,Beauty,79.46,15.89,63.57,39.69,5.8,1.58
O505647,2025-11-15,C10944,P2018,1,0.05,23.1,60.58,Apparel,60.58,3.03,57.55,23.1,7.41,1.66
O505648,2026-04-30,C10240,P2000,2,0.1,20.01,46.3,Beauty,92.6,9.26,83.34,40.02,4.35,1.93
O505649,2026-01-25,C10661,P2064,2,0.0,92.82,194.3,Sports,388.6,0.0,388.6,185.64,3.74,10.42
O505650,2025-10-27,C10810,P2027,1,0.0,39.51,103.84,Electronics,103.84,0.0,103.84,39.51,4.9,2.24
O505651,2026-04-06,C10831,P2040,1,0.1,46.24,112.16,Electronics,112.16,11.22,100.94,46.24,4.67,2.72
O505652,2025-05-19,C10088,P2048,3,0.0,26.01,65.12,Home,195.36,0.0,195.36,78.03,3.57,5.86
O505653,2026-06-21,C10664,P2043,1,0.1,34.43,56.92,Electronics,56.92,5.69,51.23,34.43,2.81,1.51
O505654,2025-10-18,C10806,P2047,1,0.0,23.95,36.37,Sports,36.37,0.0,36.37,23.95,3.54,0.9
O505655,2026-03-30,C10460,P2045,3,0.1,54.87,109.92,Sports,329.76,32.98,296.78,164.61,4.91,8.82
O505656,2025-09-04,C11077,P2019,2,0.2,28.46,61.03,Sports,122.06,24.41,97.65,56.92,5.92,1.95
O505657,2025-02-05,C10655,P2072,2,0.1,85.85,152.66,Sports,305.32,30.53,274.79,171.7,6.21,8.68
O505658,2025-06-15,C11190,P2050,1,0.05,47.62,83.27,Beauty,83.27,4.16,79.11,47.62,5.89,2.35
O505659,2025-12-16,C10279,P2047,2,0.05,23.95,36.37,Sports,72.74,3.64,69.1,47.9,3.01,1.65
O505660,2026-05-17,C10734,P2031,1,0.0,54.53,117.07,Sports,117.07,0.0,117.07,54.53,2.5,2.42
O505661,2025-11-20,C10808,P2003,1,0.05,103.86,246.21,Sports,246.21,12.31,233.9,103.86,3.87,4.47
O505662,2026-01-07,C10553,P2047,2,0.25,23.95,36.37,Sports,72.74,18.18,54.55,47.9,6.92,1.21
O505663,2025-09-22,C10480,P2050,2,0.15,47.62,83.27,Beauty,166.54,24.98,141.56,95.24,4.85,4.31
O505664,2025-09-20,C10136,P2047,2,0.05,23.95,36.37,Sports,72.74,3.64,69.1,47.9,6.27,1.66
O505665,2026-06-03,C10379,P2032,1,0.1,83.59,176.17,Apparel,176.17,17.62,158.55,83.59,5.92,4.9
O505666,2025-06-02,C11011,P2027,1,0.0,39.51,103.84,Electronics,103.84,0.0,103.84,39.51,3.8,2.65
O505667,2026-01-26,C10072,P2012,1,0.1,91.5,250.58,Home,250.58,25.06,225.52,91.5,3.54,6.54
O505668,2025-08-13,C10108,P2038,1,0.2,61.98,100.85,Sports,100.85,20.17,80.68,61.98,5.47,2.3
O505669,2025-02-23,C10899,P2077,1,0.2,99.36,190.12,Apparel,190.12,38.02,152.1,99.36,4.92,2.76
O505670,2025-08-22,C10927,P2065,1,0.1,74.22,160.54,Electronics,160.54,16.05,144.49,74.22,5.74,2.84
O505671,2025-09-09,C10260,P2078,1,0.05,80.99,151.9,Beauty,151.9,7.6,144.3,80.99,5.12,3.31
O505672,2025-04-10,C10070,P2012,1,0.1,91.5,250.58,Home,250.58,25.06,225.52,91.5,4.87,4.47
O505673,2025-05-08,C10594,P2010,1,0.0,105.58,212.84,Electronics,212.84,0.0,212.84,105.58,2.63,4.55
O505674,2025-09-03,C10917,P2048,1,0.0,26.01,65.12,Home,65.12,0.0,65.12,26.01,3.82,1.37
O505675,2025-10-15,C10430,P2071,2,0.15,72.34,202.22,Beauty,404.44,60.67,343.77,144.68,2.55,10.43
O505676,2025-11-04,C10080,P2051,1,0.05,21.09,56.25,Home,56.25,2.81,53.44,21.09,2.58,1.7
O505677,2025-08-28,C11049,P2062,1,0.15,69.71,151.88,Beauty,151.88,22.78,129.1,69.71,5.85,2.76
O505678,2025-03-03,C10456,P2053,1,0.1,95.73,175.96,Electronics,175.96,17.6,158.36,95.73,7.5,4.63
O505679,2025-11-18,C10280,P2056,2,0.15,12.18,29.13,Home,58.26,8.74,49.52,24.36,5.62,1.14
O505680,2026-01-11,C10590,P2051,1,0.1,21.09,56.25,Home,56.25,5.62,50.62,21.09,5.17,0.98
O505681,2026-03-15,C10748,P2026,2,0.1,25.88,63.53,Beauty,127.06,12.71,114.35,51.76,4.34,3.64
O505682,2025-07-21,C10045,P2074,2,0.0,60.53,130.38,Sports,260.76,0.0,260.76,121.06,4.98,7.03
O505683,2025-09-25,C10596,P2072,1,0.15,85.85,152.66,Sports,152.66,22.9,129.76,85.85,5.91,3.16
O505684,2025-12-02,C10589,P2037,1,0.05,19.43,42.14,Home,42.14,2.11,40.03,19.43,3.44,1.0
O505685,2026-01-01,C10502,P2005,2,0.0,21.42,39.38,Sports,78.76,0.0,78.76,42.84,2.5,1.81
O505686,2025-07-14,C10955,P2014,1,0.15,105.6,279.48,Beauty,279.48,41.92,237.56,105.6,4.15,4.62
O505687,2025-06-13,C11156,P2079,1,0.1,76.11,150.73,Apparel,150.73,15.07,135.66,76.11,3.83,2.91
O505688,2025-04-26,C10301,P2071,1,0.1,72.34,202.22,Beauty,202.22,20.22,182.0,72.34,4.43,4.03
O505689,2026-06-24,C10543,P2061,1,0.1,92.46,150.56,Sports,150.56,15.06,135.5,92.46,3.14,3.3
O505690,2026-04-11,C10952,P2004,3,0.15,82.13,229.05,Sports,687.15,103.07,584.08,246.39,5.67,17.89
O505691,2025-03-08,C10049,P2012,3,0.1,91.5,250.58,Home,751.74,75.17,676.57,274.5,4.32,15.23
O505692,2025-11-05,C10336,P2049,2,0.15,75.64,173.14,Apparel,346.28,51.94,294.34,151.28,2.64,6.0
O505693,2025-04-01,C10128,P2055,2,0.0,14.94,29.55,Sports,59.1,0.0,59.1,29.88,3.28,1.76
O505694,2025-10-28,C10366,P2051,2,0.2,21.09,56.25,Home,112.5,22.5,90.0,42.18,4.09,1.8
O505695,2026-04-05,C10568,P2029,2,0.15,30.95,55.54,Apparel,111.08,16.66,94.42,61.9,7.19,2.41
O505696,2025-09-27,C10891,P2011,3,0.1,25.59,43.62,Electronics,130.86,13.09,117.77,76.77,3.75,2.69
O505697,2025-01-06,C10380,P2064,1,0.1,92.82,194.3,Sports,194.3,19.43,174.87,92.82,4.18,4.31
O505698,2025-07-07,C11179,P2056,2,0.1,12.18,29.13,Home,58.26,5.83,52.43,24.36,4.17,1.6
O505699,2025-03-18,C10248,P2046,2,0.25,41.9,79.58,Sports,159.16,39.79,119.37,83.8,6.31,3.31
O505700,2025-10-17,C10617,P2031,3,0.1,54.53,117.07,Sports,351.21,35.12,316.09,163.59,3.37,6.94
O505701,2025-05-07,C10124,P2031,3,0.05,54.53,117.07,Sports,351.21,17.56,333.65,163.59,6.84,9.83
O505702,2025-12-04,C10734,P2026,1,0.0,25.88,63.53,Beauty,63.53,0.0,63.53,25.88,4.51,1.94
O505703,2025-05-13,C10843,P2035,1,0.05,33.04,85.13,Beauty,85.13,4.26,80.87,33.04,7.07,1.72
O505704,2025-04-29,C10623,P2050,1,0.0,47.62,83.27,Beauty,83.27,0.0,83.27,47.62,3.77,2.52
O505705,2025-04-27,C10851,P2068,3,0.0,54.46,128.05,Home,384.15,0.0,384.15,163.38,5.58,10.91
O505706,2025-04-02,C10317,P2062,1,0.2,69.71,151.88,Beauty,151.88,30.38,121.5,69.71,4.29,2.79
O505707,2025-01-20,C10165,P2039,1,0.1,88.55,225.55,Beauty,225.55,22.56,203.0,88.55,5.82,4.54
O505708,2025-06-08,C10464,P2048,1,0.2,26.01,65.12,Home,65.12,13.02,52.1,26.01,2.6,1.02
O505709,2025-05-11,C10653,P2059,1,0.1,74.58,192.13,Electronics,192.13,19.21,172.92,74.58,6.57,4.02
O505710,2025-02-15,C10311,P2066,3,0.1,21.23,45.94,Beauty,137.82,13.78,124.04,63.69,5.71,2.66
O505711,2026-01-05,C10724,P2004,1,0.15,82.13,229.05,Sports,229.05,34.36,194.69,82.13,6.14,4.63
O505712,2025-01-15,C10859,P2033,2,0.0,102.58,280.83,Apparel,561.66,0.0,561.66,205.16,7.13,17.08
O505713,2025-08-31,C10328,P2004,1,0.15,82.13,229.05,Sports,229.05,34.36,194.69,82.13,6.83,5.42
O505714,2025-01-07,C10871,P2071,3,0.0,72.34,202.22,Beauty,606.66,0.0,606.66,217.02,5.52,15.06
O505715,2025-08-21,C10779,P2019,2,0.15,28.46,61.03,Sports,122.06,18.31,103.75,56.92,6.21,2.88
O505716,2025-01-03,C11017,P2043,2,0.0,34.43,56.92,Electronics,113.84,0.0,113.84,68.86,6.66,3.56
O505717,2026-05-08,C11052,P2063,2,0.1,107.79,241.07,Sports,482.14,48.21,433.93,215.58,2.68,12.81
O505718,2025-08-21,C10831,P2019,2,0.1,28.46,61.03,Sports,122.06,12.21,109.85,56.92,2.65,3.38
O505719,2025-05-26,C10491,P2006,1,0.05,90.83,200.16,Electronics,200.16,10.01,190.15,90.83,9.7,4.03
O505720,2025-10-07,C11064,P2021,1,0.2,75.19,147.18,Electronics,147.18,29.44,117.74,75.19,4.87,2.42
O505721,2026-05-30,C10593,P2055,2,0.0,14.94,29.55,Sports,59.1,0.0,59.1,29.88,5.59,1.45
O505722,2025-04-28,C10602,P2061,2,0.05,92.46,150.56,Sports,301.12,15.06,286.06,184.92,4.21,6.97
O505723,2025-08-12,C10616,P2072,2,0.1,85.85,152.66,Sports,305.32,30.53,274.79,171.7,4.54,6.73
O505724,2025-05-07,C10641,P2055,1,0.0,14.94,29.55,Sports,29.55,0.0,29.55,14.94,5.03,0.91
O505725,2025-11-28,C11049,P2014,2,0.15,105.6,279.48,Beauty,558.96,83.84,475.12,211.2,4.38,8.69
O505726,2026-05-27,C10976,P2005,2,0.0,21.42,39.38,Sports,78.76,0.0,78.76,42.84,3.08,1.51
O505727,2026-06-25,C10462,P2071,1,0.05,72.34,202.22,Beauty,202.22,10.11,192.11,72.34,7.29,5.97
O505728,2025-08-13,C10049,P2042,1,0.1,21.36,43.17,Sports,43.17,4.32,38.85,21.36,4.32,0.95
O505729,2025-03-25,C10456,P2045,2,0.1,54.87,109.92,Sports,219.84,21.98,197.86,109.74,5.25,4.69
O505730,2026-04-20,C10592,P2015,1,0.05,32.67,56.68,Home,56.68,2.83,53.85,32.67,3.43,1.63
O505731,2026-06-16,C10393,P2039,1,0.1,88.55,225.55,Beauty,225.55,22.56,203.0,88.55,4.2,4.07
O505732,2026-05-30,C10186,P2038,2,0.0,61.98,100.85,Sports,201.7,0.0,201.7,123.96,5.78,5.34
O505733,2025-01-12,C10729,P2026,1,0.05,25.88,63.53,Beauty,63.53,3.18,60.35,25.88,6.88,1.81
O505734,2025-12-29,C10045,P2041,1,0.1,53.15,104.66,Apparel,104.66,10.47,94.19,53.15,3.51,1.89
O505735,2025-05-30,C10669,P2002,1,0.1,36.16,61.12,Beauty,61.12,6.11,55.01,36.16,5.02,1.53
O505736,2025-09-14,C10662,P2024,3,0.1,38.64,85.56,Electronics,256.68,25.67,231.01,115.92,6.95,6.54
O505737,2026-06-27,C10610,P2034,2,0.05,84.74,206.91,Electronics,413.82,20.69,393.13,169.48,5.03,10.7
O505738,2025-04-06,C10302,P2016,1,0.05,23.99,66.65,Electronics,66.65,3.33,63.32,23.99,6.06,1.75
O505739,2026-04-13,C10183,P2013,1,0.15,14.91,32.18,Beauty,32.18,4.83,27.35,14.91,6.68,0.56
O505740,2026-01-02,C10688,P2045,3,0.0,54.87,109.92,Sports,329.76,0.0,329.76,164.61,3.85,10.28
O505741,2026-02-12,C10036,P2006,3,0.2,90.83,200.16,Electronics,600.48,120.1,480.38,272.49,5.53,8.7
O505742,2026-04-07,C11192,P2024,1,0.05,38.64,85.56,Electronics,85.56,4.28,81.28,38.64,3.94,2.32
O505743,2025-01-31,C10779,P2060,2,0.25,91.93,225.41,Sports,450.82,112.7,338.12,183.86,4.88,8.08
O505744,2025-06-01,C10430,P2022,1,0.05,39.69,79.46,Beauty,79.46,3.97,75.49,39.69,5.83,1.59
O505745,2025-11-09,C10428,P2077,2,0.1,99.36,190.12,Apparel,380.24,38.02,342.22,198.72,2.53,6.9
O505746,2025-07-20,C10853,P2010,1,0.0,105.58,212.84,Electronics,212.84,0.0,212.84,105.58,4.22,5.06
O505747,2026-04-13,C10653,P2067,1,0.15,89.48,177.38,Sports,177.38,26.61,150.77,89.48,5.82,3.17
O505748,2026-04-21,C10003,P2053,3,0.0,95.73,175.96,Electronics,527.88,0.0,527.88,287.19,6.38,15.8
O505749,2025-06-04,C10421,P2073,3,0.0,103.53,278.8,Apparel,836.4,0.0,836.4,310.59,5.65,18.12
O505750,2025-04-30,C10839,P2060,3,0.15,91.93,225.41,Sports,676.23,101.43,574.8,275.79,2.86,17.21
O505751,2025-08-29,C10500,P2049,1,0.0,75.64,173.14,Apparel,173.14,0.0,173.14,75.64,6.75,5.35
O505752,2025-07-19,C10918,P2012,1,0.0,91.5,250.58,Home,250.58,0.0,250.58,91.5,3.98,6.31
O505753,2026-01-28,C10171,P2068,2,0.0,54.46,128.05,Home,256.1,0.0,256.1,108.92,5.49,7.04
O505754,2026-03-16,C10772,P2059,3,0.1,74.58,192.13,Electronics,576.39,57.64,518.75,223.74,6.07,11.59
O505755,2026-04-30,C11100,P2015,1,0.1,32.67,56.68,Home,56.68,5.67,51.01,32.67,3.71,1.03
O505756,2025-11-29,C11085,P2018,3,0.15,23.1,60.58,Apparel,181.74,27.26,154.48,69.3,4.19,3.53
O505757,2025-09-08,C11150,P2076,2,0.05,94.33,153.36,Apparel,306.72,15.34,291.38,188.66,4.53,6.52
O505758,2025-09-11,C10863,P2013,1,0.05,14.91,32.18,Beauty,32.18,1.61,30.57,14.91,4.49,0.65
O505759,2025-11-24,C10437,P2031,2,0.2,54.53,117.07,Sports,234.14,46.83,187.31,109.06,3.95,5.72
O505760,2026-01-07,C10665,P2029,1,0.05,30.95,55.54,Apparel,55.54,2.78,52.76,30.95,4.79,1.0
O505761,2025-05-03,C10160,P2063,3,0.0,107.79,241.07,Sports,723.21,0.0,723.21,323.37,8.7,18.46
O505762,2025-10-23,C10665,P2067,1,0.1,89.48,177.38,Sports,177.38,17.74,159.64,89.48,6.74,4.88
O505763,2025-08-28,C10280,P2053,1,0.2,95.73,175.96,Electronics,175.96,35.19,140.77,95.73,7.03,2.96
O505764,2026-02-16,C11117,P2074,1,0.1,60.53,130.38,Sports,130.38,13.04,117.34,60.53,6.59,3.11
O505765,2025-12-17,C10138,P2013,3,0.1,14.91,32.18,Beauty,96.54,9.65,86.89,44.73,7.2,1.76
O505766,2025-03-15,C10483,P2038,1,0.0,61.98,100.85,Sports,100.85,0.0,100.85,61.98,5.25,2.18
O505767,2026-04-21,C10837,P2048,1,0.15,26.01,65.12,Home,65.12,9.77,55.35,26.01,6.68,1.19
O505768,2025-04-13,C10795,P2032,3,0.25,83.59,176.17,Apparel,528.51,132.13,396.38,250.77,4.52,12.61
O505769,2025-03-02,C10857,P2052,3,0.05,85.13,212.17,Beauty,636.51,31.83,604.68,255.39,3.15,13.58
O505770,2025-03-06,C10768,P2071,3,0.1,72.34,202.22,Beauty,606.66,60.67,545.99,217.02,5.21,14.81
O505771,2025-06-20,C10957,P2075,2,0.0,49.49,125.61,Electronics,251.22,0.0,251.22,98.98,5.66,7.67
O505772,2026-04-22,C10308,P2061,1,0.0,92.46,150.56,Sports,150.56,0.0,150.56,92.46,7.02,3.88
O505773,2026-03-01,C11136,P2007,1,0.25,81.19,138.2,Apparel,138.2,34.55,103.65,81.19,3.04,1.87
O505774,2025-07-23,C10393,P2020,3,0.1,96.28,147.84,Home,443.52,44.35,399.17,288.84,2.5,11.95
O505775,2025-11-12,C11149,P2047,3,0.15,23.95,36.37,Sports,109.11,16.37,92.74,71.85,5.15,2.61
O505776,2025-10-06,C10741,P2033,3,0.25,102.58,280.83,Apparel,842.49,210.62,631.87,307.74,4.95,18.52
O505777,2025-11-19,C10057,P2047,1,0.2,23.95,36.37,Sports,36.37,7.27,29.1,23.95,4.76,0.75
O505778,2025-02-12,C10217,P2064,3,0.2,92.82,194.3,Sports,582.9,116.58,466.32,278.46,6.67,11.47
O505779,2025-01-21,C10947,P2070,1,0.1,80.41,185.88,Sports,185.88,18.59,167.29,80.41,5.38,3.39
O505780,2025-09-13,C11075,P2010,2,0.0,105.58,212.84,Electronics,425.68,0.0,425.68,211.16,4.21,11.09
O505781,2025-01-01,C11057,P2025,2,0.0,59.62,149.3,Electronics,298.6,0.0,298.6,119.24,5.72,6.12
O505782,2026-02-28,C10854,P2014,1,0.1,105.6,279.48,Beauty,279.48,27.95,251.53,105.6,3.74,7.88
O505783,2026-04-12,C10876,P2024,2,0.05,38.64,85.56,Electronics,171.12,8.56,162.56,77.28,4.46,3.14
O505784,2025-01-23,C11109,P2063,1,0.1,107.79,241.07,Sports,241.07,24.11,216.96,107.79,6.76,6.09
O505785,2025-08-19,C11161,P2046,1,0.05,41.9,79.58,Sports,79.58,3.98,75.6,41.9,4.86,1.62
O505786,2025-10-24,C10598,P2046,1,0.2,41.9,79.58,Sports,79.58,15.92,63.66,41.9,2.5,1.91
O505787,2025-10-26,C10930,P2005,1,0.0,21.42,39.38,Sports,39.38,0.0,39.38,21.42,6.15,0.86
O505788,2026-02-20,C10487,P2074,2,0.0,60.53,130.38,Sports,260.76,0.0,260.76,121.06,2.61,5.39
O505789,2025-12-21,C10078,P2043,2,0.15,34.43,56.92,Electronics,113.84,17.08,96.76,68.86,5.46,2.14
O505790,2025-08-11,C10389,P2037,2,0.2,19.43,42.14,Home,84.28,16.86,67.42,38.86,3.61,1.61
O505791,2025-11-28,C10783,P2064,1,0.05,92.82,194.3,Sports,194.3,9.72,184.58,92.82,7.42,3.59
O505792,2025-11-26,C10573,P2053,3,0.1,95.73,175.96,Electronics,527.88,52.79,475.09,287.19,4.17,9.44
O505793,2025-06-25,C10192,P2073,1,0.15,103.53,278.8,Apparel,278.8,41.82,236.98,103.53,6.17,5.3
O505794,2025-05-26,C10409,P2006,2,0.1,90.83,200.16,Electronics,400.32,40.03,360.29,181.66,6.67,9.96
O505795,2026-05-15,C11104,P2042,1,0.1,21.36,43.17,Sports,43.17,4.32,38.85,21.36,2.5,0.84
O505796,2025-10-08,C10541,P2017,1,0.15,42.64,69.06,Apparel,69.06,10.36,58.7,42.64,3.75,1.58
O505797,2025-09-09,C10539,P2043,3,0.0,34.43,56.92,Electronics,170.76,0.0,170.76,103.29,5.23,5.21
O505798,2026-01-21,C10491,P2063,1,0.1,107.79,241.07,Sports,241.07,24.11,216.96,107.79,4.78,4.65
O505799,2025-10-17,C10849,P2074,1,0.05,60.53,130.38,Sports,130.38,6.52,123.86,60.53,5.06,2.99
O505800,2025-11-01,C10125,P2045,2,0.05,54.87,109.92,Sports,219.84,10.99,208.85,109.74,5.37,5.77
O505801,2025-11-26,C10473,P2042,3,0.2,21.36,43.17,Sports,129.51,25.9,103.61,64.08,5.04,1.99
O505802,2025-07-01,C10103,P2041,1,0.0,53.15,104.66,Apparel,104.66,0.0,104.66,53.15,8.17,2.12
O505803,2026-06-12,C10686,P2029,1,0.0,30.95,55.54,Apparel,55.54,0.0,55.54,30.95,5.8,1.22
O505804,2026-05-26,C10444,P2055,2,0.1,14.94,29.55,Sports,59.1,5.91,53.19,29.88,6.14,1.6
O505805,2025-04-05,C10996,P2050,2,0.1,47.62,83.27,Beauty,166.54,16.65,149.89,95.24,7.29,3.15
O505806,2026-04-28,C10379,P2070,1,0.05,80.41,185.88,Sports,185.88,9.29,176.59,80.41,2.95,5.56
O505807,2025-12-07,C10763,P2002,1,0.1,36.16,61.12,Beauty,61.12,6.11,55.01,36.16,4.83,1.75
O505808,2026-02-11,C10221,P2074,1,0.2,60.53,130.38,Sports,130.38,26.08,104.3,60.53,4.18,1.89
O505809,2025-12-13,C11188,P2031,1,0.15,54.53,117.07,Sports,117.07,17.56,99.51,54.53,7.5,2.81
O505810,2025-03-08,C10785,P2037,3,0.1,19.43,42.14,Home,126.42,12.64,113.78,58.29,5.16,3.21
O505811,2025-11-29,C11153,P2019,1,0.2,28.46,61.03,Sports,61.03,12.21,48.82,28.46,3.78,1.02
O505812,2026-01-21,C10128,P2045,1,0.15,54.87,109.92,Sports,109.92,16.49,93.43,54.87,4.05,2.15
O505813,2026-05-21,C10346,P2010,2,0.05,105.58,212.84,Electronics,425.68,21.28,404.4,211.16,4.56,7.5
O505814,2025-09-03,C11136,P2070,1,0.2,80.41,185.88,Sports,185.88,37.18,148.7,80.41,2.57,3.99
O505815,2025-04-22,C10731,P2023,2,0.1,99.43,207.17,Apparel,414.34,41.43,372.91,198.86,3.94,7.49
O505816,2025-10-28,C11048,P2068,2,0.05,54.46,128.05,Home,256.1,12.81,243.3,108.92,6.27,6.07
O505817,2025-09-01,C10795,P2014,1,0.05,105.6,279.48,Beauty,279.48,13.97,265.51,105.6,3.42,8.46
O505818,2026-05-21,C10141,P2005,1,0.0,21.42,39.38,Sports,39.38,0.0,39.38,21.42,6.65,1.04
O505819,2025-10-13,C10317,P2017,1,0.1,42.64,69.06,Apparel,69.06,6.91,62.15,42.64,7.12,1.44
O505820,2025-05-01,C11072,P2054,3,0.25,19.42,50.24,Beauty,150.72,37.68,113.04,58.26,4.76,3.01
O505821,2025-03-15,C11082,P2014,1,0.05,105.6,279.48,Beauty,279.48,13.97,265.51,105.6,5.07,6.19
O505822,2025-12-10,C10794,P2018,2,0.0,23.1,60.58,Apparel,121.16,0.0,121.16,46.2,6.16,3.39
O505823,2025-02-06,C11038,P2041,1,0.15,53.15,104.66,Apparel,104.66,15.7,88.96,53.15,4.92,1.98
O505824,2026-06-23,C11103,P2026,1,0.0,25.88,63.53,Beauty,63.53,0.0,63.53,25.88,3.16,1.34
O505825,2026-03-10,C10112,P2036,2,0.15,79.57,186.92,Apparel,373.84,56.08,317.76,159.14,4.47,6.74
O505826,2025-10-27,C10382,P2061,2,0.1,92.46,150.56,Sports,301.12,30.11,271.01,184.92,5.9,5.27
O505827,2025-05-24,C10017,P2011,1,0.0,25.59,43.62,Electronics,43.62,0.0,43.62,25.59,6.47,1.0
O505828,2026-01-09,C10166,P2000,2,0.15,20.01,46.3,Beauty,92.6,13.89,78.71,40.02,4.9,1.97
O505829,2025-12-06,C10044,P2014,1,0.15,105.6,279.48,Beauty,279.48,41.92,237.56,105.6,5.34,6.65
O505830,2025-04-27,C11165,P2012,2,0.2,91.5,250.58,Home,501.16,100.23,400.93,183.0,5.19,9.74
O505831,2026-02-23,C10233,P2058,1,0.15,56.31,124.87,Electronics,124.87,18.73,106.14,56.31,7.12,3.3
O505832,2025-09-25,C10303,P2064,3,0.05,92.82,194.3,Sports,582.9,29.15,553.76,278.46,3.77,10.54
O505833,2025-08-30,C11058,P2037,3,0.1,19.43,42.14,Home,126.42,12.64,113.78,58.29,4.9,2.63
O505834,2025-01-20,C11026,P2056,1,0.15,12.18,29.13,Home,29.13,4.37,24.76,12.18,6.2,0.67
O505835,2026-04-03,C10798,P2044,1,0.15,96.39,166.51,Electronics,166.51,24.98,141.53,96.39,4.61,2.84
O505836,2025-06-03,C10496,P2053,2,0.1,95.73,175.96,Electronics,351.92,35.19,316.73,191.46,4.73,6.66
O505837,2025-01-28,C10221,P2044,3,0.05,96.39,166.51,Electronics,499.53,24.98,474.55,289.17,2.96,13.59
O505838,2025-12-25,C11037,P2024,1,0.0,38.64,85.56,Electronics,85.56,0.0,85.56,38.64,5.58,2.12
O505839,2025-11-04,C10285,P2032,2,0.05,83.59,176.17,Apparel,352.34,17.62,334.72,167.18,4.99,10.7
O505840,2025-03-29,C11042,P2028,3,0.0,49.21,76.08,Beauty,228.24,0.0,228.24,147.63,4.03,6.49
O505841,2025-05-31,C10888,P2018,1,0.0,23.1,60.58,Apparel,60.58,0.0,60.58,23.1,3.53,1.67
O505842,2026-03-05,C10872,P2033,1,0.05,102.58,280.83,Apparel,280.83,14.04,266.79,102.58,6.91,7.66
O505843,2026-06-02,C10804,P2074,2,0.05,60.53,130.38,Sports,260.76,13.04,247.72,121.06,4.55,7.02
O505844,2026-05-13,C10344,P2010,1,0.0,105.58,212.84,Electronics,212.84,0.0,212.84,105.58,5.02,3.85
O505845,2025-02-14,C11112,P2037,2,0.0,19.43,42.14,Home,84.28,0.0,84.28,38.86,3.76,2.28
O505846,2025-09-23,C10254,P2068,1,0.05,54.46,128.05,Home,128.05,6.4,121.65,54.46,4.4,2.5
O505847,2025-12-04,C11117,P2014,2,0.0,105.6,279.48,Beauty,558.96,0.0,558.96,211.2,4.45,13.5
O505848,2025-11-02,C11022,P2032,1,0.05,83.59,176.17,Apparel,176.17,8.81,167.36,83.59,5.13,4.39
O505849,2025-04-14,C10910,P2035,3,0.0,33.04,85.13,Beauty,255.39,0.0,255.39,99.12,5.87,7.55
O505850,2025-08-22,C11035,P2006,3,0.2,90.83,200.16,Electronics,600.48,120.1,480.38,272.49,5.2,15.09
O505851,2026-02-24,C10247,P2072,1,0.0,85.85,152.66,Sports,152.66,0.0,152.66,85.85,6.26,2.89
O505852,2025-09-19,C11032,P2044,2,0.0,96.39,166.51,Electronics,333.02,0.0,333.02,192.78,4.08,7.98
O505853,2026-01-17,C10062,P2045,2,0.1,54.87,109.92,Sports,219.84,21.98,197.86,109.74,2.89,4.26
O505854,2025-09-07,C10794,P2071,1,0.1,72.34,202.22,Beauty,202.22,20.22,182.0,72.34,4.36,5.44
O505855,2025-04-19,C10834,P2038,1,0.1,61.98,100.85,Sports,100.85,10.09,90.76,61.98,3.46,2.33
O505856,2025-10-24,C10527,P2022,3,0.1,39.69,79.46,Beauty,238.38,23.84,214.54,119.07,5.33,5.47
O505857,2025-08-13,C10361,P2045,2,0.1,54.87,109.92,Sports,219.84,21.98,197.86,109.74,5.61,3.66
O505858,2026-05-04,C11107,P2028,2,0.1,49.21,76.08,Beauty,152.16,15.22,136.94,98.42,6.01,2.57
O505859,2026-02-10,C10918,P2029,1,0.0,30.95,55.54,Apparel,55.54,0.0,55.54,30.95,2.5,1.01
O505860,2025-11-17,C11188,P2038,1,0.05,61.98,100.85,Sports,100.85,5.04,95.81,61.98,3.73,2.88
O505861,2025-07-04,C10810,P2002,3,0.1,36.16,61.12,Beauty,183.36,18.34,165.02,108.48,5.0,3.03
O505862,2025-09-28,C10954,P2075,1,0.1,49.49,125.61,Electronics,125.61,12.56,113.05,49.49,6.25,3.6
O505863,2026-06-20,C10031,P2022,3,0.0,39.69,79.46,Beauty,238.38,0.0,238.38,119.07,5.23,5.4
O505864,2025-11-27,C10121,P2067,2,0.1,89.48,177.38,Sports,354.76,35.48,319.28,178.96,6.66,9.57
O505865,2025-05-09,C10985,P2075,2,0.15,49.49,125.61,Electronics,251.22,37.68,213.54,98.98,4.37,5.9
O505866,2025-03-25,C11105,P2043,1,0.0,34.43,56.92,Electronics,56.92,0.0,56.92,34.43,2.86,1.64
O505867,2026-05-23,C10136,P2064,1,0.05,92.82,194.3,Sports,194.3,9.72,184.58,92.82,4.56,5.14
O505868,2025-04-12,C10755,P2015,2,0.05,32.67,56.68,Home,113.36,5.67,107.69,65.34,6.07,3.14
O505869,2026-02-13,C10723,P2011,1,0.0,25.59,43.62,Electronics,43.62,0.0,43.62,25.59,5.47,1.09
O505870,2025-08-26,C10115,P2028,3,0.05,49.21,76.08,Beauty,228.24,11.41,216.83,147.63,5.37,5.75
O505871,2025-01-09,C10291,P2013,1,0.0,14.91,32.18,Beauty,32.18,0.0,32.18,14.91,6.3,0.77
O505872,2026-03-29,C10462,P2054,1,0.0,19.42,50.24,Beauty,50.24,0.0,50.24,19.42,4.77,1.43
O505873,2026-02-15,C10870,P2068,1,0.1,54.46,128.05,Home,128.05,12.81,115.24,54.46,6.83,3.44
O505874,2026-02-27,C10086,P2032,2,0.15,83.59,176.17,Apparel,352.34,52.85,299.49,167.18,4.37,7.82
O505875,2025-10-28,C10230,P2054,1,0.15,19.42,50.24,Beauty,50.24,7.54,42.7,19.42,4.15,1.02
O505876,2025-03-28,C10725,P2069,3,0.15,90.63,175.87,Apparel,527.61,79.14,448.47,271.89,5.67,10.14
O505877,2025-02-21,C11138,P2022,2,0.0,39.69,79.46,Beauty,158.92,0.0,158.92,79.38,4.33,4.56
O505878,2026-02-09,C10721,P2049,1,0.0,75.64,173.14,Apparel,173.14,0.0,173.14,75.64,4.64,3.75
O505879,2026-06-06,C10649,P2026,1,0.0,25.88,63.53,Beauty,63.53,0.0,63.53,25.88,3.94,1.41
O505880,2025-10-14,C10369,P2070,2,0.0,80.41,185.88,Sports,371.76,0.0,371.76,160.82,4.52,11.58
O505881,2026-01-23,C10852,P2063,1,0.05,107.79,241.07,Sports,241.07,12.05,229.02,107.79,6.62,5.78
O505882,2025-05-04,C10257,P2032,2,0.2,83.59,176.17,Apparel,352.34,70.47,281.87,167.18,2.98,6.08
O505883,2026-05-20,C10930,P2003,1,0.05,103.86,246.21,Sports,246.21,12.31,233.9,103.86,2.99,5.84
O505884,2026-02-13,C10282,P2073,1,0.0,103.53,278.8,Apparel,278.8,0.0,278.8,103.53,2.6,7.36
O505885,2025-08-18,C10313,P2009,1,0.0,89.03,195.13,Home,195.13,0.0,195.13,89.03,3.07,4.11
O505886,2025-02-20,C10113,P2024,2,0.15,38.64,85.56,Electronics,171.12,25.67,145.45,77.28,5.76,4.35
O505887,2025-08-21,C10802,P2022,2,0.05,39.69,79.46,Beauty,158.92,7.95,150.97,79.38,6.33,4.5
O505888,2026-01-03,C10668,P2029,2,0.15,30.95,55.54,Apparel,111.08,16.66,94.42,61.9,2.6,2.63
O505889,2026-06-30,C10852,P2002,2,0.05,36.16,61.12,Beauty,122.24,6.11,116.13,72.32,7.1,3.13
O505890,2026-06-25,C10438,P2075,3,0.0,49.49,125.61,Electronics,376.83,0.0,376.83,148.47,4.0,9.52
O505891,2026-02-21,C10116,P2025,1,0.15,59.62,149.3,Electronics,149.3,22.4,126.91,59.62,4.66,2.49
O505892,2025-03-24,C11039,P2046,1,0.0,41.9,79.58,Sports,79.58,0.0,79.58,41.9,4.21,2.13
O505893,2025-04-15,C10018,P2037,1,0.1,19.43,42.14,Home,42.14,4.21,37.93,19.43,2.5,1.01
O505894,2025-04-07,C10195,P2015,2,0.1,32.67,56.68,Home,113.36,11.34,102.02,65.34,3.78,2.43
O505895,2025-12-29,C10708,P2063,1,0.1,107.79,241.07,Sports,241.07,24.11,216.96,107.79,2.5,4.35
O505896,2026-04-04,C11147,P2007,2,0.15,81.19,138.2,Apparel,276.4,41.46,234.94,162.38,5.3,6.66
O505897,2025-09-03,C10926,P2072,2,0.0,85.85,152.66,Sports,305.32,0.0,305.32,171.7,2.64,9.42
O505898,2026-02-14,C10583,P2077,1,0.1,99.36,190.12,Apparel,190.12,19.01,171.11,99.36,5.06,3.19
O505899,2025-07-11,C10394,P2031,1,0.1,54.53,117.07,Sports,117.07,11.71,105.36,54.53,3.37,2.86
O505900,2025-03-08,C10169,P2040,2,0.15,46.24,112.16,Electronics,224.32,33.65,190.67,92.48,5.59,3.68
O505901,2025-04-15,C10572,P2067,3,0.0,89.48,177.38,Sports,532.14,0.0,532.14,268.44,5.73,10.17
O505902,2026-03-13,C10142,P2041,1,0.0,53.15,104.66,Apparel,104.66,0.0,104.66,53.15,3.95,3.11
O505903,2025-11-14,C10600,P2054,1,0.05,19.42,50.24,Beauty,50.24,2.51,47.73,19.42,6.43,1.11
O505904,2025-08-06,C10480,P2033,1,0.15,102.58,280.83,Apparel,280.83,42.12,238.71,102.58,7.35,7.03
O505905,2026-01-02,C10230,P2048,1,0.1,26.01,65.12,Home,65.12,6.51,58.61,26.01,7.72,1.29
O505906,2026-02-10,C10857,P2063,1,0.0,107.79,241.07,Sports,241.07,0.0,241.07,107.79,6.33,6.25
O505907,2026-01-18,C10814,P2076,1,0.15,94.33,153.36,Apparel,153.36,23.0,130.36,94.33,8.36,4.0
O505908,2026-01-19,C10132,P2007,1,0.05,81.19,138.2,Apparel,138.2,6.91,131.29,81.19,2.5,4.07
O505909,2025-08-21,C10005,P2012,1,0.1,91.5,250.58,Home,250.58,25.06,225.52,91.5,3.21,5.45
O505910,2025-01-26,C10807,P2048,2,0.2,26.01,65.12,Home,130.24,26.05,104.19,52.02,3.57,3.19
O505911,2026-02-22,C10621,P2043,1,0.2,34.43,56.92,Electronics,56.92,11.38,45.54,34.43,2.5,1.34
O505912,2026-04-13,C10581,P2063,1,0.05,107.79,241.07,Sports,241.07,12.05,229.02,107.79,6.74,5.86
O505913,2025-09-06,C11157,P2030,3,0.0,81.44,160.67,Electronics,482.01,0.0,482.01,244.32,5.58,12.67
O505914,2025-05-31,C11118,P2040,1,0.15,46.24,112.16,Electronics,112.16,16.82,95.34,46.24,3.51,2.45
O505915,2025-08-07,C10027,P2028,1,0.1,49.21,76.08,Beauty,76.08,7.61,68.47,49.21,2.5,2.09
O505916,2025-09-23,C10921,P2070,1,0.15,80.41,185.88,Sports,185.88,27.88,158.0,80.41,4.51,4.03
O505917,2025-07-20,C10451,P2045,1,0.05,54.87,109.92,Sports,109.92,5.5,104.42,54.87,6.79,3.18
O505918,2025-05-10,C10604,P2076,1,0.0,94.33,153.36,Apparel,153.36,0.0,153.36,94.33,5.19,3.96
O505919,2025-11-28,C10154,P2006,1,0.1,90.83,200.16,Electronics,200.16,20.02,180.14,90.83,4.95,4.08
O505920,2026-04-14,C10833,P2067,3,0.0,89.48,177.38,Sports,532.14,0.0,532.14,268.44,7.35,15.74
O505921,2025-12-28,C10569,P2043,1,0.25,34.43,56.92,Electronics,56.92,14.23,42.69,34.43,6.44,1.23
O505922,2025-06-07,C10653,P2027,2,0.05,39.51,103.84,Electronics,207.68,10.38,197.3,79.02,6.24,5.31
O505923,2025-05-02,C11046,P2039,1,0.15,88.55,225.55,Beauty,225.55,33.83,191.72,88.55,8.16,5.3
O505924,2026-04-08,C10047,P2019,1,0.0,28.46,61.03,Sports,61.03,0.0,61.03,28.46,4.61,1.4
O505925,2025-05-12,C10004,P2015,1,0.25,32.67,56.68,Home,56.68,14.17,42.51,32.67,2.5,0.87
O505926,2025-04-25,C10480,P2075,1,0.0,49.49,125.61,Electronics,125.61,0.0,125.61,49.49,6.75,2.68
O505927,2025-07-02,C10415,P2062,1,0.1,69.71,151.88,Beauty,151.88,15.19,136.69,69.71,3.43,2.7
O505928,2026-05-13,C10287,P2019,1,0.05,28.46,61.03,Sports,61.03,3.05,57.98,28.46,5.11,1.72
O505929,2026-06-25,C10692,P2010,2,0.05,105.58,212.84,Electronics,425.68,21.28,404.4,211.16,5.49,9.39
O505930,2025-09-30,C10645,P2065,1,0.15,74.22,160.54,Electronics,160.54,24.08,136.46,74.22,5.67,4.23
O505931,2026-05-03,C10209,P2066,1,0.05,21.23,45.94,Beauty,45.94,2.3,43.64,21.23,7.02,0.84
O505932,2026-03-20,C10470,P2021,1,0.1,75.19,147.18,Electronics,147.18,14.72,132.46,75.19,4.75,4.12
O505933,2026-02-05,C11058,P2066,1,0.15,21.23,45.94,Beauty,45.94,6.89,39.05,21.23,6.61,1.08
O505934,2025-01-14,C10251,P2007,1,0.0,81.19,138.2,Apparel,138.2,0.0,138.2,81.19,6.53,4.04
O505935,2025-01-16,C10715,P2051,1,0.05,21.09,56.25,Home,56.25,2.81,53.44,21.09,6.16,1.27
O505936,2025-03-20,C10329,P2053,2,0.0,95.73,175.96,Electronics,351.92,0.0,351.92,191.46,3.37,8.82
O505937,2026-03-11,C10226,P2077,1,0.2,99.36,190.12,Apparel,190.12,38.02,152.1,99.36,3.1,4.04
O505938,2025-06-14,C10684,P2030,1,0.0,81.44,160.67,Electronics,160.67,0.0,160.67,81.44,3.12,4.6
O505939,2026-01-31,C10291,P2027,1,0.1,39.51,103.84,Electronics,103.84,10.38,93.46,39.51,6.34,2.47
O505940,2026-03-08,C10623,P2000,2,0.1,20.01,46.3,Beauty,92.6,9.26,83.34,40.02,4.31,1.54
O505941,2025-03-20,C10479,P2016,1,0.1,23.99,66.65,Electronics,66.65,6.67,59.99,23.99,5.67,1.37
O505942,2025-03-07,C10688,P2019,2,0.1,28.46,61.03,Sports,122.06,12.21,109.85,56.92,5.09,2.78
O505943,2025-05-14,C10019,P2005,1,0.05,21.42,39.38,Sports,39.38,1.97,37.41,21.42,5.69,0.98
O505944,2026-04-13,C10527,P2025,2,0.1,59.62,149.3,Electronics,298.6,29.86,268.74,119.24,4.62,8.24
O505945,2026-01-07,C10629,P2071,1,0.25,72.34,202.22,Beauty,202.22,50.56,151.66,72.34,5.27,3.15
O505946,2025-02-17,C10144,P2062,2,0.1,69.71,151.88,Beauty,303.76,30.38,273.38,139.42,4.75,8.46
O505947,2025-06-18,C10623,P2050,1,0.1,47.62,83.27,Beauty,83.27,8.33,74.94,47.62,3.75,1.6
O505948,2025-11-05,C10078,P2029,1,0.15,30.95,55.54,Apparel,55.54,8.33,47.21,30.95,6.48,0.86
O505949,2025-07-28,C10487,P2034,1,0.0,84.74,206.91,Electronics,206.91,0.0,206.91,84.74,3.02,6.38
O505950,2025-06-14,C10952,P2030,2,0.05,81.44,160.67,Electronics,321.34,16.07,305.27,162.88,2.97,8.73
O505951,2025-07-17,C11093,P2025,2,0.05,59.62,149.3,Electronics,298.6,14.93,283.67,119.24,2.5,6.46
O505952,2025-10-06,C10201,P2040,2,0.1,46.24,112.16,Electronics,224.32,22.43,201.89,92.48,3.03,5.08
O505953,2025-10-26,C10443,P2050,1,0.15,47.62,83.27,Beauty,83.27,12.49,70.78,47.62,7.53,1.51
O505954,2025-04-07,C10756,P2060,3,0.05,91.93,225.41,Sports,676.23,33.81,642.42,275.79,4.92,16.85
O505955,2025-05-09,C10496,P2048,1,0.05,26.01,65.12,Home,65.12,3.26,61.86,26.01,3.68,1.49
O505956,2026-02-26,C10529,P2021,1,0.1,75.19,147.18,Electronics,147.18,14.72,132.46,75.19,6.72,2.66
O505957,2025-08-03,C10039,P2018,1,0.1,23.1,60.58,Apparel,60.58,6.06,54.52,23.1,4.02,1.09
O505958,2025-07-01,C10963,P2040,1,0.15,46.24,112.16,Electronics,112.16,16.82,95.34,46.24,5.4,1.75
O505959,2026-03-14,C10718,P2014,1,0.0,105.6,279.48,Beauty,279.48,0.0,279.48,105.6,5.33,8.21
O505960,2025-12-17,C10913,P2008,3,0.1,64.11,126.24,Beauty,378.72,37.87,340.85,192.33,3.53,10.39
O505961,2025-03-28,C10121,P2049,3,0.1,75.64,173.14,Apparel,519.42,51.94,467.48,226.92,4.79,9.23
O505962,2026-02-23,C10899,P2046,1,0.0,41.9,79.58,Sports,79.58,0.0,79.58,41.9,4.26,1.72
O505963,2025-04-17,C10935,P2022,1,0.2,39.69,79.46,Beauty,79.46,15.89,63.57,39.69,6.33,1.78
O505964,2025-04-21,C10013,P2030,2,0.0,81.44,160.67,Electronics,321.34,0.0,321.34,162.88,5.69,7.0
O505965,2025-06-29,C10876,P2008,3,0.05,64.11,126.24,Beauty,378.72,18.94,359.78,192.33,3.02,10.17
O505966,2025-03-13,C10024,P2013,2,0.05,14.91,32.18,Beauty,64.36,3.22,61.14,29.82,4.69,1.53
O505967,2026-04-05,C10435,P2003,3,0.05,103.86,246.21,Sports,738.63,36.93,701.7,311.58,6.28,13.84
O505968,2025-02-20,C10809,P2000,2,0.15,20.01,46.3,Beauty,92.6,13.89,78.71,40.02,5.26,2.02
O505969,2025-12-18,C10857,P2052,1,0.15,85.13,212.17,Beauty,212.17,31.83,180.34,85.13,4.02,4.93
O505970,2026-06-26,C10403,P2078,2,0.15,80.99,151.9,Beauty,303.8,45.57,258.23,161.98,2.86,7.13
O505971,2025-01-19,C10314,P2071,2,0.15,72.34,202.22,Beauty,404.44,60.67,343.77,144.68,7.19,6.72
O505972,2025-02-28,C10251,P2075,1,0.0,49.49,125.61,Electronics,125.61,0.0,125.61,49.49,5.49,2.38
O505973,2025-07-20,C10391,P2044,2,0.15,96.39,166.51,Electronics,333.02,49.95,283.07,192.78,5.45,8.88
O505974,2025-05-02,C10298,P2037,2,0.1,19.43,42.14,Home,84.28,8.43,75.85,38.86,4.4,1.46
O505975,2025-07-14,C10268,P2023,2,0.0,99.43,207.17,Apparel,414.34,0.0,414.34,198.86,5.39,8.14
O505976,2025-11-18,C10490,P2027,1,0.15,39.51,103.84,Electronics,103.84,15.58,88.26,39.51,5.28,2.38
O505977,2026-02-07,C10554,P2060,1,0.1,91.93,225.41,Sports,225.41,22.54,202.87,91.93,3.88,6.41
O505978,2025-01-15,C10368,P2015,2,0.0,32.67,56.68,Home,113.36,0.0,113.36,65.34,6.44,2.69
O505979,2026-01-14,C10470,P2016,1,0.1,23.99,66.65,Electronics,66.65,6.67,59.99,23.99,5.43,1.57
O505980,2025-04-05,C10117,P2077,1,0.1,99.36,190.12,Apparel,190.12,19.01,171.11,99.36,5.7,4.21
O505981,2025-05-15,C10451,P2063,1,0.1,107.79,241.07,Sports,241.07,24.11,216.96,107.79,4.57,6.48
O505982,2025-01-31,C10819,P2052,1,0.05,85.13,212.17,Beauty,212.17,10.61,201.56,85.13,2.53,5.71
O505983,2025-04-03,C11088,P2069,2,0.0,90.63,175.87,Apparel,351.74,0.0,351.74,181.26,3.52,7.38
O505984,2025-10-18,C10299,P2046,1,0.05,41.9,79.58,Sports,79.58,3.98,75.6,41.9,5.01,1.68
O505985,2025-05-18,C10560,P2053,1,0.05,95.73,175.96,Electronics,175.96,8.8,167.16,95.73,2.5,4.71
O505986,2026-06-01,C11166,P2040,1,0.0,46.24,112.16,Electronics,112.16,0.0,112.16,46.24,7.15,2.35
O505987,2026-01-15,C10156,P2003,1,0.15,103.86,246.21,Sports,246.21,36.93,209.28,103.86,3.77,5.46
O505988,2025-02-12,C10159,P2022,1,0.0,39.69,79.46,Beauty,79.46,0.0,79.46,39.69,4.66,2.22
O505989,2025-09-10,C10842,P2061,1,0.05,92.46,150.56,Sports,150.56,7.53,143.03,92.46,4.17,3.86
O505990,2025-12-21,C10969,P2071,1,0.15,72.34,202.22,Beauty,202.22,30.33,171.89,72.34,3.98,4.97
O505991,2026-04-16,C11146,P2007,1,0.0,81.19,138.2,Apparel,138.2,0.0,138.2,81.19,4.63,3.69
O505992,2026-03-03,C10364,P2014,1,0.2,105.6,279.48,Beauty,279.48,55.9,223.58,105.6,3.23,5.99
O505993,2025-12-26,C10040,P2002,1,0.2,36.16,61.12,Beauty,61.12,12.22,48.9,36.16,7.45,1.19
O505994,2025-06-02,C10943,P2070,2,0.1,80.41,185.88,Sports,371.76,37.18,334.58,160.82,5.83,7.96
O505995,2025-12-20,C11132,P2050,1,0.15,47.62,83.27,Beauty,83.27,12.49,70.78,47.62,3.09,1.75
O505996,2025-06-21,C10070,P2025,2,0.05,59.62,149.3,Electronics,298.6,14.93,283.67,119.24,3.86,5.92
O505997,2025-09-23,C10891,P2023,2,0.0,99.43,207.17,Apparel,414.34,0.0,414.34,198.86,3.15,10.19
O505998,2026-05-20,C11119,P2014,1,0.15,105.6,279.48,Beauty,279.48,41.92,237.56,105.6,3.16,5.42
O505999,2025-11-24,C10362,P2078,2,0.15,80.99,151.9,Beauty,303.8,45.57,258.23,161.98,4.49,5.71
O506000,2025-03-27,C11193,P2068,1,0.0,54.46,128.05,Home,128.05,0.0,128.05,54.46,4.52,3.67
O506001,2025-02-16,C10093,P2024,1,0.1,38.64,85.56,Electronics,85.56,8.56,77.0,38.64,4.35,1.49
O506002,2026-01-06,C10382,P2044,2,0.1,96.39,166.51,Electronics,333.02,33.3,299.72,192.78,5.34,9.15
O506003,2025-02-13,C10013,P2071,1,0.15,72.34,202.22,Beauty,202.22,30.33,171.89,72.34,3.71,3.77
O506004,2026-03-21,C10711,P2065,1,0.2,74.22,160.54,Electronics,160.54,32.11,128.43,74.22,4.02,3.07
O506005,2025-05-02,C11050,P2018,2,0.1,23.1,60.58,Apparel,121.16,12.12,109.04,46.2,5.03,2.84
O506006,2025-02-08,C10025,P2024,3,0.25,38.64,85.56,Electronics,256.68,64.17,192.51,115.92,5.1,3.94
O506007,2025-08-25,C10051,P2038,1,0.0,61.98,100.85,Sports,100.85,0.0,100.85,61.98,7.62,2.66
O506008,2025-08-10,C10987,P2004,3,0.1,82.13,229.05,Sports,687.15,68.72,618.44,246.39,5.03,15.92
O506009,2025-01-01,C10718,P2031,1,0.05,54.53,117.07,Sports,117.07,5.85,111.22,54.53,5.14,2.2
O506010,2026-01-07,C10991,P2060,2,0.05,91.93,225.41,Sports,450.82,22.54,428.28,183.86,5.12,12.61
O506011,2025-11-01,C10218,P2071,1,0.05,72.34,202.22,Beauty,202.22,10.11,192.11,72.34,7.13,4.29
O506012,2025-11-18,C10772,P2016,3,0.1,23.99,66.65,Electronics,199.95,20.0,179.96,71.97,5.36,5.35
O506013,2025-01-21,C10009,P2005,1,0.0,21.42,39.38,Sports,39.38,0.0,39.38,21.42,2.95,0.73
O506014,2026-01-19,C11025,P2074,1,0.1,60.53,130.38,Sports,130.38,13.04,117.34,60.53,2.98,3.27
O506015,2025-12-20,C10783,P2022,2,0.15,39.69,79.46,Beauty,158.92,23.84,135.08,79.38,4.1,2.61
O506016,2025-03-23,C10087,P2056,2,0.1,12.18,29.13,Home,58.26,5.83,52.43,24.36,5.85,1.49
O506017,2025-07-25,C10983,P2004,1,0.2,82.13,229.05,Sports,229.05,45.81,183.24,82.13,6.46,4.25
O506018,2026-03-22,C10048,P2063,1,0.15,107.79,241.07,Sports,241.07,36.16,204.91,107.79,3.48,5.8
O506019,2026-04-19,C10933,P2062,3,0.05,69.71,151.88,Beauty,455.64,22.78,432.86,209.13,5.91,9.9
O506020,2025-12-01,C11192,P2020,1,0.05,96.28,147.84,Home,147.84,7.39,140.45,96.28,7.65,4.41
O506021,2026-02-20,C10245,P2047,1,0.1,23.95,36.37,Sports,36.37,3.64,32.73,23.95,6.78,0.97
O506022,2025-11-20,C10837,P2070,3,0.15,80.41,185.88,Sports,557.64,83.65,473.99,241.23,5.84,15.03
O506023,2025-07-14,C10802,P2028,2,0.15,49.21,76.08,Beauty,152.16,22.82,129.34,98.42,5.35,3.67
O506024,2025-09-07,C10456,P2022,1,0.0,39.69,79.46,Beauty,79.46,0.0,79.46,39.69,3.83,2.27
O506025,2025-10-18,C10166,P2077,1,0.15,99.36,190.12,Apparel,190.12,28.52,161.6,99.36,2.99,3.34
O506026,2026-05-01,C10912,P2073,1,0.15,103.53,278.8,Apparel,278.8,41.82,236.98,103.53,6.43,7.29
O506027,2026-05-22,C11054,P2042,1,0.0,21.36,43.17,Sports,43.17,0.0,43.17,21.36,6.47,1.36
O506028,2025-04-17,C10765,P2010,3,0.1,105.58,212.84,Electronics,638.52,63.85,574.67,316.74,4.21,13.14
O506029,2025-03-16,C10045,P2024,1,0.1,38.64,85.56,Electronics,85.56,8.56,77.0,38.64,2.5,1.8
O506030,2025-05-08,C10115,P2014,1,0.1,105.6,279.48,Beauty,279.48,27.95,251.53,105.6,2.5,4.72
O506031,2025-01-22,C10958,P2072,1,0.0,85.85,152.66,Sports,152.66,0.0,152.66,85.85,4.01,3.4
O506032,2026-05-26,C11022,P2061,1,0.0,92.46,150.56,Sports,150.56,0.0,150.56,92.46,4.08,3.82
O506033,2025-09-15,C11059,P2044,3,0.15,96.39,166.51,Electronics,499.53,74.93,424.6,289.17,3.89,12.74
O506034,2025-06-14,C10270,P2053,2,0.25,95.73,175.96,Electronics,351.92,87.98,263.94,191.46,5.87,7.6
O506035,2025-03-17,C10675,P2069,2,0.1,90.63,175.87,Apparel,351.74,35.17,316.57,181.26,6.25,6.65
O506036,2025-07-15,C10650,P2045,3,0.0,54.87,109.92,Sports,329.76,0.0,329.76,164.61,2.75,6.5
O506037,2025-12-17,C10569,P2048,1,0.2,26.01,65.12,Home,65.12,13.02,52.1,26.01,5.85,1.01
O506038,2026-05-27,C10859,P2055,2,0.15,14.94,29.55,Sports,59.1,8.86,50.24,29.88,4.06,1.53
O506039,2025-04-09,C11018,P2038,1,0.15,61.98,100.85,Sports,100.85,15.13,85.72,61.98,4.94,2.13
O506040,2025-07-08,C10531,P2064,1,0.05,92.82,194.3,Sports,194.3,9.72,184.58,92.82,4.94,5.52
O506041,2025-09-03,C11168,P2071,2,0.1,72.34,202.22,Beauty,404.44,40.44,364.0,144.68,5.35,10.62
O506042,2025-11-30,C10456,P2059,2,0.15,74.58,192.13,Electronics,384.26,57.64,326.62,149.16,6.43,6.62
O506043,2026-02-08,C10245,P2075,3,0.1,49.49,125.61,Electronics,376.83,37.68,339.15,148.47,4.2,8.78
O506044,2025-10-19,C10600,P2060,2,0.2,91.93,225.41,Sports,450.82,90.16,360.66,183.86,6.07,7.83
O506045,2025-12-23,C10000,P2060,1,0.05,91.93,225.41,Sports,225.41,11.27,214.14,91.93,5.82,6.37
O506046,2025-01-11,C10278,P2000,2,0.15,20.01,46.3,Beauty,92.6,13.89,78.71,40.02,5.57,2.17
O506047,2025-12-27,C10816,P2024,1,0.25,38.64,85.56,Electronics,85.56,21.39,64.17,38.64,6.76,1.96
O506048,2025-11-16,C10636,P2031,2,0.1,54.53,117.07,Sports,234.14,23.41,210.73,109.06,3.54,5.34
O506049,2026-05-21,C10889,P2025,2,0.15,59.62,149.3,Electronics,298.6,44.79,253.81,119.24,4.44,6.38
O506050,2025-12-23,C10795,P2027,1,0.1,39.51,103.84,Electronics,103.84,10.38,93.46,39.51,8.2,1.84
O506051,2025-03-30,C10413,P2013,1,0.15,14.91,32.18,Beauty,32.18,4.83,27.35,14.91,4.49,0.76
O506052,2025-05-09,C10569,P2041,2,0.2,53.15,104.66,Apparel,209.32,41.86,167.46,106.3,4.43,4.69
O506053,2025-08-12,C10093,P2049,3,0.0,75.64,173.14,Apparel,519.42,0.0,519.42,226.92,4.99,14.81
O506054,2026-03-13,C10994,P2049,2,0.15,75.64,173.14,Apparel,346.28,51.94,294.34,151.28,4.13,6.59
O506055,2025-05-28,C10587,P2012,1,0.15,91.5,250.58,Home,250.58,37.59,212.99,91.5,8.56,6.19
O506056,2026-06-24,C11164,P2017,1,0.1,42.64,69.06,Apparel,69.06,6.91,62.15,42.64,4.57,1.98
O506057,2026-02-16,C10524,P2060,1,0.1,91.93,225.41,Sports,225.41,22.54,202.87,91.93,6.19,6.48
O506058,2025-03-11,C11061,P2065,2,0.15,74.22,160.54,Electronics,321.08,48.16,272.92,148.44,4.52,6.16
O506059,2025-05-30,C10952,P2035,3,0.0,33.04,85.13,Beauty,255.39,0.0,255.39,99.12,6.34,5.99
O506060,2025-01-25,C10681,P2072,1,0.0,85.85,152.66,Sports,152.66,0.0,152.66,85.85,3.75,4.18
O506061,2026-04-19,C10565,P2013,1,0.1,14.91,32.18,Beauty,32.18,3.22,28.96,14.91,4.06,0.54
O506062,2026-01-07,C10959,P2027,2,0.15,39.51,103.84,Electronics,207.68,31.15,176.53,79.02,5.13,3.97
O506063,2025-10-02,C10274,P2012,1,0.2,91.5,250.58,Home,250.58,50.12,200.46,91.5,5.32,4.94
O506064,2026-06-22,C10899,P2052,3,0.0,85.13,212.17,Beauty,636.51,0.0,636.51,255.39,7.36,15.9
O506065,2026-04-21,C10711,P2059,1,0.1,74.58,192.13,Electronics,192.13,19.21,172.92,74.58,6.11,5.53
O506066,2025-01-19,C10386,P2027,1,0.15,39.51,103.84,Electronics,103.84,15.58,88.26,39.51,5.77,2.39
O506067,2025-11-14,C10198,P2005,2,0.15,21.42,39.38,Sports,78.76,11.81,66.95,42.84,6.08,1.72
O506068,2025-01-29,C10048,P2069,3,0.2,90.63,175.87,Apparel,527.61,105.52,422.09,271.89,6.26,10.11
O506069,2025-03-14,C10324,P2004,1,0.1,82.13,229.05,Sports,229.05,22.9,206.14,82.13,3.48,4.31
O506070,2025-06-19,C10786,P2054,1,0.0,19.42,50.24,Beauty,50.24,0.0,50.24,19.42,5.11,1.13
O506071,2025-11-13,C10590,P2024,1,0.0,38.64,85.56,Electronics,85.56,0.0,85.56,38.64,3.02,2.18
O506072,2026-01-31,C10364,P2034,1,0.1,84.74,206.91,Electronics,206.91,20.69,186.22,84.74,7.14,5.77
O506073,2025-07-22,C10611,P2018,3,0.0,23.1,60.58,Apparel,181.74,0.0,181.74,69.3,5.84,4.89
O506074,2025-12-09,C10917,P2001,1,0.1,67.86,159.31,Electronics,159.31,15.93,143.38,67.86,3.64,2.78
O506075,2025-11-23,C10654,P2011,2,0.1,25.59,43.62,Electronics,87.24,8.72,78.52,51.18,7.45,2.28
O506076,2025-08-23,C11099,P2000,2,0.25,20.01,46.3,Beauty,92.6,23.15,69.45,40.02,3.33,2.19
O506077,2025-07-19,C11050,P2064,1,0.0,92.82,194.3,Sports,194.3,0.0,194.3,92.82,3.85,6.01
O506078,2026-05-20,C10591,P2074,2,0.0,60.53,130.38,Sports,260.76,0.0,260.76,121.06,4.95,6.72
O506079,2025-10-06,C10313,P2013,2,0.1,14.91,32.18,Beauty,64.36,6.44,57.92,29.82,7.72,1.39
O506080,2025-09-23,C11087,P2078,1,0.15,80.99,151.9,Beauty,151.9,22.78,129.12,80.99,5.3,3.92
O506081,2025-10-25,C10140,P2055,2,0.1,14.94,29.55,Sports,59.1,5.91,53.19,29.88,2.9,1.19
O506082,2025-11-20,C11140,P2009,1,0.15,89.03,195.13,Home,195.13,29.27,165.86,89.03,5.17,4.48
O506083,2025-08-06,C10029,P2021,3,0.05,75.19,147.18,Electronics,441.54,22.08,419.46,225.57,4.44,11.89
O506084,2026-06-09,C10841,P2046,2,0.0,41.9,79.58,Sports,159.16,0.0,159.16,83.8,4.57,4.92
O506085,2025-03-08,C10381,P2051,2,0.1,21.09,56.25,Home,112.5,11.25,101.25,42.18,4.41,3.15
O506086,2026-04-25,C10928,P2059,1,0.05,74.58,192.13,Electronics,192.13,9.61,182.52,74.58,2.93,4.41
O506087,2025-06-10,C10212,P2032,1,0.0,83.59,176.17,Apparel,176.17,0.0,176.17,83.59,4.24,5.18
O506088,2025-07-27,C11003,P2039,2,0.1,88.55,225.55,Beauty,451.1,45.11,405.99,177.1,7.11,8.64
O506089,2025-01-21,C10600,P2011,1,0.0,25.59,43.62,Electronics,43.62,0.0,43.62,25.59,5.28,0.96
O506090,2025-08-11,C10824,P2026,1,0.25,25.88,63.53,Beauty,63.53,15.88,47.65,25.88,3.76,1.22
O506091,2025-05-26,C10269,P2031,2,0.1,54.53,117.07,Sports,234.14,23.41,210.73,109.06,6.11,4.68
O506092,2025-02-02,C10478,P2043,2,0.15,34.43,56.92,Electronics,113.84,17.08,96.76,68.86,2.97,2.73
O506093,2025-10-12,C10007,P2076,1,0.1,94.33,153.36,Apparel,153.36,15.34,138.02,94.33,4.0,3.84
O506094,2025-06-30,C10413,P2034,1,0.15,84.74,206.91,Electronics,206.91,31.04,175.87,84.74,6.31,4.01
O506095,2025-02-17,C10783,P2071,1,0.05,72.34,202.22,Beauty,202.22,10.11,192.11,72.34,7.3,5.52
O506096,2026-01-06,C10010,P2001,2,0.15,67.86,159.31,Electronics,318.62,47.79,270.83,135.72,4.79,8.54
O506097,2026-01-15,C10481,P2050,1,0.15,47.62,83.27,Beauty,83.27,12.49,70.78,47.62,3.11,1.66
O506098,2025-10-20,C11176,P2026,1,0.15,25.88,63.53,Beauty,63.53,9.53,54.0,25.88,5.07,1.71
O506099,2025-04-13,C10395,P2078,2,0.15,80.99,151.9,Beauty,303.8,45.57,258.23,161.98,7.08,7.9
O506100,2025-04-29,C11184,P2003,2,0.05,103.86,246.21,Sports,492.42,24.62,467.8,207.72,5.43,9.59
O506101,2025-08-17,C10085,P2058,2,0.1,56.31,124.87,Electronics,249.74,24.97,224.77,112.62,4.22,6.45
O506102,2025-05-31,C10668,P2056,1,0.1,12.18,29.13,Home,29.13,2.91,26.22,12.18,3.5,0.5
O506103,2026-04-02,C10817,P2005,2,0.1,21.42,39.38,Sports,78.76,7.88,70.88,42.84,6.02,1.89
O506104,2025-10-03,C10779,P2072,1,0.1,85.85,152.66,Sports,152.66,15.27,137.39,85.85,5.44,3.65
O506105,2025-03-31,C10581,P2030,3,0.15,81.44,160.67,Electronics,482.01,72.3,409.71,244.32,3.58,13.07
O506106,2025-01-17,C11023,P2019,3,0.2,28.46,61.03,Sports,183.09,36.62,146.47,85.38,5.3,3.09
O506107,2025-11-25,C10466,P2045,2,0.0,54.87,109.92,Sports,219.84,0.0,219.84,109.74,3.15,6.1
O506108,2025-02-27,C10767,P2015,2,0.25,32.67,56.68,Home,113.36,28.34,85.02,65.34,4.62,1.84
O506109,2025-11-15,C10476,P2014,3,0.1,105.6,279.48,Beauty,838.44,83.84,754.6,316.8,7.52,18.21
O506110,2026-03-16,C10872,P2052,1,0.15,85.13,212.17,Beauty,212.17,31.83,180.34,85.13,3.94,5.02
O506111,2026-01-30,C10758,P2009,3,0.0,89.03,195.13,Home,585.39,0.0,585.39,267.09,4.65,12.89
O506112,2025-05-01,C10170,P2025,1,0.0,59.62,149.3,Electronics,149.3,0.0,149.3,59.62,3.41,4.44
O506113,2025-11-11,C10116,P2058,2,0.1,56.31,124.87,Electronics,249.74,24.97,224.77,112.62,6.32,4.86
O506114,2025-07-13,C10906,P2076,3,0.05,94.33,153.36,Apparel,460.08,23.0,437.08,282.99,2.5,12.42
O506115,2025-07-31,C10736,P2013,1,0.1,14.91,32.18,Beauty,32.18,3.22,28.96,14.91,4.03,0.89
O506116,2026-05-05,C11002,P2044,1,0.05,96.39,166.51,Electronics,166.51,8.33,158.18,96.39,3.58,3.17
O506117,2026-04-09,C11023,P2002,1,0.0,36.16,61.12,Beauty,61.12,0.0,61.12,36.16,7.75,1.66
O506118,2025-07-19,C10593,P2015,1,0.05,32.67,56.68,Home,56.68,2.83,53.85,32.67,5.79,1.58
O506119,2025-05-11,C10070,P2040,2,0.1,46.24,112.16,Electronics,224.32,22.43,201.89,92.48,2.88,4.8
O506120,2025-11-24,C11158,P2039,1,0.0,88.55,225.55,Beauty,225.55,0.0,225.55,88.55,3.25,5.65
O506121,2025-08-06,C10100,P2011,1,0.0,25.59,43.62,Electronics,43.62,0.0,43.62,25.59,2.82,1.16
O506122,2026-03-14,C10149,P2066,1,0.2,21.23,45.94,Beauty,45.94,9.19,36.75,21.23,5.63,0.74
O506123,2026-04-14,C10275,P2065,3,0.15,74.22,160.54,Electronics,481.62,72.24,409.38,222.66,3.78,12.9
O506124,2025-09-29,C10191,P2067,1,0.1,89.48,177.38,Sports,177.38,17.74,159.64,89.48,2.67,4.62
O506125,2025-03-13,C10700,P2008,1,0.1,64.11,126.24,Beauty,126.24,12.62,113.62,64.11,3.74,3.26
O506126,2026-01-11,C10962,P2027,2,0.05,39.51,103.84,Electronics,207.68,10.38,197.3,79.02,5.94,6.05
O506127,2025-10-12,C10820,P2071,2,0.05,72.34,202.22,Beauty,404.44,20.22,384.22,144.68,2.5,10.57
O506128,2025-02-27,C10972,P2010,3,0.15,105.58,212.84,Electronics,638.52,95.78,542.74,316.74,4.72,15.49
O506129,2025-10-20,C10956,P2027,1,0.05,39.51,103.84,Electronics,103.84,5.19,98.65,39.51,3.26,2.03
O506130,2026-06-08,C10275,P2022,3,0.05,39.69,79.46,Beauty,238.38,11.92,226.46,119.07,3.72,6.39
O506131,2026-06-11,C10304,P2025,2,0.25,59.62,149.3,Electronics,298.6,74.65,223.95,119.24,3.67,5.94
O506132,2026-03-29,C11186,P2052,3,0.05,85.13,212.17,Beauty,636.51,31.83,604.68,255.39,5.53,15.09
O506133,2025-04-11,C10932,P2044,3,0.15,96.39,166.51,Electronics,499.53,74.93,424.6,289.17,3.1,7.78
O506134,2025-10-26,C10715,P2050,1,0.1,47.62,83.27,Beauty,83.27,8.33,74.94,47.62,6.6,2.13
O506135,2025-08-22,C11047,P2024,2,0.05,38.64,85.56,Electronics,171.12,8.56,162.56,77.28,5.35,4.16
O506136,2026-06-20,C11126,P2046,1,0.1,41.9,79.58,Sports,79.58,7.96,71.62,41.9,3.12,1.53
O506137,2026-06-04,C11184,P2021,1,0.0,75.19,147.18,Electronics,147.18,0.0,147.18,75.19,2.5,4.33
O506138,2026-05-09,C10047,P2009,2,0.05,89.03,195.13,Home,390.26,19.51,370.75,178.06,4.34,9.03
O506139,2025-06-26,C10207,P2063,1,0.15,107.79,241.07,Sports,241.07,36.16,204.91,107.79,2.5,4.54
O506140,2025-12-15,C11011,P2007,1,0.0,81.19,138.2,Apparel,138.2,0.0,138.2,81.19,5.24,3.72
O506141,2025-06-20,C10445,P2019,1,0.1,28.46,61.03,Sports,61.03,6.1,54.93,28.46,4.77,1.18
O506142,2025-10-01,C10928,P2014,2,0.1,105.6,279.48,Beauty,558.96,55.9,503.06,211.2,7.73,13.3
O506143,2025-05-08,C10788,P2033,1,0.1,102.58,280.83,Apparel,280.83,28.08,252.75,102.58,2.5,4.99
O506144,2025-06-19,C10367,P2063,1,0.05,107.79,241.07,Sports,241.07,12.05,229.02,107.79,4.8,6.4
O506145,2025-07-27,C10168,P2029,3,0.15,30.95,55.54,Apparel,166.62,24.99,141.63,92.85,6.78,4.02
O506146,2026-01-20,C11123,P2029,1,0.15,30.95,55.54,Apparel,55.54,8.33,47.21,30.95,6.68,1.38
O506147,2026-04-24,C10433,P2042,2,0.0,21.36,43.17,Sports,86.34,0.0,86.34,42.72,8.23,2.37
O506148,2025-11-24,C10355,P2075,2,0.1,49.49,125.61,Electronics,251.22,25.12,226.1,98.98,4.39,6.8
O506149,2025-12-16,C10962,P2011,3,0.15,25.59,43.62,Electronics,130.86,19.63,111.23,76.77,3.6,3.22
O506150,2025-06-26,C10597,P2074,1,0.15,60.53,130.38,Sports,130.38,19.56,110.82,60.53,4.59,3.38
O506151,2025-03-28,C10758,P2009,1,0.15,89.03,195.13,Home,195.13,29.27,165.86,89.03,5.96,3.49
O506152,2026-04-11,C10741,P2052,1,0.1,85.13,212.17,Beauty,212.17,21.22,190.95,85.13,5.15,5.53
O506153,2026-04-09,C10243,P2046,1,0.1,41.9,79.58,Sports,79.58,7.96,71.62,41.9,6.6,1.59
O506154,2026-02-10,C10711,P2003,1,0.15,103.86,246.21,Sports,246.21,36.93,209.28,103.86,4.66,6.53
O506155,2025-06-30,C10219,P2002,2,0.15,36.16,61.12,Beauty,122.24,18.34,103.9,72.32,6.2,2.06
O506156,2025-02-09,C10685,P2028,2,0.2,49.21,76.08,Beauty,152.16,30.43,121.73,98.42,4.17,3.44
O506157,2025-11-19,C10085,P2073,2,0.0,103.53,278.8,Apparel,557.6,0.0,557.6,207.06,8.79,17.4
O506158,2026-01-28,C11194,P2015,2,0.2,32.67,56.68,Home,113.36,22.67,90.69,65.34,2.5,1.95
O506159,2025-12-05,C10543,P2030,2,0.05,81.44,160.67,Electronics,321.34,16.07,305.27,162.88,6.56,9.47
O506160,2025-04-02,C10183,P2050,1,0.0,47.62,83.27,Beauty,83.27,0.0,83.27,47.62,7.16,2.35
O506161,2026-03-01,C10500,P2072,1,0.1,85.85,152.66,Sports,152.66,15.27,137.39,85.85,6.12,3.15
O506162,2025-08-13,C10289,P2041,2,0.05,53.15,104.66,Apparel,209.32,10.47,198.85,106.3,4.94,3.91
O506163,2025-09-16,C11121,P2076,1,0.0,94.33,153.36,Apparel,153.36,0.0,153.36,94.33,4.65,3.17
O506164,2026-04-09,C10587,P2031,2,0.0,54.53,117.07,Sports,234.14,0.0,234.14,109.06,7.41,6.43
O506165,2026-01-04,C10525,P2010,2,0.1,105.58,212.84,Electronics,425.68,42.57,383.11,211.16,6.06,9.55
O506166,2026-05-25,C11023,P2060,1,0.05,91.93,225.41,Sports,225.41,11.27,214.14,91.93,8.04,6.26
O506167,2026-06-23,C10173,P2043,1,0.05,34.43,56.92,Electronics,56.92,2.85,54.07,34.43,4.98,1.59
O506168,2025-10-03,C10520,P2057,2,0.05,24.55,53.8,Beauty,107.6,5.38,102.22,49.1,3.9,2.83
O506169,2025-08-27,C10071,P2015,1,0.05,32.67,56.68,Home,56.68,2.83,53.85,32.67,7.74,1.03
O506170,2025-05-30,C10602,P2046,2,0.05,41.9,79.58,Sports,159.16,7.96,151.2,83.8,6.5,4.34
O506171,2026-01-11,C10246,P2045,2,0.05,54.87,109.92,Sports,219.84,10.99,208.85,109.74,5.23,3.99
O506172,2025-11-07,C10836,P2021,2,0.05,75.19,147.18,Electronics,294.36,14.72,279.64,150.38,4.88,7.61
O506173,2025-07-12,C10497,P2062,2,0.1,69.71,151.88,Beauty,303.76,30.38,273.38,139.42,7.64,6.9
O506174,2026-01-20,C10330,P2040,1,0.0,46.24,112.16,Electronics,112.16,0.0,112.16,46.24,3.48,2.44
O506175,2025-05-31,C11067,P2014,3,0.05,105.6,279.48,Beauty,838.44,41.92,796.52,316.8,2.84,20.11
O506176,2025-06-15,C10905,P2049,3,0.2,75.64,173.14,Apparel,519.42,103.88,415.54,226.92,5.3,7.66
O506177,2026-02-28,C10376,P2026,2,0.0,25.88,63.53,Beauty,127.06,0.0,127.06,51.76,3.49,2.91
O506178,2026-06-23,C10587,P2061,3,0.15,92.46,150.56,Sports,451.68,67.75,383.93,277.38,6.42,11.43
O506179,2026-04-21,C10669,P2042,3,0.05,21.36,43.17,Sports,129.51,6.48,123.03,64.08,3.74,3.81
O506180,2025-04-18,C10493,P2020,2,0.1,96.28,147.84,Home,295.68,29.57,266.11,192.56,3.26,4.84
O506181,2025-02-18,C10635,P2022,1,0.0,39.69,79.46,Beauty,79.46,0.0,79.46,39.69,2.5,1.53
O506182,2025-06-02,C10845,P2002,1,0.2,36.16,61.12,Beauty,61.12,12.22,48.9,36.16,3.06,0.94
O506183,2025-10-27,C10157,P2027,1,0.1,39.51,103.84,Electronics,103.84,10.38,93.46,39.51,6.39,2.41
O506184,2025-08-09,C10694,P2013,2,0.0,14.91,32.18,Beauty,64.36,0.0,64.36,29.82,4.96,1.51
O506185,2025-07-01,C10469,P2058,3,0.05,56.31,124.87,Electronics,374.61,18.73,355.88,168.93,4.17,6.43
O506186,2025-05-23,C10789,P2011,1,0.2,25.59,43.62,Electronics,43.62,8.72,34.9,25.59,4.42,1.08
O506187,2025-08-22,C10066,P2017,2,0.1,42.64,69.06,Apparel,138.12,13.81,124.31,85.28,4.96,3.54
O506188,2025-04-04,C10984,P2005,2,0.1,21.42,39.38,Sports,78.76,7.88,70.88,42.84,7.66,1.39
O506189,2025-02-03,C10918,P2064,3,0.05,92.82,194.3,Sports,582.9,29.15,553.76,278.46,4.89,17.53
O506190,2025-12-22,C10503,P2018,1,0.1,23.1,60.58,Apparel,60.58,6.06,54.52,23.1,4.06,1.56
O506191,2025-07-28,C10262,P2024,1,0.2,38.64,85.56,Electronics,85.56,17.11,68.45,38.64,5.55,1.92
O506192,2025-06-14,C10387,P2010,2,0.0,105.58,212.84,Electronics,425.68,0.0,425.68,211.16,5.54,10.13
O506193,2025-12-31,C11189,P2026,2,0.15,25.88,63.53,Beauty,127.06,19.06,108.0,51.76,5.82,2.72
O506194,2025-07-21,C10332,P2000,2,0.05,20.01,46.3,Beauty,92.6,4.63,87.97,40.02,6.26,1.8
O506195,2026-06-05,C10695,P2046,2,0.1,41.9,79.58,Sports,159.16,15.92,143.24,83.8,6.9,2.91
O506196,2026-01-02,C10244,P2071,2,0.05,72.34,202.22,Beauty,404.44,20.22,384.22,144.68,5.98,8.75
O506197,2026-04-02,C10153,P2073,3,0.05,103.53,278.8,Apparel,836.4,41.82,794.58,310.59,7.47,19.39
O506198,2025-11-03,C10606,P2071,2,0.05,72.34,202.22,Beauty,404.44,20.22,384.22,144.68,3.78,10.45
O506199,2025-05-18,C10503,P2073,2,0.05,103.53,278.8,Apparel,557.6,27.88,529.72,207.06,6.47,12.07
O506200,2026-03-12,C11019,P2003,1,0.2,103.86,246.21,Sports,246.21,49.24,196.97,103.86,5.33,3.93
O506201,2026-05-22,C10971,P2040,1,0.15,46.24,112.16,Electronics,112.16,16.82,95.34,46.24,5.48,1.92
O506202,2025-10-12,C10291,P2042,2,0.15,21.36,43.17,Sports,86.34,12.95,73.39,42.72,7.19,1.85
O506203,2025-06-20,C10583,P2031,2,0.05,54.53,117.07,Sports,234.14,11.71,222.43,109.06,3.7,5.01
O506204,2025-12-10,C10978,P2025,1,0.0,59.62,149.3,Electronics,149.3,0.0,149.3,59.62,5.92,3.47
O506205,2026-04-24,C10959,P2066,1,0.05,21.23,45.94,Beauty,45.94,2.3,43.64,21.23,3.89,1.2
O506206,2025-12-03,C10107,P2017,1,0.05,42.64,69.06,Apparel,69.06,3.45,65.61,42.64,4.16,1.6
O506207,2025-02-16,C10409,P2029,3,0.15,30.95,55.54,Apparel,166.62,24.99,141.63,92.85,6.14,4.43
O506208,2025-12-30,C10981,P2016,2,0.0,23.99,66.65,Electronics,133.3,0.0,133.3,47.98,5.56,4.16
O506209,2025-04-01,C10514,P2061,2,0.0,92.46,150.56,Sports,301.12,0.0,301.12,184.92,5.17,9.62
O506210,2026-03-30,C10798,P2012,1,0.1,91.5,250.58,Home,250.58,25.06,225.52,91.5,3.19,5.12
O506211,2025-08-01,C10672,P2014,2,0.1,105.6,279.48,Beauty,558.96,55.9,503.06,211.2,3.94,14.11
O506212,2025-12-05,C10247,P2042,1,0.15,21.36,43.17,Sports,43.17,6.48,36.69,21.36,5.54,0.71
O506213,2025-06-23,C10868,P2042,1,0.2,21.36,43.17,Sports,43.17,8.63,34.54,21.36,4.96,0.88
O506214,2025-04-21,C10448,P2002,3,0.2,36.16,61.12,Beauty,183.36,36.67,146.69,108.48,6.07,3.82
O506215,2026-06-25,C11073,P2008,1,0.05,64.11,126.24,Beauty,126.24,6.31,119.93,64.11,3.58,2.61
O506216,2026-02-07,C11198,P2047,2,0.0,23.95,36.37,Sports,72.74,0.0,72.74,47.9,4.04,1.85
O506217,2025-12-13,C10880,P2047,2,0.0,23.95,36.37,Sports,72.74,0.0,72.74,47.9,7.32,1.81
O506218,2025-11-20,C10768,P2022,1,0.1,39.69,79.46,Beauty,79.46,7.95,71.51,39.69,5.42,2.12
O506219,2025-06-19,C10242,P2015,1,0.15,32.67,56.68,Home,56.68,8.5,48.18,32.67,2.5,1.16
O506220,2025-01-14,C10709,P2034,1,0.0,84.74,206.91,Electronics,206.91,0.0,206.91,84.74,2.5,4.0
O506221,2026-03-27,C11080,P2060,1,0.05,91.93,225.41,Sports,225.41,11.27,214.14,91.93,5.69,5.06
O506222,2025-08-11,C10994,P2061,1,0.2,92.46,150.56,Sports,150.56,30.11,120.45,92.46,6.67,2.81
O506223,2026-01-02,C10289,P2013,2,0.1,14.91,32.18,Beauty,64.36,6.44,57.92,29.82,5.9,1.4
O506224,2025-09-05,C10687,P2010,1,0.25,105.58,212.84,Electronics,212.84,53.21,159.63,105.58,4.17,3.12
O506225,2026-06-09,C10145,P2009,3,0.2,89.03,195.13,Home,585.39,117.08,468.31,267.09,3.61,14.44
O506226,2025-09-07,C11110,P2033,1,0.0,102.58,280.83,Apparel,280.83,0.0,280.83,102.58,5.18,5.48
O506227,2025-05-05,C10060,P2005,2,0.1,21.42,39.38,Sports,78.76,7.88,70.88,42.84,6.17,2.21
O506228,2025-01-03,C10295,P2015,3,0.0,32.67,56.68,Home,170.04,0.0,170.04,98.01,7.11,4.33
O506229,2025-12-03,C11138,P2040,2,0.0,46.24,112.16,Electronics,224.32,0.0,224.32,92.48,5.19,6.3
O506230,2025-06-29,C10363,P2001,3,0.05,67.86,159.31,Electronics,477.93,23.9,454.03,203.58,4.69,9.66
O506231,2025-02-02,C10362,P2003,2,0.05,103.86,246.21,Sports,492.42,24.62,467.8,207.72,2.5,14.48
O506232,2025-05-22,C10197,P2058,1,0.15,56.31,124.87,Electronics,124.87,18.73,106.14,56.31,5.5,3.18
O506233,2026-02-10,C10276,P2031,1,0.05,54.53,117.07,Sports,117.07,5.85,111.22,54.53,3.39,2.61
O506234,2025-06-15,C10073,P2048,1,0.0,26.01,65.12,Home,65.12,0.0,65.12,26.01,4.23,1.53
O506235,2025-12-23,C11107,P2014,2,0.05,105.6,279.48,Beauty,558.96,27.95,531.01,211.2,3.92,13.4
O506236,2025-04-26,C10992,P2052,1,0.1,85.13,212.17,Beauty,212.17,21.22,190.95,85.13,4.89,3.54
O506237,2025-07-03,C10527,P2051,2,0.15,21.09,56.25,Home,112.5,16.88,95.62,42.18,3.12,2.87
O506238,2025-11-21,C10884,P2050,1,0.1,47.62,83.27,Beauty,83.27,8.33,74.94,47.62,6.24,1.96
O506239,2026-06-03,C10668,P2068,3,0.0,54.46,128.05,Home,384.15,0.0,384.15,163.38,3.83,10.68
O506240,2025-12-19,C10284,P2049,1,0.15,75.64,173.14,Apparel,173.14,25.97,147.17,75.64,7.24,4.6
O506241,2026-04-19,C11037,P2003,2,0.0,103.86,246.21,Sports,492.42,0.0,492.42,207.72,8.01,13.73
O506242,2025-10-31,C10581,P2004,3,0.15,82.13,229.05,Sports,687.15,103.07,584.08,246.39,6.53,15.65
O506243,2025-04-21,C10964,P2068,1,0.2,54.46,128.05,Home,128.05,25.61,102.44,54.46,6.18,1.85
O506244,2025-05-08,C10395,P2033,1,0.0,102.58,280.83,Apparel,280.83,0.0,280.83,102.58,5.55,8.56
O506245,2025-11-08,C10646,P2014,1,0.05,105.6,279.48,Beauty,279.48,13.97,265.51,105.6,4.87,6.89
O506246,2026-01-11,C10588,P2036,1,0.1,79.57,186.92,Apparel,186.92,18.69,168.23,79.57,6.05,4.54
O506247,2026-01-13,C11123,P2061,1,0.1,92.46,150.56,Sports,150.56,15.06,135.5,92.46,2.92,2.49
O506248,2025-11-30,C10931,P2014,3,0.0,105.6,279.48,Beauty,838.44,0.0,838.44,316.8,3.84,25.74
O506249,2025-03-22,C10298,P2039,1,0.25,88.55,225.55,Beauty,225.55,56.39,169.16,88.55,3.14,4.37
O506250,2025-03-02,C10127,P2040,2,0.15,46.24,112.16,Electronics,224.32,33.65,190.67,92.48,6.65,3.48
O506251,2026-03-13,C10709,P2060,1,0.1,91.93,225.41,Sports,225.41,22.54,202.87,91.93,2.82,4.32
O506252,2025-11-28,C10353,P2060,2,0.1,91.93,225.41,Sports,450.82,45.08,405.74,183.86,6.87,12.59
O506253,2026-04-29,C10577,P2006,2,0.1,90.83,200.16,Electronics,400.32,40.03,360.29,181.66,6.72,6.71
O506254,2025-09-26,C10645,P2031,1,0.15,54.53,117.07,Sports,117.07,17.56,99.51,54.53,3.42,2.32
O506255,2025-08-21,C10504,P2032,1,0.0,83.59,176.17,Apparel,176.17,0.0,176.17,83.59,6.86,3.84
O506256,2025-07-11,C10854,P2013,1,0.05,14.91,32.18,Beauty,32.18,1.61,30.57,14.91,5.24,0.93
O506257,2026-02-05,C10300,P2062,3,0.1,69.71,151.88,Beauty,455.64,45.56,410.08,209.13,6.52,12.98
O506258,2026-03-23,C10002,P2062,1,0.1,69.71,151.88,Beauty,151.88,15.19,136.69,69.71,6.03,4.29
O506259,2026-06-03,C11039,P2017,1,0.0,42.64,69.06,Apparel,69.06,0.0,69.06,42.64,4.65,1.75
O506260,2025-01-27,C10633,P2034,3,0.15,84.74,206.91,Electronics,620.73,93.11,527.62,254.22,5.61,14.67
O506261,2026-01-27,C11053,P2017,2,0.1,42.64,69.06,Apparel,138.12,13.81,124.31,85.28,2.5,2.44
O506262,2025-12-15,C10557,P2055,1,0.0,14.94,29.55,Sports,29.55,0.0,29.55,14.94,4.03,0.65
O506263,2025-09-03,C10570,P2016,3,0.1,23.99,66.65,Electronics,199.95,20.0,179.96,71.97,5.95,5.66
O506264,2026-01-01,C10654,P2016,2,0.0,23.99,66.65,Electronics,133.3,0.0,133.3,47.98,6.6,2.78
O506265,2026-03-28,C10095,P2027,1,0.1,39.51,103.84,Electronics,103.84,10.38,93.46,39.51,6.08,2.16
O506266,2025-10-24,C10141,P2042,1,0.1,21.36,43.17,Sports,43.17,4.32,38.85,21.36,8.08,1.24
O506267,2026-01-21,C10508,P2017,1,0.2,42.64,69.06,Apparel,69.06,13.81,55.25,42.64,4.37,1.02
O506268,2025-06-01,C10109,P2074,1,0.0,60.53,130.38,Sports,130.38,0.0,130.38,60.53,6.34,2.56
O506269,2025-10-11,C10761,P2034,2,0.05,84.74,206.91,Electronics,413.82,20.69,393.13,169.48,5.44,7.34
O506270,2025-08-13,C11187,P2061,1,0.0,92.46,150.56,Sports,150.56,0.0,150.56,92.46,3.79,3.2
O506271,2025-07-14,C11050,P2047,1,0.1,23.95,36.37,Sports,36.37,3.64,32.73,23.95,5.31,0.85
O506272,2026-05-01,C10815,P2075,2,0.05,49.49,125.61,Electronics,251.22,12.56,238.66,98.98,4.36,4.56
O506273,2026-06-12,C10888,P2043,2,0.15,34.43,56.92,Electronics,113.84,17.08,96.76,68.86,3.17,2.93
O506274,2026-03-09,C10299,P2045,1,0.15,54.87,109.92,Sports,109.92,16.49,93.43,54.87,5.78,2.43
O506275,2026-02-21,C11006,P2052,2,0.1,85.13,212.17,Beauty,424.34,42.43,381.91,170.26,4.93,12.16
O506276,2026-06-22,C10034,P2042,1,0.15,21.36,43.17,Sports,43.17,6.48,36.69,21.36,4.98,0.69
O506277,2026-05-09,C10669,P2055,2,0.05,14.94,29.55,Sports,59.1,2.96,56.14,29.88,3.53,1.78
O506278,2026-02-19,C10142,P2011,1,0.0,25.59,43.62,Electronics,43.62,0.0,43.62,25.59,3.71,0.99
O506279,2025-05-16,C10452,P2041,1,0.15,53.15,104.66,Apparel,104.66,15.7,88.96,53.15,5.37,2.57
O506280,2025-03-03,C11164,P2039,1,0.05,88.55,225.55,Beauty,225.55,11.28,214.27,88.55,4.45,4.88
O506281,2025-06-04,C10660,P2010,1,0.1,105.58,212.84,Electronics,212.84,21.28,191.56,105.58,3.46,4.57
O506282,2026-03-10,C10771,P2066,1,0.1,21.23,45.94,Beauty,45.94,4.59,41.35,21.23,4.98,0.83
O506283,2025-04-29,C10309,P2055,1,0.05,14.94,29.55,Sports,29.55,1.48,28.07,14.94,5.63,0.78
O506284,2026-06-15,C10194,P2044,2,0.2,96.39,166.51,Electronics,333.02,66.6,266.42,192.78,5.05,8.42
O506285,2025-06-04,C10511,P2076,3,0.0,94.33,153.36,Apparel,460.08,0.0,460.08,282.99,5.79,10.27
O506286,2025-06-09,C10577,P2072,1,0.1,85.85,152.66,Sports,152.66,15.27,137.39,85.85,7.19,3.66
O506287,2026-02-04,C10697,P2044,1,0.1,96.39,166.51,Electronics,166.51,16.65,149.86,96.39,3.57,4.79
O506288,2025-07-19,C10375,P2070,1,0.1,80.41,185.88,Sports,185.88,18.59,167.29,80.41,5.13,3.9
O506289,2026-03-12,C10554,P2011,1,0.05,25.59,43.62,Electronics,43.62,2.18,41.44,25.59,6.22,0.78
O506290,2025-06-20,C10953,P2014,1,0.0,105.6,279.48,Beauty,279.48,0.0,279.48,105.6,5.15,6.47
O506291,2025-02-17,C10976,P2078,2,0.15,80.99,151.9,Beauty,303.8,45.57,258.23,161.98,3.22,8.02
O506292,2025-03-02,C10741,P2024,1,0.15,38.64,85.56,Electronics,85.56,12.83,72.73,38.64,3.64,2.15
O506293,2026-06-01,C10041,P2035,1,0.15,33.04,85.13,Beauty,85.13,12.77,72.36,33.04,3.78,1.93
O506294,2025-02-24,C10128,P2038,1,0.1,61.98,100.85,Sports,100.85,10.09,90.76,61.98,5.0,2.79
O506295,2026-04-12,C10732,P2006,1,0.0,90.83,200.16,Electronics,200.16,0.0,200.16,90.83,7.24,5.47
O506296,2025-02-04,C11156,P2030,1,0.1,81.44,160.67,Electronics,160.67,16.07,144.6,81.44,3.09,3.99
O506297,2025-10-02,C10835,P2039,2,0.2,88.55,225.55,Beauty,451.1,90.22,360.88,177.1,2.5,11.31
O506298,2025-09-27,C10611,P2024,3,0.15,38.64,85.56,Electronics,256.68,38.5,218.18,115.92,4.66,6.71
O506299,2026-04-28,C11022,P2045,3,0.1,54.87,109.92,Sports,329.76,32.98,296.78,164.61,6.75,9.16
O506300,2025-02-26,C11133,P2021,1,0.05,75.19,147.18,Electronics,147.18,7.36,139.82,75.19,7.75,2.75
O506301,2025-01-23,C10627,P2037,1,0.15,19.43,42.14,Home,42.14,6.32,35.82,19.43,4.47,0.95
O506302,2025-01-29,C10701,P2004,1,0.15,82.13,229.05,Sports,229.05,34.36,194.69,82.13,2.77,4.84
O506303,2026-02-08,C10929,P2076,1,0.2,94.33,153.36,Apparel,153.36,30.67,122.69,94.33,3.85,2.41
O506304,2025-11-23,C10269,P2010,3,0.15,105.58,212.84,Electronics,638.52,95.78,542.74,316.74,3.07,13.26
O506305,2025-08-10,C10834,P2014,1,0.0,105.6,279.48,Beauty,279.48,0.0,279.48,105.6,4.98,5.64
O506306,2025-04-21,C10281,P2000,1,0.15,20.01,46.3,Beauty,46.3,6.94,39.35,20.01,3.62,0.81
O506307,2026-01-13,C11044,P2003,1,0.25,103.86,246.21,Sports,246.21,61.55,184.66,103.86,5.52,4.27
O506308,2025-11-13,C11199,P2067,1,0.15,89.48,177.38,Sports,177.38,26.61,150.77,89.48,2.84,3.22
O506309,2026-03-02,C10781,P2060,3,0.15,91.93,225.41,Sports,676.23,101.43,574.8,275.79,7.16,14.56
O506310,2026-02-16,C11154,P2019,2,0.1,28.46,61.03,Sports,122.06,12.21,109.85,56.92,5.91,2.95
O506311,2026-03-23,C10870,P2042,2,0.0,21.36,43.17,Sports,86.34,0.0,86.34,42.72,5.89,1.98
O506312,2025-09-11,C10344,P2036,1,0.1,79.57,186.92,Apparel,186.92,18.69,168.23,79.57,6.62,4.7
O506313,2025-02-16,C11078,P2055,1,0.0,14.94,29.55,Sports,29.55,0.0,29.55,14.94,3.17,0.85
O506314,2025-01-01,C10871,P2014,1,0.0,105.6,279.48,Beauty,279.48,0.0,279.48,105.6,5.96,8.36
O506315,2025-11-01,C10336,P2037,2,0.2,19.43,42.14,Home,84.28,16.86,67.42,38.86,4.13,1.45
O506316,2026-01-13,C11089,P2033,1,0.0,102.58,280.83,Apparel,280.83,0.0,280.83,102.58,7.33,8.66
O506317,2025-10-24,C10167,P2044,1,0.0,96.39,166.51,Electronics,166.51,0.0,166.51,96.39,5.86,3.84
O506318,2025-07-01,C10681,P2056,1,0.1,12.18,29.13,Home,29.13,2.91,26.22,12.18,6.01,0.84
O506319,2026-03-13,C10091,P2061,1,0.1,92.46,150.56,Sports,150.56,15.06,135.5,92.46,2.6,2.97
O506320,2025-09-04,C10870,P2040,1,0.15,46.24,112.16,Electronics,112.16,16.82,95.34,46.24,3.49,2.87
O506321,2025-03-26,C10335,P2057,3,0.1,24.55,53.8,Beauty,161.4,16.14,145.26,73.65,3.86,3.84
O506322,2026-01-05,C11039,P2028,2,0.15,49.21,76.08,Beauty,152.16,22.82,129.34,98.42,3.92,2.39
O506323,2025-04-04,C10423,P2046,3,0.1,41.9,79.58,Sports,238.74,23.87,214.87,125.7,4.18,5.09
O506324,2025-11-19,C10106,P2011,1,0.15,25.59,43.62,Electronics,43.62,6.54,37.08,25.59,2.74,0.93
O506325,2025-10-29,C11042,P2024,2,0.05,38.64,85.56,Electronics,171.12,8.56,162.56,77.28,5.15,4.64
O506326,2026-01-18,C10483,P2001,1,0.05,67.86,159.31,Electronics,159.31,7.97,151.34,67.86,3.28,3.85
O506327,2025-07-07,C10409,P2051,2,0.2,21.09,56.25,Home,112.5,22.5,90.0,42.18,5.28,2.27
O506328,2026-03-06,C10083,P2013,2,0.1,14.91,32.18,Beauty,64.36,6.44,57.92,29.82,3.74,1.24
O506329,2026-05-16,C10758,P2057,1,0.1,24.55,53.8,Beauty,53.8,5.38,48.42,24.55,6.12,0.94
O506330,2025-09-13,C10776,P2022,1,0.2,39.69,79.46,Beauty,79.46,15.89,63.57,39.69,3.92,1.99
O506331,2025-07-06,C10710,P2042,1,0.0,21.36,43.17,Sports,43.17,0.0,43.17,21.36,6.62,1.25
O506332,2026-06-19,C10322,P2049,1,0.05,75.64,173.14,Apparel,173.14,8.66,164.48,75.64,6.62,3.5
O506333,2025-07-22,C10347,P2014,1,0.1,105.6,279.48,Beauty,279.48,27.95,251.53,105.6,3.81,6.25
O506334,2026-01-25,C10222,P2007,1,0.15,81.19,138.2,Apparel,138.2,20.73,117.47,81.19,5.15,3.76
O506335,2026-05-01,C10159,P2028,3,0.05,49.21,76.08,Beauty,228.24,11.41,216.83,147.63,2.5,5.73
O506336,2025-02-13,C10209,P2016,3,0.2,23.99,66.65,Electronics,199.95,39.99,159.96,71.97,5.05,3.18
O506337,2025-02-22,C10271,P2073,1,0.0,103.53,278.8,Apparel,278.8,0.0,278.8,103.53,6.82,6.63
O506338,2025-12-31,C10193,P2023,2,0.05,99.43,207.17,Apparel,414.34,20.72,393.62,198.86,6.64,10.43
O506339,2025-07-06,C10395,P2020,1,0.15,96.28,147.84,Home,147.84,22.18,125.66,96.28,5.85,2.3
O506340,2026-03-02,C10142,P2020,3,0.1,96.28,147.84,Home,443.52,44.35,399.17,288.84,7.67,8.94
O506341,2025-08-08,C10875,P2016,3,0.05,23.99,66.65,Electronics,199.95,10.0,189.95,71.97,5.66,4.82
O506342,2025-09-23,C10216,P2043,1,0.05,34.43,56.92,Electronics,56.92,2.85,54.07,34.43,5.81,1.44
O506343,2025-08-01,C10979,P2011,2,0.15,25.59,43.62,Electronics,87.24,13.09,74.15,51.18,4.43,1.8
O506344,2025-06-09,C10680,P2005,3,0.0,21.42,39.38,Sports,118.14,0.0,118.14,64.26,4.56,2.58
O506345,2025-01-13,C11192,P2067,1,0.0,89.48,177.38,Sports,177.38,0.0,177.38,89.48,3.84,3.57
O506346,2025-11-09,C10301,P2057,3,0.05,24.55,53.8,Beauty,161.4,8.07,153.33,73.65,4.34,4.25
O506347,2025-08-01,C11061,P2060,1,0.0,91.93,225.41,Sports,225.41,0.0,225.41,91.93,3.17,5.63
O506348,2026-04-13,C11127,P2019,1,0.2,28.46,61.03,Sports,61.03,12.21,48.82,28.46,6.13,1.41
O506349,2026-01-15,C10657,P2001,2,0.0,67.86,159.31,Electronics,318.62,0.0,318.62,135.72,6.24,6.34
O506350,2026-03-31,C10308,P2074,3,0.25,60.53,130.38,Sports,391.14,97.78,293.36,181.59,5.74,7.42
O506351,2026-03-26,C10916,P2072,1,0.0,85.85,152.66,Sports,152.66,0.0,152.66,85.85,5.56,4.86
O506352,2026-01-15,C10735,P2005,2,0.05,21.42,39.38,Sports,78.76,3.94,74.82,42.84,6.0,2.1
O506353,2026-03-02,C10206,P2065,2,0.0,74.22,160.54,Electronics,321.08,0.0,321.08,148.44,8.17,6.26
O506354,2025-01-22,C10799,P2072,1,0.05,85.85,152.66,Sports,152.66,7.63,145.03,85.85,2.5,3.05
O506355,2025-12-13,C10607,P2077,1,0.15,99.36,190.12,Apparel,190.12,28.52,161.6,99.36,4.86,3.68
O506356,2025-01-31,C10339,P2070,3,0.15,80.41,185.88,Sports,557.64,83.65,473.99,241.23,5.33,11.82
O506357,2026-06-18,C10822,P2027,2,0.0,39.51,103.84,Electronics,207.68,0.0,207.68,79.02,4.14,3.83
O506358,2025-02-12,C10257,P2042,2,0.15,21.36,43.17,Sports,86.34,12.95,73.39,42.72,4.51,2.2
O506359,2025-11-06,C10016,P2010,1,0.0,105.58,212.84,Electronics,212.84,0.0,212.84,105.58,4.09,5.47
O506360,2025-01-29,C10370,P2041,1,0.15,53.15,104.66,Apparel,104.66,15.7,88.96,53.15,3.46,2.61
O506361,2025-10-03,C10839,P2002,1,0.0,36.16,61.12,Beauty,61.12,0.0,61.12,36.16,5.48,1.84
O506362,2025-03-05,C10451,P2042,1,0.15,21.36,43.17,Sports,43.17,6.48,36.69,21.36,6.37,0.76
O506363,2025-06-27,C10547,P2073,1,0.05,103.53,278.8,Apparel,278.8,13.94,264.86,103.53,6.43,6.09
O506364,2025-01-14,C10446,P2040,3,0.1,46.24,112.16,Electronics,336.48,33.65,302.83,138.72,5.15,9.65
O506365,2025-08-29,C11009,P2005,1,0.05,21.42,39.38,Sports,39.38,1.97,37.41,21.42,5.68,0.71
O506366,2026-06-10,C10183,P2057,3,0.0,24.55,53.8,Beauty,161.4,0.0,161.4,73.65,3.04,4.64
O506367,2025-06-19,C11107,P2037,1,0.15,19.43,42.14,Home,42.14,6.32,35.82,19.43,3.81,0.99
O506368,2025-03-22,C10640,P2038,1,0.15,61.98,100.85,Sports,100.85,15.13,85.72,61.98,4.94,1.57
O506369,2026-06-25,C10433,P2063,2,0.0,107.79,241.07,Sports,482.14,0.0,482.14,215.58,6.66,14.77
O506370,2025-03-22,C10502,P2011,2,0.2,25.59,43.62,Electronics,87.24,17.45,69.79,51.18,2.94,2.07
O506371,2025-03-05,C11195,P2038,2,0.05,61.98,100.85,Sports,201.7,10.09,191.61,123.96,5.51,3.58
O506372,2025-07-10,C11135,P2010,2,0.1,105.58,212.84,Electronics,425.68,42.57,383.11,211.16,4.96,8.11
O506373,2025-10-03,C10699,P2074,1,0.1,60.53,130.38,Sports,130.38,13.04,117.34,60.53,3.85,2.37
O506374,2025-07-09,C10075,P2031,1,0.05,54.53,117.07,Sports,117.07,5.85,111.22,54.53,5.17,2.39
O506375,2026-03-06,C10167,P2077,1,0.2,99.36,190.12,Apparel,190.12,38.02,152.1,99.36,5.11,4.81
O506376,2026-06-28,C10059,P2027,2,0.1,39.51,103.84,Electronics,207.68,20.77,186.91,79.02,6.21,5.43
O506377,2025-09-29,C11024,P2066,2,0.1,21.23,45.94,Beauty,91.88,9.19,82.69,42.46,6.03,1.81
O506378,2025-04-02,C10927,P2063,3,0.1,107.79,241.07,Sports,723.21,72.32,650.89,323.37,6.32,16.77
O506379,2025-05-06,C10155,P2009,1,0.1,89.03,195.13,Home,195.13,19.51,175.62,89.03,7.17,3.41
O506380,2025-04-24,C10775,P2067,1,0.0,89.48,177.38,Sports,177.38,0.0,177.38,89.48,2.9,5.48
O506381,2025-02-02,C10603,P2040,1,0.1,46.24,112.16,Electronics,112.16,11.22,100.94,46.24,3.61,1.92
O506382,2025-01-31,C10041,P2006,1,0.05,90.83,200.16,Electronics,200.16,10.01,190.15,90.83,4.58,5.71
O506383,2025-04-24,C10955,P2003,2,0.05,103.86,246.21,Sports,492.42,24.62,467.8,207.72,3.91,10.4
O506384,2025-09-15,C10787,P2066,3,0.0,21.23,45.94,Beauty,137.82,0.0,137.82,63.69,4.96,2.6
O506385,2025-12-29,C10942,P2032,2,0.1,83.59,176.17,Apparel,352.34,35.23,317.11,167.18,3.72,5.78
O506386,2025-10-22,C10203,P2076,1,0.05,94.33,153.36,Apparel,153.36,7.67,145.69,94.33,6.83,3.63
O506387,2025-12-11,C10839,P2061,1,0.05,92.46,150.56,Sports,150.56,7.53,143.03,92.46,5.51,4.09
O506388,2025-03-08,C10384,P2058,2,0.25,56.31,124.87,Electronics,249.74,62.44,187.3,112.62,4.54,4.95
O506389,2025-12-05,C10098,P2022,2,0.05,39.69,79.46,Beauty,158.92,7.95,150.97,79.38,4.72,3.79
O506390,2025-12-23,C10076,P2026,2,0.1,25.88,63.53,Beauty,127.06,12.71,114.35,51.76,4.86,2.7
O506391,2026-03-23,C10928,P2026,1,0.05,25.88,63.53,Beauty,63.53,3.18,60.35,25.88,3.99,1.56
O506392,2025-04-02,C10254,P2065,1,0.0,74.22,160.54,Electronics,160.54,0.0,160.54,74.22,4.06,4.78
O506393,2025-03-02,C10911,P2052,3,0.05,85.13,212.17,Beauty,636.51,31.83,604.68,255.39,4.19,13.95
O506394,2026-02-17,C10371,P2046,1,0.15,41.9,79.58,Sports,79.58,11.94,67.64,41.9,4.01,1.81
O506395,2025-09-09,C10996,P2009,2,0.15,89.03,195.13,Home,390.26,58.54,331.72,178.06,5.34,10.01
O506396,2026-04-05,C10794,P2046,1,0.25,41.9,79.58,Sports,79.58,19.9,59.68,41.9,2.55,1.48
O506397,2025-11-15,C10718,P2014,1,0.05,105.6,279.48,Beauty,279.48,13.97,265.51,105.6,5.97,5.84
O506398,2026-02-26,C10087,P2067,3,0.05,89.48,177.38,Sports,532.14,26.61,505.53,268.44,4.9,15.91
O506399,2025-09-05,C10054,P2008,2,0.2,64.11,126.24,Beauty,252.48,50.5,201.98,128.22,4.1,6.24
O506400,2025-12-02,C10205,P2072,3,0.2,85.85,152.66,Sports,457.98,91.6,366.38,257.55,4.3,8.08
O506401,2025-06-06,C10997,P2017,1,0.0,42.64,69.06,Apparel,69.06,0.0,69.06,42.64,6.83,1.81
O506402,2025-10-13,C10008,P2002,1,0.1,36.16,61.12,Beauty,61.12,6.11,55.01,36.16,4.41,1.35
O506403,2025-03-02,C10314,P2003,1,0.0,103.86,246.21,Sports,246.21,0.0,246.21,103.86,5.15,7.42
O506404,2025-02-02,C10408,P2011,1,0.1,25.59,43.62,Electronics,43.62,4.36,39.26,25.59,4.3,1.15
O506405,2026-02-09,C10974,P2054,1,0.2,19.42,50.24,Beauty,50.24,10.05,40.19,19.42,3.56,0.88
O506406,2026-03-07,C10404,P2045,1,0.1,54.87,109.92,Sports,109.92,10.99,98.93,54.87,4.68,2.55
O506407,2025-09-10,C10565,P2037,3,0.25,19.43,42.14,Home,126.42,31.6,94.82,58.29,5.23,2.9
O506408,2025-09-14,C10271,P2017,1,0.0,42.64,69.06,Apparel,69.06,0.0,69.06,42.64,6.79,1.7
O506409,2025-07-14,C10666,P2073,1,0.1,103.53,278.8,Apparel,278.8,27.88,250.92,103.53,6.7,7.7
O506410,2025-08-27,C10104,P2013,1,0.05,14.91,32.18,Beauty,32.18,1.61,30.57,14.91,6.71,0.66
O506411,2025-10-08,C10052,P2007,3,0.1,81.19,138.2,Apparel,414.6,41.46,373.14,243.57,4.21,8.98
O506412,2025-03-02,C10177,P2031,2,0.15,54.53,117.07,Sports,234.14,35.12,199.02,109.06,5.62,6.27
O506413,2025-06-19,C10218,P2005,3,0.1,21.42,39.38,Sports,118.14,11.81,106.33,64.26,5.03,3.05
O506414,2026-06-23,C10591,P2073,1,0.2,103.53,278.8,Apparel,278.8,55.76,223.04,103.53,4.82,5.95
O506415,2026-05-29,C10426,P2036,1,0.1,79.57,186.92,Apparel,186.92,18.69,168.23,79.57,4.99,4.13
O506416,2025-11-07,C10334,P2027,1,0.0,39.51,103.84,Electronics,103.84,0.0,103.84,39.51,5.34,2.4
O506417,2025-06-08,C10288,P2002,2,0.15,36.16,61.12,Beauty,122.24,18.34,103.9,72.32,5.2,2.13
O506418,2025-05-13,C10951,P2050,1,0.25,47.62,83.27,Beauty,83.27,20.82,62.45,47.62,5.02,1.75
O506419,2025-03-03,C10882,P2024,2,0.1,38.64,85.56,Electronics,171.12,17.11,154.01,77.28,2.5,4.63
O506420,2025-09-27,C10791,P2063,1,0.05,107.79,241.07,Sports,241.07,12.05,229.02,107.79,4.84,4.46
O506421,2026-03-05,C10837,P2064,1,0.2,92.82,194.3,Sports,194.3,38.86,155.44,92.82,5.21,4.45
O506422,2026-02-19,C10323,P2055,2,0.1,14.94,29.55,Sports,59.1,5.91,53.19,29.88,5.13,1.04
O506423,2025-04-25,C10366,P2076,2,0.05,94.33,153.36,Apparel,306.72,15.34,291.38,188.66,4.7,7.11
O506424,2026-04-03,C10634,P2017,2,0.1,42.64,69.06,Apparel,138.12,13.81,124.31,85.28,4.68,2.88
O506425,2025-06-28,C11180,P2000,2,0.05,20.01,46.3,Beauty,92.6,4.63,87.97,40.02,4.98,2.77
O506426,2025-07-13,C10839,P2029,2,0.05,30.95,55.54,Apparel,111.08,5.55,105.53,61.9,6.6,2.18
O506427,2026-04-21,C10287,P2004,1,0.05,82.13,229.05,Sports,229.05,11.45,217.6,82.13,4.46,6.11
O506428,2025-08-29,C10596,P2021,2,0.2,75.19,147.18,Electronics,294.36,58.87,235.49,150.38,4.25,5.62
O506429,2025-09-11,C10989,P2060,2,0.15,91.93,225.41,Sports,450.82,67.62,383.2,183.86,5.86,8.25
O506430,2025-07-23,C11044,P2012,1,0.1,91.5,250.58,Home,250.58,25.06,225.52,91.5,6.4,7.04
O506431,2025-03-23,C10722,P2064,2,0.05,92.82,194.3,Sports,388.6,19.43,369.17,185.64,2.86,8.18
O506432,2025-03-16,C10417,P2022,1,0.2,39.69,79.46,Beauty,79.46,15.89,63.57,39.69,4.52,1.87
O506433,2025-08-16,C10289,P2033,2,0.0,102.58,280.83,Apparel,561.66,0.0,561.66,205.16,4.04,16.86
O506434,2025-02-16,C10001,P2005,2,0.0,21.42,39.38,Sports,78.76,0.0,78.76,42.84,4.76,1.56
O506435,2026-06-13,C10400,P2047,3,0.05,23.95,36.37,Sports,109.11,5.46,103.65,71.85,2.5,3.2
O506436,2026-05-25,C10771,P2066,1,0.2,21.23,45.94,Beauty,45.94,9.19,36.75,21.23,4.34,0.85
O506437,2025-06-11,C10048,P2069,1,0.1,90.63,175.87,Apparel,175.87,17.59,158.28,90.63,3.66,3.56
O506438,2025-02-01,C11170,P2005,1,0.0,21.42,39.38,Sports,39.38,0.0,39.38,21.42,5.55,1.24
O506439,2025-06-30,C11147,P2023,1,0.15,99.43,207.17,Apparel,207.17,31.08,176.09,99.43,7.04,4.84
O506440,2026-04-09,C11190,P2052,1,0.15,85.13,212.17,Beauty,212.17,31.83,180.34,85.13,5.05,4.99
O506441,2025-01-01,C10464,P2003,1,0.1,103.86,246.21,Sports,246.21,24.62,221.59,103.86,5.4,5.37
O506442,2026-04-01,C10775,P2043,2,0.05,34.43,56.92,Electronics,113.84,5.69,108.15,68.86,6.5,3.04
O506443,2026-03-08,C10950,P2014,1,0.15,105.6,279.48,Beauty,279.48,41.92,237.56,105.6,4.11,5.08
O506444,2025-12-26,C10033,P2040,2,0.15,46.24,112.16,Electronics,224.32,33.65,190.67,92.48,2.5,5.15
O506445,2025-09-20,C10590,P2041,2,0.1,53.15,104.66,Apparel,209.32,20.93,188.39,106.3,4.23,3.89
O506446,2025-08-06,C10143,P2049,1,0.0,75.64,173.14,Apparel,173.14,0.0,173.14,75.64,2.9,4.57
O506447,2025-05-15,C10517,P2077,2,0.1,99.36,190.12,Apparel,380.24,38.02,342.22,198.72,4.28,10.66
O506448,2025-10-20,C11134,P2073,1,0.1,103.53,278.8,Apparel,278.8,27.88,250.92,103.53,5.05,8.03
O506449,2026-02-03,C11012,P2039,3,0.15,88.55,225.55,Beauty,676.65,101.5,575.15,265.65,2.5,11.29
O506450,2025-02-07,C10131,P2041,1,0.2,53.15,104.66,Apparel,104.66,20.93,83.73,53.15,3.57,2.43
O506451,2025-03-27,C10988,P2027,1,0.2,39.51,103.84,Electronics,103.84,20.77,83.07,39.51,2.96,2.12
O506452,2025-08-18,C10987,P2017,1,0.1,42.64,69.06,Apparel,69.06,6.91,62.15,42.64,6.65,1.31
O506453,2025-06-12,C10164,P2079,1,0.2,76.11,150.73,Apparel,150.73,30.15,120.58,76.11,2.53,2.18
O506454,2026-06-02,C10788,P2001,1,0.05,67.86,159.31,Electronics,159.31,7.97,151.34,67.86,4.88,2.92
O506455,2025-08-18,C11199,P2008,1,0.0,64.11,126.24,Beauty,126.24,0.0,126.24,64.11,4.32,2.39
O506456,2025-07-25,C11168,P2042,1,0.0,21.36,43.17,Sports,43.17,0.0,43.17,21.36,5.9,0.89
O506457,2025-09-04,C10780,P2002,2,0.15,36.16,61.12,Beauty,122.24,18.34,103.9,72.32,5.25,1.98
O506458,2025-11-18,C10878,P2075,1,0.25,49.49,125.61,Electronics,125.61,31.4,94.21,49.49,5.36,1.81
O506459,2026-04-21,C10224,P2018,1,0.15,23.1,60.58,Apparel,60.58,9.09,51.49,23.1,6.42,1.24
O506460,2026-01-23,C10822,P2047,1,0.1,23.95,36.37,Sports,36.37,3.64,32.73,23.95,2.5,0.96
O506461,2026-05-28,C10956,P2013,1,0.0,14.91,32.18,Beauty,32.18,0.0,32.18,14.91,4.38,0.64
O506462,2025-08-16,C10773,P2000,2,0.05,20.01,46.3,Beauty,92.6,4.63,87.97,40.02,4.61,1.95
O506463,2026-04-18,C10571,P2027,2,0.25,39.51,103.84,Electronics,207.68,51.92,155.76,79.02,2.87,3.98
O506464,2025-08-12,C10623,P2025,3,0.15,59.62,149.3,Electronics,447.9,67.18,380.72,178.86,6.24,11.32
O506465,2025-10-07,C10708,P2063,1,0.05,107.79,241.07,Sports,241.07,12.05,229.02,107.79,4.96,4.73
O506466,2026-04-15,C10265,P2067,1,0.1,89.48,177.38,Sports,177.38,17.74,159.64,89.48,5.04,3.22
O506467,2026-06-06,C10253,P2062,1,0.15,69.71,151.88,Beauty,151.88,22.78,129.1,69.71,2.5,3.97
O506468,2025-11-10,C10264,P2077,2,0.1,99.36,190.12,Apparel,380.24,38.02,342.22,198.72,3.97,9.92
O506469,2025-02-03,C11057,P2045,1,0.0,54.87,109.92,Sports,109.92,0.0,109.92,54.87,5.96,2.06
O506470,2025-03-20,C10534,P2065,1,0.2,74.22,160.54,Electronics,160.54,32.11,128.43,74.22,6.7,3.47
O506471,2025-01-10,C10002,P2017,1,0.1,42.64,69.06,Apparel,69.06,6.91,62.15,42.64,3.92,1.88
O506472,2025-10-01,C10945,P2077,1,0.0,99.36,190.12,Apparel,190.12,0.0,190.12,99.36,6.25,4.43
O506473,2025-07-24,C10913,P2057,1,0.0,24.55,53.8,Beauty,53.8,0.0,53.8,24.55,5.39,1.45
O506474,2025-01-16,C10549,P2074,1,0.1,60.53,130.38,Sports,130.38,13.04,117.34,60.53,4.39,3.02
O506475,2026-01-16,C10488,P2074,2,0.05,60.53,130.38,Sports,260.76,13.04,247.72,121.06,6.67,4.47
O506476,2026-03-20,C10181,P2024,2,0.2,38.64,85.56,Electronics,171.12,34.22,136.9,77.28,4.61,3.38
O506477,2025-08-08,C10445,P2048,2,0.25,26.01,65.12,Home,130.24,32.56,97.68,52.02,2.75,2.68
O506478,2025-08-29,C10237,P2030,1,0.0,81.44,160.67,Electronics,160.67,0.0,160.67,81.44,4.01,3.9
O506479,2025-12-13,C10504,P2063,1,0.1,107.79,241.07,Sports,241.07,24.11,216.96,107.79,3.13,6.73
O506480,2026-02-27,C11051,P2010,3,0.1,105.58,212.84,Electronics,638.52,63.85,574.67,316.74,3.79,10.69
O506481,2025-06-08,C10609,P2068,1,0.0,54.46,128.05,Home,128.05,0.0,128.05,54.46,4.56,4.09
O506482,2026-01-27,C10364,P2007,2,0.1,81.19,138.2,Apparel,276.4,27.64,248.76,162.38,6.47,5.5
O506483,2026-05-25,C10102,P2053,1,0.0,95.73,175.96,Electronics,175.96,0.0,175.96,95.73,4.23,5.57
O506484,2025-05-27,C10111,P2022,1,0.1,39.69,79.46,Beauty,79.46,7.95,71.51,39.69,7.28,1.54
O506485,2025-05-19,C11029,P2012,1,0.2,91.5,250.58,Home,250.58,50.12,200.46,91.5,4.1,5.53
O506486,2025-02-10,C10539,P2022,1,0.0,39.69,79.46,Beauty,79.46,0.0,79.46,39.69,7.49,2.07
O506487,2025-03-01,C10726,P2045,1,0.1,54.87,109.92,Sports,109.92,10.99,98.93,54.87,6.04,2.43
O506488,2025-06-20,C10972,P2053,3,0.15,95.73,175.96,Electronics,527.88,79.18,448.7,287.19,4.23,14.28
O506489,2025-01-21,C10562,P2069,2,0.0,90.63,175.87,Apparel,351.74,0.0,351.74,181.26,6.91,7.73
O506490,2026-05-04,C10686,P2034,1,0.0,84.74,206.91,Electronics,206.91,0.0,206.91,84.74,3.86,4.74
O506491,2026-03-28,C10340,P2055,2,0.25,14.94,29.55,Sports,59.1,14.78,44.32,29.88,5.28,1.07
O506492,2026-03-17,C11186,P2001,1,0.0,67.86,159.31,Electronics,159.31,0.0,159.31,67.86,7.47,3.32
O506493,2025-06-03,C10303,P2020,1,0.15,96.28,147.84,Home,147.84,22.18,125.66,96.28,5.51,3.79
O506494,2025-01-24,C10004,P2050,2,0.0,47.62,83.27,Beauty,166.54,0.0,166.54,95.24,8.36,5.12
O506495,2026-06-27,C10539,P2067,2,0.0,89.48,177.38,Sports,354.76,0.0,354.76,178.96,6.27,8.02
O506496,2026-02-24,C10883,P2028,2,0.0,49.21,76.08,Beauty,152.16,0.0,152.16,98.42,3.29,3.11
O506497,2025-01-12,C10711,P2035,2,0.05,33.04,85.13,Beauty,170.26,8.51,161.75,66.08,4.05,3.52
O506498,2025-02-21,C10418,P2025,2,0.1,59.62,149.3,Electronics,298.6,29.86,268.74,119.24,3.87,5.35
O506499,2025-06-05,C10290,P2000,2,0.1,20.01,46.3,Beauty,92.6,9.26,83.34,40.02,8.03,2.39
O506500,2025-03-08,C10439,P2033,1,0.15,102.58,280.83,Apparel,280.83,42.12,238.71,102.58,4.42,7.34
O506501,2026-06-21,C10817,P2026,1,0.1,25.88,63.53,Beauty,63.53,6.35,57.18,25.88,4.45,1.39
O506502,2025-05-20,C10586,P2058,1,0.1,56.31,124.87,Electronics,124.87,12.49,112.38,56.31,4.26,3.22
O506503,2025-06-29,C10963,P2041,2,0.0,53.15,104.66,Apparel,209.32,0.0,209.32,106.3,3.48,4.49
O506504,2025-07-17,C10703,P2032,1,0.1,83.59,176.17,Apparel,176.17,17.62,158.55,83.59,7.03,4.11
O506505,2025-09-13,C10038,P2077,1,0.1,99.36,190.12,Apparel,190.12,19.01,171.11,99.36,2.7,4.13
O506506,2025-07-07,C10815,P2004,2,0.1,82.13,229.05,Sports,458.1,45.81,412.29,164.26,5.78,8.68
O506507,2025-06-19,C11025,P2011,1,0.1,25.59,43.62,Electronics,43.62,4.36,39.26,25.59,3.06,0.84
O506508,2025-06-13,C10963,P2043,3,0.0,34.43,56.92,Electronics,170.76,0.0,170.76,103.29,4.04,3.08
O506509,2025-04-03,C10773,P2054,2,0.1,19.42,50.24,Beauty,100.48,10.05,90.43,38.84,5.57,1.69
O506510,2025-06-18,C10582,P2052,1,0.1,85.13,212.17,Beauty,212.17,21.22,190.95,85.13,7.07,4.71
O506511,2025-12-09,C10775,P2012,1,0.05,91.5,250.58,Home,250.58,12.53,238.05,91.5,5.19,5.14
O506512,2026-03-26,C10036,P2019,2,0.0,28.46,61.03,Sports,122.06,0.0,122.06,56.92,3.1,2.53
O506513,2026-01-16,C10716,P2001,1,0.0,67.86,159.31,Electronics,159.31,0.0,159.31,67.86,2.5,3.35
O506514,2025-11-15,C10523,P2034,1,0.1,84.74,206.91,Electronics,206.91,20.69,186.22,84.74,4.66,3.41
O506515,2026-02-22,C10708,P2051,1,0.05,21.09,56.25,Home,56.25,2.81,53.44,21.09,7.99,1.12
O506516,2026-02-01,C11082,P2047,1,0.0,23.95,36.37,Sports,36.37,0.0,36.37,23.95,6.11,0.89
O506517,2026-03-10,C10200,P2019,2,0.1,28.46,61.03,Sports,122.06,12.21,109.85,56.92,4.99,3.17
O506518,2026-03-25,C10630,P2011,1,0.1,25.59,43.62,Electronics,43.62,4.36,39.26,25.59,4.64,1.1
O506519,2025-04-28,C10629,P2040,2,0.1,46.24,112.16,Electronics,224.32,22.43,201.89,92.48,5.35,5.22
O506520,2026-06-13,C10158,P2042,2,0.0,21.36,43.17,Sports,86.34,0.0,86.34,42.72,6.08,2.48
O506521,2025-08-04,C10361,P2064,2,0.05,92.82,194.3,Sports,388.6,19.43,369.17,185.64,5.51,7.42
O506522,2025-06-28,C10611,P2075,3,0.1,49.49,125.61,Electronics,376.83,37.68,339.15,148.47,8.75,6.63
O506523,2025-06-04,C10438,P2011,2,0.0,25.59,43.62,Electronics,87.24,0.0,87.24,51.18,6.94,2.3
O506524,2025-04-16,C10207,P2065,1,0.0,74.22,160.54,Electronics,160.54,0.0,160.54,74.22,4.66,4.99
O506525,2026-06-22,C10941,P2013,1,0.0,14.91,32.18,Beauty,32.18,0.0,32.18,14.91,5.4,0.64
O506526,2026-03-17,C10286,P2058,1,0.15,56.31,124.87,Electronics,124.87,18.73,106.14,56.31,3.47,2.76
O506527,2026-03-24,C10170,P2072,3,0.1,85.85,152.66,Sports,457.98,45.8,412.18,257.55,7.15,10.13
O506528,2025-05-13,C10533,P2031,2,0.1,54.53,117.07,Sports,234.14,23.41,210.73,109.06,5.95,6.64
O506529,2026-04-10,C10444,P2000,1,0.0,20.01,46.3,Beauty,46.3,0.0,46.3,20.01,4.63,0.86
O506530,2025-02-18,C10852,P2020,2,0.0,96.28,147.84,Home,295.68,0.0,295.68,192.56,7.63,8.34
O506531,2025-09-11,C10672,P2025,2,0.2,59.62,149.3,Electronics,298.6,59.72,238.88,119.24,4.51,6.54
O506532,2025-02-27,C10530,P2053,1,0.05,95.73,175.96,Electronics,175.96,8.8,167.16,95.73,6.19,4.47
O506533,2025-12-12,C10757,P2061,2,0.05,92.46,150.56,Sports,301.12,15.06,286.06,184.92,4.1,6.16
O506534,2025-07-19,C10509,P2037,2,0.05,19.43,42.14,Home,84.28,4.21,80.07,38.86,4.4,2.56
O506535,2026-01-23,C10831,P2074,3,0.2,60.53,130.38,Sports,391.14,78.23,312.91,181.59,8.5,6.68
O506536,2025-08-16,C10221,P2029,1,0.0,30.95,55.54,Apparel,55.54,0.0,55.54,30.95,4.38,1.72
O506537,2026-02-10,C10764,P2009,1,0.15,89.03,195.13,Home,195.13,29.27,165.86,89.03,5.2,4.52
O506538,2026-03-21,C10156,P2071,1,0.25,72.34,202.22,Beauty,202.22,50.56,151.66,72.34,7.06,3.71
O506539,2025-05-11,C10450,P2008,1,0.05,64.11,126.24,Beauty,126.24,6.31,119.93,64.11,4.04,2.21
O506540,2026-03-21,C10734,P2048,2,0.05,26.01,65.12,Home,130.24,6.51,123.73,52.02,4.8,2.72
O506541,2025-12-05,C10092,P2022,2,0.15,39.69,79.46,Beauty,158.92,23.84,135.08,79.38,5.24,2.72
O506542,2026-05-11,C11103,P2073,1,0.15,103.53,278.8,Apparel,278.8,41.82,236.98,103.53,5.68,6.62
O506543,2025-08-20,C11078,P2031,3,0.05,54.53,117.07,Sports,351.21,17.56,333.65,163.59,3.02,8.88
O506544,2025-07-06,C10903,P2004,2,0.15,82.13,229.05,Sports,458.1,68.72,389.38,164.26,5.2,10.98
O506545,2025-03-14,C11150,P2023,1,0.15,99.43,207.17,Apparel,207.17,31.08,176.09,99.43,4.61,4.15
O506546,2025-03-31,C10203,P2067,2,0.0,89.48,177.38,Sports,354.76,0.0,354.76,178.96,3.2,9.94
O506547,2026-01-15,C10153,P2069,1,0.1,90.63,175.87,Apparel,175.87,17.59,158.28,90.63,5.78,3.21
O506548,2025-12-31,C10585,P2010,2,0.05,105.58,212.84,Electronics,425.68,21.28,404.4,211.16,5.5,7.66
O506549,2026-06-02,C10720,P2049,3,0.1,75.64,173.14,Apparel,519.42,51.94,467.48,226.92,4.13,10.53
O506550,2026-02-27,C10698,P2045,2,0.05,54.87,109.92,Sports,219.84,10.99,208.85,109.74,3.27,6.46
O506551,2025-09-06,C10263,P2044,2,0.1,96.39,166.51,Electronics,333.02,33.3,299.72,192.78,3.68,5.59
O506552,2025-08-23,C11106,P2059,3,0.1,74.58,192.13,Electronics,576.39,57.64,518.75,223.74,4.43,10.0
O506553,2026-01-17,C10803,P2007,3,0.0,81.19,138.2,Apparel,414.6,0.0,414.6,243.57,4.77,7.77
O506554,2026-06-25,C10139,P2050,1,0.0,47.62,83.27,Beauty,83.27,0.0,83.27,47.62,3.68,2.42
O506555,2025-01-27,C10781,P2009,1,0.1,89.03,195.13,Home,195.13,19.51,175.62,89.03,5.54,4.28
O506556,2025-03-21,C10037,P2005,1,0.15,21.42,39.38,Sports,39.38,5.91,33.47,21.42,4.38,0.64
O506557,2025-03-27,C10750,P2024,2,0.1,38.64,85.56,Electronics,171.12,17.11,154.01,77.28,5.7,4.08
O506558,2025-11-12,C10104,P2050,1,0.15,47.62,83.27,Beauty,83.27,12.49,70.78,47.62,3.65,1.85
O506559,2025-07-17,C10440,P2021,3,0.15,75.19,147.18,Electronics,441.54,66.23,375.31,225.57,5.89,8.56
O506560,2026-04-27,C11008,P2057,1,0.1,24.55,53.8,Beauty,53.8,5.38,48.42,24.55,3.08,1.36
O506561,2026-02-11,C10289,P2066,2,0.0,21.23,45.94,Beauty,91.88,0.0,91.88,42.46,5.12,2.04
O506562,2025-01-05,C10150,P2017,2,0.0,42.64,69.06,Apparel,138.12,0.0,138.12,85.28,3.83,3.61
O506563,2026-03-17,C10115,P2076,2,0.15,94.33,153.36,Apparel,306.72,46.01,260.71,188.66,6.02,7.35
O506564,2026-01-30,C10411,P2059,1,0.0,74.58,192.13,Electronics,192.13,0.0,192.13,74.58,4.57,5.26
O506565,2025-03-11,C11060,P2069,2,0.0,90.63,175.87,Apparel,351.74,0.0,351.74,181.26,3.42,9.99
O506566,2025-02-04,C10377,P2060,1,0.25,91.93,225.41,Sports,225.41,56.35,169.06,91.93,4.18,4.17
O506567,2026-03-29,C10015,P2068,2,0.1,54.46,128.05,Home,256.1,25.61,230.49,108.92,5.85,4.41
O506568,2025-05-07,C10642,P2033,3,0.1,102.58,280.83,Apparel,842.49,84.25,758.24,307.74,5.05,21.49
O506569,2025-03-27,C11086,P2071,3,0.2,72.34,202.22,Beauty,606.66,121.33,485.33,217.02,3.89,9.53
O506570,2026-06-16,C10723,P2037,2,0.1,19.43,42.14,Home,84.28,8.43,75.85,38.86,4.7,1.94
O506571,2025-06-11,C10100,P2001,3,0.1,67.86,159.31,Electronics,477.93,47.79,430.14,203.58,3.59,8.33
O506572,2025-11-18,C10915,P2033,3,0.0,102.58,280.83,Apparel,842.49,0.0,842.49,307.74,5.57,21.98
O506573,2026-01-04,C10687,P2030,2,0.05,81.44,160.67,Electronics,321.34,16.07,305.27,162.88,4.77,8.08
O506574,2026-05-31,C10901,P2012,1,0.2,91.5,250.58,Home,250.58,50.12,200.46,91.5,2.5,5.56
O506575,2025-12-30,C10718,P2058,2,0.2,56.31,124.87,Electronics,249.74,49.95,199.79,112.62,6.25,6.13
O506576,2025-10-07,C10372,P2031,1,0.0,54.53,117.07,Sports,117.07,0.0,117.07,54.53,2.5,3.61
O506577,2025-04-17,C10201,P2011,1,0.2,25.59,43.62,Electronics,43.62,8.72,34.9,25.59,3.74,0.83
O506578,2025-10-11,C10747,P2076,2,0.25,94.33,153.36,Apparel,306.72,76.68,230.04,188.66,3.74,5.25
O506579,2025-01-15,C10533,P2022,1,0.0,39.69,79.46,Beauty,79.46,0.0,79.46,39.69,2.66,1.76
O506580,2025-11-22,C10994,P2019,1,0.15,28.46,61.03,Sports,61.03,9.15,51.88,28.46,4.52,1.52
O506581,2025-05-24,C10202,P2045,1,0.1,54.87,109.92,Sports,109.92,10.99,98.93,54.87,5.81,1.97
O506582,2025-12-01,C10963,P2011,1,0.25,25.59,43.62,Electronics,43.62,10.9,32.71,25.59,5.3,0.84
O506583,2025-03-30,C10544,P2059,3,0.1,74.58,192.13,Electronics,576.39,57.64,518.75,223.74,4.18,11.56
O506584,2026-01-09,C10039,P2015,1,0.0,32.67,56.68,Home,56.68,0.0,56.68,32.67,5.08,1.24
O506585,2025-01-21,C11044,P2039,1,0.1,88.55,225.55,Beauty,225.55,22.56,203.0,88.55,7.24,4.2
O506586,2025-11-16,C10190,P2057,1,0.05,24.55,53.8,Beauty,53.8,2.69,51.11,24.55,2.59,1.06
O506587,2026-04-12,C10006,P2029,1,0.2,30.95,55.54,Apparel,55.54,11.11,44.43,30.95,6.58,1.15
O506588,2025-07-16,C10970,P2034,1,0.1,84.74,206.91,Electronics,206.91,20.69,186.22,84.74,2.95,5.62
O506589,2025-04-12,C10567,P2044,1,0.0,96.39,166.51,Electronics,166.51,0.0,166.51,96.39,6.15,4.17
O506590,2025-10-25,C10690,P2011,1,0.05,25.59,43.62,Electronics,43.62,2.18,41.44,25.59,5.61,0.96
O506591,2026-02-05,C11164,P2035,1,0.15,33.04,85.13,Beauty,85.13,12.77,72.36,33.04,2.5,1.89
O506592,2025-05-26,C10552,P2029,1,0.05,30.95,55.54,Apparel,55.54,2.78,52.76,30.95,5.6,1.66
O506593,2025-07-27,C11071,P2055,1,0.2,14.94,29.55,Sports,29.55,5.91,23.64,14.94,4.64,0.54
O506594,2025-03-28,C11012,P2028,2,0.15,49.21,76.08,Beauty,152.16,22.82,129.34,98.42,2.5,3.26
O506595,2025-05-27,C10478,P2016,1,0.0,23.99,66.65,Electronics,66.65,0.0,66.65,23.99,4.32,1.95
O506596,2026-03-14,C10088,P2062,1,0.2,69.71,151.88,Beauty,151.88,30.38,121.5,69.71,5.03,2.52
O506597,2026-05-21,C10557,P2005,2,0.2,21.42,39.38,Sports,78.76,15.75,63.01,42.84,7.12,1.79
O506598,2025-07-08,C11187,P2033,3,0.1,102.58,280.83,Apparel,842.49,84.25,758.24,307.74,3.0,15.65
O506599,2026-03-06,C10519,P2029,1,0.2,30.95,55.54,Apparel,55.54,11.11,44.43,30.95,2.5,1.24
O506600,2026-04-26,C10476,P2078,2,0.0,80.99,151.9,Beauty,303.8,0.0,303.8,161.98,4.59,9.01
O506601,2026-05-24,C10357,P2032,1,0.0,83.59,176.17,Apparel,176.17,0.0,176.17,83.59,4.54,4.53
O506602,2025-10-10,C10267,P2015,1,0.0,32.67,56.68,Home,56.68,0.0,56.68,32.67,4.04,1.36
O506603,2025-03-29,C10923,P2026,2,0.05,25.88,63.53,Beauty,127.06,6.35,120.71,51.76,3.94,3.1
O506604,2025-06-20,C10650,P2019,1,0.15,28.46,61.03,Sports,61.03,9.15,51.88,28.46,6.72,1.36
O506605,2025-07-11,C10571,P2017,3,0.15,42.64,69.06,Apparel,207.18,31.08,176.1,127.92,4.05,5.55
O506606,2025-03-25,C10951,P2060,2,0.15,91.93,225.41,Sports,450.82,67.62,383.2,183.86,8.87,8.79
O506607,2025-01-10,C10676,P2040,2,0.0,46.24,112.16,Electronics,224.32,0.0,224.32,92.48,3.04,4.09
O506608,2026-02-28,C10185,P2015,2,0.2,32.67,56.68,Home,113.36,22.67,90.69,65.34,4.91,1.94
O506609,2025-09-16,C10165,P2028,1,0.1,49.21,76.08,Beauty,76.08,7.61,68.47,49.21,3.18,1.8
O506610,2025-02-10,C11186,P2015,3,0.05,32.67,56.68,Home,170.04,8.5,161.54,98.01,6.54,4.87
O506611,2025-12-27,C10466,P2046,1,0.05,41.9,79.58,Sports,79.58,3.98,75.6,41.9,4.43,1.54
O506612,2025-11-08,C10978,P2070,1,0.15,80.41,185.88,Sports,185.88,27.88,158.0,80.41,6.47,2.91
O506613,2026-01-23,C10216,P2054,2,0.05,19.42,50.24,Beauty,100.48,5.02,95.46,38.84,6.05,1.96
O506614,2025-12-12,C10190,P2002,1,0.25,36.16,61.12,Beauty,61.12,15.28,45.84,36.16,5.82,1.26
O506615,2025-05-25,C11111,P2020,3,0.05,96.28,147.84,Home,443.52,22.18,421.34,288.84,3.65,10.67
O506616,2025-11-04,C10733,P2026,2,0.05,25.88,63.53,Beauty,127.06,6.35,120.71,51.76,2.5,3.59
O506617,2026-04-30,C10402,P2058,1,0.15,56.31,124.87,Electronics,124.87,18.73,106.14,56.31,4.81,3.36
O506618,2026-02-23,C11121,P2058,3,0.0,56.31,124.87,Electronics,374.61,0.0,374.61,168.93,5.47,7.06
O506619,2026-02-22,C11165,P2039,2,0.1,88.55,225.55,Beauty,451.1,45.11,405.99,177.1,6.44,12.46
O506620,2025-09-07,C10045,P2005,2,0.1,21.42,39.38,Sports,78.76,7.88,70.88,42.84,3.82,1.33
O506621,2025-04-25,C10125,P2014,1,0.0,105.6,279.48,Beauty,279.48,0.0,279.48,105.6,3.24,6.22
O506622,2025-02-14,C10823,P2011,2,0.15,25.59,43.62,Electronics,87.24,13.09,74.15,51.18,3.27,2.22
O506623,2026-06-10,C10668,P2046,3,0.15,41.9,79.58,Sports,238.74,35.81,202.93,125.7,3.44,5.47
O506624,2026-04-28,C10116,P2058,2,0.05,56.31,124.87,Electronics,249.74,12.49,237.25,112.62,7.52,5.7
O506625,2025-01-19,C10105,P2035,1,0.05,33.04,85.13,Beauty,85.13,4.26,80.87,33.04,6.41,2.1
O506626,2025-04-09,C10823,P2024,1,0.15,38.64,85.56,Electronics,85.56,12.83,72.73,38.64,3.96,1.83
O506627,2025-07-05,C10567,P2004,3,0.0,82.13,229.05,Sports,687.15,0.0,687.15,246.39,5.7,17.37
O506628,2025-03-02,C10903,P2071,1,0.15,72.34,202.22,Beauty,202.22,30.33,171.89,72.34,6.08,4.13
O506629,2025-09-03,C10730,P2025,3,0.0,59.62,149.3,Electronics,447.9,0.0,447.9,178.86,4.94,9.1
O506630,2026-02-28,C11184,P2013,2,0.15,14.91,32.18,Beauty,64.36,9.65,54.71,29.82,5.82,1.08
O506631,2025-11-25,C10856,P2029,1,0.05,30.95,55.54,Apparel,55.54,2.78,52.76,30.95,3.27,1.46
O506632,2026-06-08,C10960,P2011,3,0.2,25.59,43.62,Electronics,130.86,26.17,104.69,76.77,5.44,2.47
O506633,2025-05-22,C10690,P2015,3,0.1,32.67,56.68,Home,170.04,17.0,153.04,98.01,4.28,3.55
O506634,2026-02-27,C10572,P2056,2,0.15,12.18,29.13,Home,58.26,8.74,49.52,24.36,5.36,1.49
O506635,2025-06-05,C10509,P2034,1,0.05,84.74,206.91,Electronics,206.91,10.35,196.56,84.74,3.18,5.79
O506636,2026-04-02,C10888,P2034,1,0.05,84.74,206.91,Electronics,206.91,10.35,196.56,84.74,3.84,4.58
O506637,2026-04-20,C10841,P2024,3,0.15,38.64,85.56,Electronics,256.68,38.5,218.18,115.92,4.57,5.94
O506638,2025-06-21,C10044,P2071,1,0.1,72.34,202.22,Beauty,202.22,20.22,182.0,72.34,4.27,4.38
O506639,2026-03-01,C10109,P2041,2,0.05,53.15,104.66,Apparel,209.32,10.47,198.85,106.3,7.12,6.09
O506640,2025-08-20,C10156,P2002,1,0.1,36.16,61.12,Beauty,61.12,6.11,55.01,36.16,5.06,1.51
O506641,2026-03-27,C10092,P2009,1,0.05,89.03,195.13,Home,195.13,9.76,185.37,89.03,6.16,4.76
O506642,2025-07-20,C10640,P2075,1,0.1,49.49,125.61,Electronics,125.61,12.56,113.05,49.49,3.53,2.49
O506643,2025-08-21,C10617,P2006,3,0.0,90.83,200.16,Electronics,600.48,0.0,600.48,272.49,3.78,17.16
O506644,2025-03-09,C10004,P2014,1,0.0,105.6,279.48,Beauty,279.48,0.0,279.48,105.6,5.74,6.51
O506645,2025-12-14,C10688,P2015,3,0.0,32.67,56.68,Home,170.04,0.0,170.04,98.01,4.76,3.37
O506646,2026-02-09,C10964,P2033,1,0.1,102.58,280.83,Apparel,280.83,28.08,252.75,102.58,3.95,7.42
O506647,2025-04-07,C10032,P2001,2,0.0,67.86,159.31,Electronics,318.62,0.0,318.62,135.72,2.84,9.15
O506648,2025-02-25,C10697,P2073,1,0.15,103.53,278.8,Apparel,278.8,41.82,236.98,103.53,5.74,6.19
O506649,2025-01-08,C10758,P2021,1,0.25,75.19,147.18,Electronics,147.18,36.8,110.38,75.19,5.05,2.83
O506650,2025-08-25,C10070,P2071,1,0.1,72.34,202.22,Beauty,202.22,20.22,182.0,72.34,4.06,3.56
O506651,2025-12-13,C10999,P2043,1,0.15,34.43,56.92,Electronics,56.92,8.54,48.38,34.43,3.44,1.41
O506652,2025-03-11,C10367,P2054,3,0.1,19.42,50.24,Beauty,150.72,15.07,135.65,58.26,3.91,4.09
O506653,2025-01-31,C10111,P2012,1,0.0,91.5,250.58,Home,250.58,0.0,250.58,91.5,4.44,7.03
O506654,2026-05-27,C10570,P2011,1,0.15,25.59,43.62,Electronics,43.62,6.54,37.08,25.59,5.33,0.72
O506655,2026-02-19,C11040,P2038,3,0.15,61.98,100.85,Sports,302.55,45.38,257.17,185.94,5.12,7.31
O506656,2025-08-19,C10088,P2078,1,0.1,80.99,151.9,Beauty,151.9,15.19,136.71,80.99,3.8,2.79
O506657,2025-01-22,C11030,P2046,1,0.1,41.9,79.58,Sports,79.58,7.96,71.62,41.9,2.5,1.59
O506658,2026-03-01,C10181,P2065,2,0.1,74.22,160.54,Electronics,321.08,32.11,288.97,148.44,5.79,9.12
O506659,2026-05-12,C10910,P2049,1,0.1,75.64,173.14,Apparel,173.14,17.31,155.83,75.64,6.83,3.95
O506660,2025-06-03,C10059,P2073,1,0.1,103.53,278.8,Apparel,278.8,27.88,250.92,103.53,5.59,7.35
O506661,2025-04-09,C10785,P2019,1,0.0,28.46,61.03,Sports,61.03,0.0,61.03,28.46,2.5,1.57
O506662,2025-07-03,C10403,P2061,2,0.1,92.46,150.56,Sports,301.12,30.11,271.01,184.92,5.28,5.14
O506663,2025-12-06,C10676,P2005,1,0.05,21.42,39.38,Sports,39.38,1.97,37.41,21.42,2.67,0.79
O506664,2026-06-23,C10791,P2039,1,0.1,88.55,225.55,Beauty,225.55,22.56,203.0,88.55,4.06,5.69
O506665,2026-04-25,C10530,P2009,1,0.0,89.03,195.13,Home,195.13,0.0,195.13,89.03,2.5,4.34
O506666,2025-08-17,C10640,P2024,2,0.05,38.64,85.56,Electronics,171.12,8.56,162.56,77.28,6.48,4.71
O506667,2025-05-26,C10019,P2063,3,0.05,107.79,241.07,Sports,723.21,36.16,687.05,323.37,5.38,14.87
O506668,2026-03-12,C10189,P2029,3,0.0,30.95,55.54,Apparel,166.62,0.0,166.62,92.85,4.71,4.99
O506669,2025-01-08,C10214,P2020,1,0.15,96.28,147.84,Home,147.84,22.18,125.66,96.28,6.66,4.02
O506670,2026-04-01,C10459,P2001,1,0.0,67.86,159.31,Electronics,159.31,0.0,159.31,67.86,4.3,4.14
O506671,2026-01-28,C10232,P2028,3,0.0,49.21,76.08,Beauty,228.24,0.0,228.24,147.63,4.91,6.52
O506672,2026-03-13,C10803,P2045,1,0.15,54.87,109.92,Sports,109.92,16.49,93.43,54.87,6.51,2.95
O506673,2025-11-18,C10864,P2026,2,0.2,25.88,63.53,Beauty,127.06,25.41,101.65,51.76,3.69,2.39
O506674,2026-02-23,C10711,P2079,1,0.1,76.11,150.73,Apparel,150.73,15.07,135.66,76.11,3.16,3.39
O506675,2025-06-13,C10207,P2067,1,0.25,89.48,177.38,Sports,177.38,44.34,133.04,89.48,4.4,4.21
O506676,2026-06-30,C10647,P2023,1,0.05,99.43,207.17,Apparel,207.17,10.36,196.81,99.43,5.2,4.94
O506677,2025-07-09,C11175,P2056,2,0.0,12.18,29.13,Home,58.26,0.0,58.26,24.36,5.78,1.35
O506678,2026-02-23,C10801,P2028,2,0.25,49.21,76.08,Beauty,152.16,38.04,114.12,98.42,2.5,2.12
O506679,2026-04-17,C11162,P2029,3,0.05,30.95,55.54,Apparel,166.62,8.33,158.29,92.85,3.88,4.32
O506680,2025-05-05,C10929,P2005,1,0.05,21.42,39.38,Sports,39.38,1.97,37.41,21.42,6.24,0.88
O506681,2025-06-12,C10089,P2050,1,0.05,47.62,83.27,Beauty,83.27,4.16,79.11,47.62,3.53,1.56
O506682,2025-09-11,C10583,P2075,1,0.2,49.49,125.61,Electronics,125.61,25.12,100.49,49.49,5.21,2.25
O506683,2025-10-04,C10472,P2022,1,0.0,39.69,79.46,Beauty,79.46,0.0,79.46,39.69,6.22,2.03
O506684,2025-07-30,C11059,P2073,1,0.1,103.53,278.8,Apparel,278.8,27.88,250.92,103.53,5.54,6.22
O506685,2025-01-31,C10709,P2014,1,0.2,105.6,279.48,Beauty,279.48,55.9,223.58,105.6,7.56,7.06
O506686,2026-02-25,C10361,P2044,2,0.05,96.39,166.51,Electronics,333.02,16.65,316.37,192.78,4.75,9.89
O506687,2025-09-02,C10005,P2063,1,0.0,107.79,241.07,Sports,241.07,0.0,241.07,107.79,2.5,6.59
O506688,2025-08-04,C10993,P2052,1,0.15,85.13,212.17,Beauty,212.17,31.83,180.34,85.13,2.58,3.38
O506689,2025-11-11,C10122,P2046,3,0.1,41.9,79.58,Sports,238.74,23.87,214.87,125.7,6.43,5.95
O506690,2025-06-04,C10220,P2042,2,0.15,21.36,43.17,Sports,86.34,12.95,73.39,42.72,6.16,1.8
O506691,2026-04-22,C10296,P2028,1,0.0,49.21,76.08,Beauty,76.08,0.0,76.08,49.21,4.17,1.83
O506692,2025-09-12,C10120,P2048,2,0.0,26.01,65.12,Home,130.24,0.0,130.24,52.02,4.24,2.94
O506693,2025-05-17,C11169,P2067,1,0.25,89.48,177.38,Sports,177.38,44.34,133.04,89.48,2.82,3.7
O506694,2026-05-05,C10959,P2047,1,0.2,23.95,36.37,Sports,36.37,7.27,29.1,23.95,3.24,0.81
O506695,2025-03-22,C10282,P2032,2,0.25,83.59,176.17,Apparel,352.34,88.08,264.26,167.18,3.08,5.81
O506696,2026-05-15,C10928,P2028,2,0.15,49.21,76.08,Beauty,152.16,22.82,129.34,98.42,5.01,3.52
O506697,2026-03-27,C10934,P2027,1,0.05,39.51,103.84,Electronics,103.84,5.19,98.65,39.51,5.84,2.17
O506698,2026-04-18,C11175,P2077,2,0.2,99.36,190.12,Apparel,380.24,76.05,304.19,198.72,5.49,5.74
O506699,2025-05-15,C11109,P2005,1,0.2,21.42,39.38,Sports,39.38,7.88,31.5,21.42,7.95,0.88
O506700,2025-09-06,C10463,P2066,2,0.15,21.23,45.94,Beauty,91.88,13.78,78.1,42.46,4.26,2.39
O506701,2025-07-27,C10272,P2006,1,0.2,90.83,200.16,Electronics,200.16,40.03,160.13,90.83,2.92,3.36
O506702,2026-05-30,C10632,P2028,2,0.2,49.21,76.08,Beauty,152.16,30.43,121.73,98.42,2.5,3.24
O506703,2025-03-25,C10331,P2062,1,0.05,69.71,151.88,Beauty,151.88,7.59,144.29,69.71,5.34,4.01
O506704,2026-03-13,C10122,P2031,1,0.2,54.53,117.07,Sports,117.07,23.41,93.66,54.53,6.41,2.99
O506705,2025-07-27,C11057,P2025,1,0.15,59.62,149.3,Electronics,149.3,22.4,126.91,59.62,6.15,2.81
O506706,2025-12-22,C10596,P2043,1,0.1,34.43,56.92,Electronics,56.92,5.69,51.23,34.43,4.99,1.45
O506707,2025-06-04,C10552,P2049,3,0.05,75.64,173.14,Apparel,519.42,25.97,493.45,226.92,2.5,15.29
O506708,2025-04-13,C10326,P2060,3,0.05,91.93,225.41,Sports,676.23,33.81,642.42,275.79,5.13,16.97
O506709,2026-03-19,C11123,P2061,1,0.1,92.46,150.56,Sports,150.56,15.06,135.5,92.46,7.36,4.17
O506710,2025-04-07,C11135,P2073,3,0.25,103.53,278.8,Apparel,836.4,209.1,627.3,310.59,2.71,17.51
O506711,2025-08-03,C10360,P2044,1,0.1,96.39,166.51,Electronics,166.51,16.65,149.86,96.39,6.54,3.1
O506712,2025-02-08,C10645,P2066,1,0.1,21.23,45.94,Beauty,45.94,4.59,41.35,21.23,7.12,1.02
O506713,2025-02-18,C11014,P2042,1,0.25,21.36,43.17,Sports,43.17,10.79,32.38,21.36,5.4,0.76
O506714,2025-08-06,C11093,P2079,2,0.15,76.11,150.73,Apparel,301.46,45.22,256.24,152.22,4.04,6.67
O506715,2025-11-23,C10272,P2013,1,0.1,14.91,32.18,Beauty,32.18,3.22,28.96,14.91,7.55,0.68
O506716,2026-05-14,C10962,P2056,1,0.15,12.18,29.13,Home,29.13,4.37,24.76,12.18,4.48,0.71
O506717,2026-05-11,C10685,P2011,1,0.15,25.59,43.62,Electronics,43.62,6.54,37.08,25.59,4.79,1.15
O506718,2025-07-30,C10521,P2044,2,0.0,96.39,166.51,Electronics,333.02,0.0,333.02,192.78,7.37,9.18
O506719,2026-05-08,C10061,P2036,3,0.05,79.57,186.92,Apparel,560.76,28.04,532.72,238.71,4.52,10.14
O506720,2025-08-04,C10053,P2007,1,0.2,81.19,138.2,Apparel,138.2,27.64,110.56,81.19,5.95,2.75
O506721,2026-02-12,C10211,P2004,3,0.2,82.13,229.05,Sports,687.15,137.43,549.72,246.39,4.35,16.78
O506722,2025-09-02,C10692,P2029,3,0.05,30.95,55.54,Apparel,166.62,8.33,158.29,92.85,5.9,4.33
O506723,2026-05-18,C10110,P2029,2,0.0,30.95,55.54,Apparel,111.08,0.0,111.08,61.9,5.92,3.1
O506724,2025-11-16,C10906,P2012,3,0.15,91.5,250.58,Home,751.74,112.76,638.98,274.5,6.52,17.64
O506725,2025-03-22,C10837,P2033,1,0.15,102.58,280.83,Apparel,280.83,42.12,238.71,102.58,3.8,5.73
O506726,2026-04-24,C10793,P2044,3,0.2,96.39,166.51,Electronics,499.53,99.91,399.62,289.17,5.43,10.29
O506727,2026-04-19,C10959,P2064,2,0.0,92.82,194.3,Sports,388.6,0.0,388.6,185.64,9.47,11.74
O506728,2026-04-30,C10493,P2066,1,0.2,21.23,45.94,Beauty,45.94,9.19,36.75,21.23,5.96,0.95
O506729,2025-11-12,C10990,P2066,1,0.0,21.23,45.94,Beauty,45.94,0.0,45.94,21.23,4.58,1.36
O506730,2026-02-07,C10858,P2011,2,0.15,25.59,43.62,Electronics,87.24,13.09,74.15,51.18,6.75,1.82
O506731,2026-04-29,C10829,P2050,2,0.0,47.62,83.27,Beauty,166.54,0.0,166.54,95.24,4.26,4.81
O506732,2025-04-16,C10574,P2032,2,0.0,83.59,176.17,Apparel,352.34,0.0,352.34,167.18,5.62,10.73
O506733,2025-10-04,C10992,P2033,2,0.05,102.58,280.83,Apparel,561.66,28.08,533.58,205.16,9.13,9.75
O506734,2025-08-02,C10130,P2037,2,0.15,19.43,42.14,Home,84.28,12.64,71.64,38.86,5.3,1.81
O506735,2025-02-19,C10965,P2079,1,0.2,76.11,150.73,Apparel,150.73,30.15,120.58,76.11,3.11,3.52
O506736,2025-05-10,C11181,P2037,1,0.15,19.43,42.14,Home,42.14,6.32,35.82,19.43,7.19,0.89
O506737,2026-05-04,C10010,P2022,2,0.2,39.69,79.46,Beauty,158.92,31.78,127.14,79.38,6.99,3.33
O506738,2025-02-05,C10216,P2002,1,0.0,36.16,61.12,Beauty,61.12,0.0,61.12,36.16,6.36,1.34
O506739,2026-05-01,C10944,P2066,2,0.0,21.23,45.94,Beauty,91.88,0.0,91.88,42.46,2.91,2.0
O506740,2026-05-31,C10204,P2042,2,0.0,21.36,43.17,Sports,86.34,0.0,86.34,42.72,3.57,2.49
O506741,2025-11-23,C11034,P2036,2,0.1,79.57,186.92,Apparel,373.84,37.38,336.46,159.14,4.72,9.4
O506742,2025-11-21,C10894,P2037,1,0.15,19.43,42.14,Home,42.14,6.32,35.82,19.43,6.75,0.89
O506743,2026-04-20,C11016,P2041,2,0.15,53.15,104.66,Apparel,209.32,31.4,177.92,106.3,5.57,4.31
O506744,2025-05-31,C10501,P2042,1,0.1,21.36,43.17,Sports,43.17,4.32,38.85,21.36,4.55,0.7
O506745,2025-03-22,C10867,P2062,1,0.05,69.71,151.88,Beauty,151.88,7.59,144.29,69.71,3.49,3.29
O506746,2025-10-02,C10372,P2017,1,0.2,42.64,69.06,Apparel,69.06,13.81,55.25,42.64,4.8,1.22
O506747,2026-05-29,C11045,P2018,1,0.25,23.1,60.58,Apparel,60.58,15.14,45.44,23.1,6.23,1.11
O506748,2025-12-20,C10242,P2006,2,0.05,90.83,200.16,Electronics,400.32,20.02,380.3,181.66,2.8,10.88
O506749,2025-01-09,C11065,P2035,3,0.25,33.04,85.13,Beauty,255.39,63.85,191.54,99.12,3.77,4.39
O506750,2025-02-19,C11157,P2042,2,0.15,21.36,43.17,Sports,86.34,12.95,73.39,42.72,5.1,1.61
O506751,2025-01-29,C10256,P2078,1,0.0,80.99,151.9,Beauty,151.9,0.0,151.9,80.99,4.91,3.9
O506752,2026-05-26,C10817,P2033,2,0.05,102.58,280.83,Apparel,561.66,28.08,533.58,205.16,6.67,14.56
O506753,2025-07-02,C11045,P2005,3,0.05,21.42,39.38,Sports,118.14,5.91,112.23,64.26,6.67,3.45
O506754,2025-07-24,C10365,P2019,3,0.05,28.46,61.03,Sports,183.09,9.15,173.94,85.38,7.15,5.26
O506755,2025-10-15,C10385,P2053,1,0.1,95.73,175.96,Electronics,175.96,17.6,158.36,95.73,4.37,4.01
O506756,2025-11-06,C10856,P2015,1,0.05,32.67,56.68,Home,56.68,2.83,53.85,32.67,4.09,1.18
O506757,2026-06-09,C10222,P2027,3,0.25,39.51,103.84,Electronics,311.52,77.88,233.64,118.53,4.75,5.98
O506758,2025-08-10,C10426,P2061,1,0.0,92.46,150.56,Sports,150.56,0.0,150.56,92.46,6.85,2.93
O506759,2025-04-06,C11015,P2053,1,0.0,95.73,175.96,Electronics,175.96,0.0,175.96,95.73,5.66,5.13
O506760,2025-08-13,C11129,P2047,2,0.25,23.95,36.37,Sports,72.74,18.18,54.55,47.9,4.92,1.15
O506761,2026-06-18,C10109,P2016,1,0.25,23.99,66.65,Electronics,66.65,16.66,49.99,23.99,4.27,1.17
O506762,2026-06-16,C10203,P2025,2,0.0,59.62,149.3,Electronics,298.6,0.0,298.6,119.24,2.5,7.19
O506763,2026-01-07,C10557,P2047,3,0.05,23.95,36.37,Sports,109.11,5.46,103.65,71.85,6.27,2.27
O506764,2025-04-29,C10753,P2075,1,0.05,49.49,125.61,Electronics,125.61,6.28,119.33,49.49,3.31,3.19
O506765,2025-05-05,C10315,P2015,2,0.15,32.67,56.68,Home,113.36,17.0,96.36,65.34,3.92,2.79
O506766,2025-03-17,C10876,P2041,3,0.0,53.15,104.66,Apparel,313.98,0.0,313.98,159.45,4.16,7.01
O506767,2025-02-04,C10410,P2048,1,0.05,26.01,65.12,Home,65.12,3.26,61.86,26.01,5.74,1.71
O506768,2026-05-08,C11194,P2070,3,0.1,80.41,185.88,Sports,557.64,55.76,501.88,241.23,5.7,12.01
O506769,2025-12-19,C10688,P2033,1,0.1,102.58,280.83,Apparel,280.83,28.08,252.75,102.58,4.18,5.65
O506770,2025-09-12,C10411,P2049,2,0.2,75.64,173.14,Apparel,346.28,69.26,277.02,151.28,3.46,7.57
O506771,2026-01-23,C10235,P2019,3,0.05,28.46,61.03,Sports,183.09,9.15,173.94,85.38,4.12,4.17
O506772,2025-05-25,C10491,P2000,2,0.1,20.01,46.3,Beauty,92.6,9.26,83.34,40.02,7.59,1.91
O506773,2025-06-29,C10200,P2059,1,0.1,74.58,192.13,Electronics,192.13,19.21,172.92,74.58,3.52,3.81
O506774,2025-05-11,C11054,P2039,1,0.05,88.55,225.55,Beauty,225.55,11.28,214.27,88.55,5.38,3.96
O506775,2025-01-12,C10209,P2078,1,0.1,80.99,151.9,Beauty,151.9,15.19,136.71,80.99,3.96,3.12
O506776,2025-04-17,C10653,P2013,1,0.05,14.91,32.18,Beauty,32.18,1.61,30.57,14.91,3.17,0.59
O506777,2025-10-06,C10093,P2006,2,0.15,90.83,200.16,Electronics,400.32,60.05,340.27,181.66,2.5,9.76
O506778,2025-01-16,C11092,P2012,1,0.0,91.5,250.58,Home,250.58,0.0,250.58,91.5,6.26,6.63
O506779,2025-05-22,C10531,P2044,2,0.05,96.39,166.51,Electronics,333.02,16.65,316.37,192.78,3.74,7.81
O506780,2025-02-24,C10018,P2025,1,0.1,59.62,149.3,Electronics,149.3,14.93,134.37,59.62,3.18,3.04
O506781,2026-05-25,C10390,P2033,2,0.0,102.58,280.83,Apparel,561.66,0.0,561.66,205.16,3.59,13.34
O506782,2025-12-08,C10878,P2018,3,0.1,23.1,60.58,Apparel,181.74,18.17,163.57,69.3,6.49,3.87
O506783,2026-02-01,C10772,P2057,1,0.0,24.55,53.8,Beauty,53.8,0.0,53.8,24.55,3.28,1.32
O506784,2025-08-23,C10867,P2077,1,0.1,99.36,190.12,Apparel,190.12,19.01,171.11,99.36,3.1,3.37
O506785,2026-04-26,C10828,P2040,3,0.2,46.24,112.16,Electronics,336.48,67.3,269.18,138.72,2.96,6.27
O506786,2026-05-29,C10241,P2059,1,0.1,74.58,192.13,Electronics,192.13,19.21,172.92,74.58,6.64,3.99
O506787,2025-09-13,C11169,P2073,2,0.1,103.53,278.8,Apparel,557.6,55.76,501.84,207.06,2.8,12.4
O506788,2026-03-11,C10307,P2065,1,0.1,74.22,160.54,Electronics,160.54,16.05,144.49,74.22,4.93,3.26
O506789,2025-11-19,C10672,P2056,2,0.1,12.18,29.13,Home,58.26,5.83,52.43,24.36,3.4,1.58
O506790,2025-11-02,C10279,P2016,1,0.15,23.99,66.65,Electronics,66.65,10.0,56.65,23.99,5.27,1.69
O506791,2025-06-04,C10304,P2051,1,0.25,21.09,56.25,Home,56.25,14.06,42.19,21.09,3.8,1.08
O506792,2026-05-10,C10109,P2069,2,0.0,90.63,175.87,Apparel,351.74,0.0,351.74,181.26,6.37,9.14
O506793,2025-07-08,C11017,P2057,1,0.25,24.55,53.8,Beauty,53.8,13.45,40.35,24.55,3.54,1.08
O506794,2025-03-06,C10245,P2079,2,0.0,76.11,150.73,Apparel,301.46,0.0,301.46,152.22,2.89,6.24
O506795,2026-01-22,C10884,P2001,3,0.2,67.86,159.31,Electronics,477.93,95.59,382.34,203.58,6.33,10.83
O506796,2026-01-23,C10768,P2006,2,0.2,90.83,200.16,Electronics,400.32,80.06,320.26,181.66,5.32,9.5
O506797,2025-08-19,C10866,P2068,2,0.1,54.46,128.05,Home,256.1,25.61,230.49,108.92,5.3,6.3
O506798,2026-04-24,C10252,P2038,1,0.1,61.98,100.85,Sports,100.85,10.09,90.76,61.98,8.49,2.85
O506799,2025-07-20,C11036,P2066,3,0.05,21.23,45.94,Beauty,137.82,6.89,130.93,63.69,4.69,2.4
O506800,2025-11-13,C10307,P2020,3,0.0,96.28,147.84,Home,443.52,0.0,443.52,288.84,4.48,10.15
O506801,2026-04-02,C10833,P2017,1,0.0,42.64,69.06,Apparel,69.06,0.0,69.06,42.64,5.01,2.14
O506802,2025-10-19,C10589,P2069,3,0.15,90.63,175.87,Apparel,527.61,79.14,448.47,271.89,4.71,9.1
O506803,2025-12-12,C10725,P2025,3,0.15,59.62,149.3,Electronics,447.9,67.18,380.72,178.86,6.56,10.85
O506804,2025-07-04,C10391,P2075,3,0.1,49.49,125.61,Electronics,376.83,37.68,339.15,148.47,6.63,9.0
O506805,2025-06-26,C10285,P2044,1,0.1,96.39,166.51,Electronics,166.51,16.65,149.86,96.39,6.65,4.65
O506806,2026-06-24,C10204,P2030,3,0.1,81.44,160.67,Electronics,482.01,48.2,433.81,244.32,3.94,8.25
O506807,2026-01-03,C10026,P2036,1,0.05,79.57,186.92,Apparel,186.92,9.35,177.57,79.57,6.5,5.49
O506808,2025-01-11,C10416,P2047,1,0.05,23.95,36.37,Sports,36.37,1.82,34.55,23.95,4.64,0.75
O506809,2025-08-10,C10551,P2045,2,0.1,54.87,109.92,Sports,219.84,21.98,197.86,109.74,5.01,3.9
O506810,2025-01-30,C10402,P2001,1,0.05,67.86,159.31,Electronics,159.31,7.97,151.34,67.86,4.7,3.95
O506811,2025-09-28,C10312,P2062,1,0.0,69.71,151.88,Beauty,151.88,0.0,151.88,69.71,7.67,3.25
O506812,2025-04-06,C10650,P2050,1,0.15,47.62,83.27,Beauty,83.27,12.49,70.78,47.62,6.57,1.92
O506813,2026-06-13,C11118,P2063,3,0.05,107.79,241.07,Sports,723.21,36.16,687.05,323.37,5.34,18.29
O506814,2025-02-01,C11092,P2050,1,0.0,47.62,83.27,Beauty,83.27,0.0,83.27,47.62,7.31,2.38
O506815,2025-01-07,C10633,P2037,1,0.1,19.43,42.14,Home,42.14,4.21,37.93,19.43,3.55,0.83
O506816,2025-02-19,C10654,P2050,1,0.05,47.62,83.27,Beauty,83.27,4.16,79.11,47.62,3.63,2.46
O506817,2025-05-21,C10102,P2035,1,0.05,33.04,85.13,Beauty,85.13,4.26,80.87,33.04,7.54,1.78
O506818,2025-08-31,C10133,P2024,2,0.0,38.64,85.56,Electronics,171.12,0.0,171.12,77.28,8.56,4.94
O506819,2025-01-18,C10070,P2072,3,0.15,85.85,152.66,Sports,457.98,68.7,389.28,257.55,4.21,7.27
O506820,2026-06-09,C10176,P2002,2,0.15,36.16,61.12,Beauty,122.24,18.34,103.9,72.32,4.31,2.21
O506821,2025-07-22,C11035,P2079,1,0.15,76.11,150.73,Apparel,150.73,22.61,128.12,76.11,2.91,3.14
O506822,2025-11-01,C10153,P2062,2,0.1,69.71,151.88,Beauty,303.76,30.38,273.38,139.42,3.8,5.6
O506823,2025-05-27,C10096,P2071,3,0.05,72.34,202.22,Beauty,606.66,30.33,576.33,217.02,4.76,10.52
O506824,2025-08-31,C10865,P2008,1,0.15,64.11,126.24,Beauty,126.24,18.94,107.3,64.11,5.79,3.1
O506825,2025-07-14,C10206,P2032,1,0.25,83.59,176.17,Apparel,176.17,44.04,132.13,83.59,2.93,3.41
O506826,2026-04-05,C10130,P2058,3,0.05,56.31,124.87,Electronics,374.61,18.73,355.88,168.93,3.74,6.59
O506827,2026-02-08,C10696,P2063,1,0.05,107.79,241.07,Sports,241.07,12.05,229.02,107.79,3.86,4.22
O506828,2025-03-20,C10546,P2014,1,0.15,105.6,279.48,Beauty,279.48,41.92,237.56,105.6,3.37,7.01
O506829,2025-01-06,C11087,P2011,1,0.15,25.59,43.62,Electronics,43.62,6.54,37.08,25.59,3.92,0.95
O506830,2025-08-11,C10387,P2008,1,0.2,64.11,126.24,Beauty,126.24,25.25,100.99,64.11,6.45,2.14
O506831,2025-09-18,C10415,P2002,1,0.0,36.16,61.12,Beauty,61.12,0.0,61.12,36.16,3.41,1.15
O506832,2025-10-19,C10646,P2007,2,0.25,81.19,138.2,Apparel,276.4,69.1,207.3,162.38,6.47,4.35
O506833,2026-03-16,C10952,P2013,1,0.15,14.91,32.18,Beauty,32.18,4.83,27.35,14.91,5.73,0.81
O506834,2026-01-12,C11080,P2031,2,0.15,54.53,117.07,Sports,234.14,35.12,199.02,109.06,4.55,5.41
O506835,2025-06-22,C10200,P2020,2,0.0,96.28,147.84,Home,295.68,0.0,295.68,192.56,5.64,7.82
O506836,2025-07-08,C10597,P2017,1,0.05,42.64,69.06,Apparel,69.06,3.45,65.61,42.64,5.05,1.79
O506837,2026-03-28,C10801,P2031,3,0.05,54.53,117.07,Sports,351.21,17.56,333.65,163.59,4.19,7.49
O506838,2026-03-21,C11099,P2055,2,0.25,14.94,29.55,Sports,59.1,14.78,44.32,29.88,4.46,1.12
O506839,2026-03-17,C11134,P2010,3,0.0,105.58,212.84,Electronics,638.52,0.0,638.52,316.74,2.5,20.42
O506840,2026-06-21,C10734,P2030,3,0.15,81.44,160.67,Electronics,482.01,72.3,409.71,244.32,6.98,12.74
O506841,2025-02-23,C10895,P2017,1,0.0,42.64,69.06,Apparel,69.06,0.0,69.06,42.64,5.56,1.85
O506842,2025-07-22,C11034,P2072,1,0.25,85.85,152.66,Sports,152.66,38.16,114.5,85.85,4.36,2.64
O506843,2025-01-28,C10939,P2028,1,0.2,49.21,76.08,Beauty,76.08,15.22,60.86,49.21,3.68,1.2
O506844,2026-04-30,C10426,P2027,2,0.1,39.51,103.84,Electronics,207.68,20.77,186.91,79.02,4.77,3.46
O506845,2025-01-24,C10168,P2033,1,0.15,102.58,280.83,Apparel,280.83,42.12,238.71,102.58,3.79,4.4
O506846,2025-10-12,C10133,P2072,1,0.2,85.85,152.66,Sports,152.66,30.53,122.13,85.85,5.49,2.83
O506847,2026-05-31,C10493,P2000,1,0.0,20.01,46.3,Beauty,46.3,0.0,46.3,20.01,6.37,0.97
O506848,2025-01-26,C10222,P2008,1,0.1,64.11,126.24,Beauty,126.24,12.62,113.62,64.11,7.48,2.66
O506849,2026-06-10,C10601,P2010,1,0.2,105.58,212.84,Electronics,212.84,42.57,170.27,105.58,5.08,3.4
O506850,2026-02-05,C10106,P2043,1,0.25,34.43,56.92,Electronics,56.92,14.23,42.69,34.43,6.11,1.21
O506851,2025-03-24,C10586,P2008,1,0.05,64.11,126.24,Beauty,126.24,6.31,119.93,64.11,4.05,2.44
O506852,2025-05-21,C11187,P2029,1,0.0,30.95,55.54,Apparel,55.54,0.0,55.54,30.95,5.31,1.01
O506853,2025-04-28,C10074,P2075,2,0.0,49.49,125.61,Electronics,251.22,0.0,251.22,98.98,3.12,5.99
O506854,2026-01-10,C10721,P2066,1,0.15,21.23,45.94,Beauty,45.94,6.89,39.05,21.23,4.34,0.82
O506855,2025-05-18,C10906,P2037,1,0.15,19.43,42.14,Home,42.14,6.32,35.82,19.43,6.8,1.05
O506856,2025-08-14,C10154,P2043,1,0.1,34.43,56.92,Electronics,56.92,5.69,51.23,34.43,3.98,1.13
O506857,2025-03-16,C10872,P2040,1,0.0,46.24,112.16,Electronics,112.16,0.0,112.16,46.24,3.39,2.5
O506858,2026-05-06,C10990,P2003,1,0.2,103.86,246.21,Sports,246.21,49.24,196.97,103.86,5.81,5.65
O506859,2025-07-26,C10675,P2075,2,0.1,49.49,125.61,Electronics,251.22,25.12,226.1,98.98,6.62,6.0
O506860,2026-02-23,C10859,P2047,2,0.1,23.95,36.37,Sports,72.74,7.27,65.47,47.9,3.4,1.24
O506861,2026-04-28,C10619,P2066,3,0.0,21.23,45.94,Beauty,137.82,0.0,137.82,63.69,5.78,3.46
O506862,2026-04-04,C10318,P2018,1,0.15,23.1,60.58,Apparel,60.58,9.09,51.49,23.1,6.65,1.57
O506863,2025-10-27,C10961,P2012,2,0.05,91.5,250.58,Home,501.16,25.06,476.1,183.0,2.5,10.11
O506864,2025-11-08,C10885,P2072,1,0.1,85.85,152.66,Sports,152.66,15.27,137.39,85.85,3.23,3.76
O506865,2025-01-25,C10662,P2012,2,0.05,91.5,250.58,Home,501.16,25.06,476.1,183.0,5.91,13.02
O506866,2025-12-03,C10611,P2063,1,0.1,107.79,241.07,Sports,241.07,24.11,216.96,107.79,4.54,6.94
O506867,2026-06-02,C10382,P2039,1,0.0,88.55,225.55,Beauty,225.55,0.0,225.55,88.55,5.09,6.17
O506868,2025-09-28,C10402,P2073,2,0.1,103.53,278.8,Apparel,557.6,55.76,501.84,207.06,3.15,9.77
O506869,2025-11-05,C10258,P2070,3,0.15,80.41,185.88,Sports,557.64,83.65,473.99,241.23,5.37,11.67
O506870,2025-06-30,C10908,P2009,2,0.0,89.03,195.13,Home,390.26,0.0,390.26,178.06,3.61,7.53
O506871,2026-04-14,C10867,P2064,2,0.0,92.82,194.3,Sports,388.6,0.0,388.6,185.64,2.5,7.68
O506872,2025-10-06,C10882,P2015,1,0.0,32.67,56.68,Home,56.68,0.0,56.68,32.67,4.39,1.07
O506873,2025-08-11,C10758,P2024,3,0.2,38.64,85.56,Electronics,256.68,51.34,205.34,115.92,2.5,4.82
O506874,2025-03-01,C10674,P2030,3,0.05,81.44,160.67,Electronics,482.01,24.1,457.91,244.32,4.21,10.33
O506875,2025-06-23,C10548,P2075,1,0.25,49.49,125.61,Electronics,125.61,31.4,94.21,49.49,7.52,1.76
O506876,2026-04-08,C10665,P2030,1,0.0,81.44,160.67,Electronics,160.67,0.0,160.67,81.44,5.17,3.68
O506877,2025-07-13,C11094,P2026,1,0.0,25.88,63.53,Beauty,63.53,0.0,63.53,25.88,6.74,1.96
O506878,2025-05-27,C10657,P2055,1,0.15,14.94,29.55,Sports,29.55,4.43,25.12,14.94,6.64,0.8
O506879,2025-07-07,C10812,P2067,1,0.0,89.48,177.38,Sports,177.38,0.0,177.38,89.48,5.83,4.77
O506880,2025-03-04,C10749,P2021,3,0.2,75.19,147.18,Electronics,441.54,88.31,353.23,225.57,3.54,8.83
O506881,2025-10-19,C10958,P2054,3,0.25,19.42,50.24,Beauty,150.72,37.68,113.04,58.26,4.7,3.18
O506882,2025-11-03,C10101,P2032,2,0.05,83.59,176.17,Apparel,352.34,17.62,334.72,167.18,7.02,6.47
O506883,2025-04-12,C10816,P2010,1,0.15,105.58,212.84,Electronics,212.84,31.93,180.91,105.58,4.61,5.29
O506884,2025-05-20,C10351,P2007,1,0.05,81.19,138.2,Apparel,138.2,6.91,131.29,81.19,5.64,2.96
O506885,2026-02-26,C10118,P2069,2,0.15,90.63,175.87,Apparel,351.74,52.76,298.98,181.26,4.96,7.34
O506886,2025-04-22,C11088,P2018,1,0.1,23.1,60.58,Apparel,60.58,6.06,54.52,23.1,5.86,1.19
O506887,2025-03-29,C10815,P2026,3,0.1,25.88,63.53,Beauty,190.59,19.06,171.53,77.64,4.48,4.51
O506888,2026-04-20,C11155,P2051,2,0.1,21.09,56.25,Home,112.5,11.25,101.25,42.18,4.44,2.22
O506889,2026-01-30,C10890,P2007,1,0.0,81.19,138.2,Apparel,138.2,0.0,138.2,81.19,4.82,4.14
O506890,2025-01-14,C10355,P2065,2,0.05,74.22,160.54,Electronics,321.08,16.05,305.03,148.44,3.55,7.77
O506891,2025-01-06,C11043,P2021,2,0.1,75.19,147.18,Electronics,294.36,29.44,264.92,150.38,6.89,5.12
O506892,2026-04-21,C10747,P2037,2,0.25,19.43,42.14,Home,84.28,21.07,63.21,38.86,4.74,1.31
O506893,2026-01-01,C10029,P2066,2,0.0,21.23,45.94,Beauty,91.88,0.0,91.88,42.46,3.93,2.7
O506894,2026-04-03,C10084,P2025,1,0.25,59.62,149.3,Electronics,149.3,37.33,111.98,59.62,8.22,3.26
O506895,2025-10-01,C10182,P2070,3,0.2,80.41,185.88,Sports,557.64,111.53,446.11,241.23,4.79,12.35
O506896,2025-11-28,C10797,P2014,1,0.0,105.6,279.48,Beauty,279.48,0.0,279.48,105.6,4.34,7.38
O506897,2026-04-08,C11138,P2073,2,0.0,103.53,278.8,Apparel,557.6,0.0,557.6,207.06,6.3,14.67
O506898,2025-07-27,C10032,P2055,1,0.15,14.94,29.55,Sports,29.55,4.43,25.12,14.94,5.77,0.68
O506899,2025-03-25,C11118,P2061,1,0.1,92.46,150.56,Sports,150.56,15.06,135.5,92.46,8.38,4.09
O506900,2025-07-03,C10199,P2044,2,0.0,96.39,166.51,Electronics,333.02,0.0,333.02,192.78,5.4,6.67
O506901,2026-01-18,C11060,P2038,3,0.2,61.98,100.85,Sports,302.55,60.51,242.04,185.94,5.08,7.58
O506902,2025-12-03,C10879,P2056,2,0.15,12.18,29.13,Home,58.26,8.74,49.52,24.36,3.83,0.92
O506903,2025-11-14,C10947,P2075,3,0.05,49.49,125.61,Electronics,376.83,18.84,357.99,148.47,4.73,8.85
O506904,2025-02-13,C11121,P2058,1,0.05,56.31,124.87,Electronics,124.87,6.24,118.63,56.31,3.45,2.3
O506905,2025-07-10,C10219,P2022,2,0.0,39.69,79.46,Beauty,158.92,0.0,158.92,79.38,6.18,4.6
O506906,2025-05-09,C11114,P2066,1,0.1,21.23,45.94,Beauty,45.94,4.59,41.35,21.23,2.7,0.97
O506907,2026-02-20,C10441,P2009,1,0.05,89.03,195.13,Home,195.13,9.76,185.37,89.03,5.4,4.83
O506908,2026-02-10,C10194,P2037,2,0.2,19.43,42.14,Home,84.28,16.86,67.42,38.86,7.51,1.75
O506909,2025-03-27,C11031,P2031,3,0.0,54.53,117.07,Sports,351.21,0.0,351.21,163.59,5.78,8.03
O506910,2025-12-16,C10911,P2005,2,0.05,21.42,39.38,Sports,78.76,3.94,74.82,42.84,5.12,2.19
O506911,2025-09-28,C10541,P2069,3,0.0,90.63,175.87,Apparel,527.61,0.0,527.61,271.89,6.37,10.76
O506912,2026-05-07,C10384,P2058,2,0.05,56.31,124.87,Electronics,249.74,12.49,237.25,112.62,3.47,4.99
O506913,2026-06-14,C10263,P2017,1,0.0,42.64,69.06,Apparel,69.06,0.0,69.06,42.64,5.74,1.46
O506914,2025-10-23,C10515,P2059,3,0.25,74.58,192.13,Electronics,576.39,144.1,432.29,223.74,6.21,11.6
O506915,2025-10-23,C10112,P2030,1,0.0,81.44,160.67,Electronics,160.67,0.0,160.67,81.44,6.28,4.93
O506916,2025-09-08,C10270,P2010,2,0.1,105.58,212.84,Electronics,425.68,42.57,383.11,211.16,4.82,10.19
O506917,2026-03-15,C10940,P2034,1,0.05,84.74,206.91,Electronics,206.91,10.35,196.56,84.74,3.85,4.32
O506918,2025-05-15,C10653,P2055,3,0.1,14.94,29.55,Sports,88.65,8.86,79.79,44.82,5.13,1.57
O506919,2026-04-14,C11185,P2071,2,0.05,72.34,202.22,Beauty,404.44,20.22,384.22,144.68,4.68,10.29
O506920,2025-05-12,C10907,P2057,1,0.0,24.55,53.8,Beauty,53.8,0.0,53.8,24.55,5.49,0.98
O506921,2025-06-16,C10167,P2010,2,0.2,105.58,212.84,Electronics,425.68,85.14,340.54,211.16,6.66,9.47
O506922,2026-06-22,C10054,P2067,1,0.1,89.48,177.38,Sports,177.38,17.74,159.64,89.48,5.47,4.72
O506923,2025-02-27,C10116,P2032,2,0.15,83.59,176.17,Apparel,352.34,52.85,299.49,167.18,7.0,7.55
O506924,2026-03-06,C10954,P2060,3,0.05,91.93,225.41,Sports,676.23,33.81,642.42,275.79,5.37,16.24
O506925,2025-01-21,C10169,P2001,3,0.0,67.86,159.31,Electronics,477.93,0.0,477.93,203.58,2.5,12.14
O506926,2026-05-12,C11014,P2075,1,0.2,49.49,125.61,Electronics,125.61,25.12,100.49,49.49,5.49,2.37
O506927,2025-01-31,C10842,P2045,1,0.0,54.87,109.92,Sports,109.92,0.0,109.92,54.87,3.65,3.38
O506928,2025-09-12,C10573,P2048,1,0.2,26.01,65.12,Home,65.12,13.02,52.1,26.01,3.5,1.65
O506929,2025-07-16,C11177,P2059,2,0.1,74.58,192.13,Electronics,384.26,38.43,345.83,149.16,3.16,6.63
O506930,2026-01-16,C10594,P2054,1,0.0,19.42,50.24,Beauty,50.24,0.0,50.24,19.42,5.89,0.92
O506931,2025-08-25,C10635,P2030,1,0.0,81.44,160.67,Electronics,160.67,0.0,160.67,81.44,3.3,2.98
O506932,2025-10-20,C10071,P2031,1,0.15,54.53,117.07,Sports,117.07,17.56,99.51,54.53,5.82,2.99
O506933,2025-05-17,C10369,P2023,3,0.2,99.43,207.17,Apparel,621.51,124.3,497.21,298.29,4.4,13.88
O506934,2025-10-12,C11037,P2010,2,0.15,105.58,212.84,Electronics,425.68,63.85,361.83,211.16,4.13,8.93
O506935,2025-06-12,C10083,P2079,1,0.15,76.11,150.73,Apparel,150.73,22.61,128.12,76.11,3.35,3.98
O506936,2025-02-26,C10045,P2018,2,0.0,23.1,60.58,Apparel,121.16,0.0,121.16,46.2,4.85,3.86
O506937,2025-04-20,C10321,P2047,3,0.05,23.95,36.37,Sports,109.11,5.46,103.65,71.85,5.63,2.53
O506938,2026-04-06,C10540,P2057,3,0.0,24.55,53.8,Beauty,161.4,0.0,161.4,73.65,4.22,5.05
O506939,2026-05-18,C10944,P2013,2,0.1,14.91,32.18,Beauty,64.36,6.44,57.92,29.82,5.14,1.35
O506940,2025-07-16,C10919,P2019,1,0.0,28.46,61.03,Sports,61.03,0.0,61.03,28.46,7.99,1.89
O506941,2025-05-02,C10997,P2052,1,0.05,85.13,212.17,Beauty,212.17,10.61,201.56,85.13,3.46,4.08
O506942,2026-05-27,C10460,P2029,2,0.0,30.95,55.54,Apparel,111.08,0.0,111.08,61.9,4.36,3.12
O506943,2025-02-18,C11092,P2027,1,0.05,39.51,103.84,Electronics,103.84,5.19,98.65,39.51,4.73,2.58
O506944,2026-06-11,C10091,P2066,2,0.2,21.23,45.94,Beauty,91.88,18.38,73.5,42.46,2.66,1.73
O506945,2025-07-31,C11172,P2053,2,0.0,95.73,175.96,Electronics,351.92,0.0,351.92,191.46,3.68,8.25
O506946,2025-11-13,C11161,P2050,1,0.15,47.62,83.27,Beauty,83.27,12.49,70.78,47.62,5.98,1.79
O506947,2025-01-29,C10836,P2046,1,0.0,41.9,79.58,Sports,79.58,0.0,79.58,41.9,4.11,1.98
O506948,2025-03-09,C10324,P2033,2,0.1,102.58,280.83,Apparel,561.66,56.17,505.49,205.16,3.05,11.71
O506949,2025-02-26,C10988,P2068,2,0.1,54.46,128.05,Home,256.1,25.61,230.49,108.92,3.54,5.29
O506950,2025-07-17,C10906,P2005,2,0.0,21.42,39.38,Sports,78.76,0.0,78.76,42.84,5.07,2.38
O506951,2025-04-04,C10151,P2073,1,0.2,103.53,278.8,Apparel,278.8,55.76,223.04,103.53,5.51,4.02
O506952,2025-09-25,C10057,P2028,1,0.0,49.21,76.08,Beauty,76.08,0.0,76.08,49.21,7.66,2.02
O506953,2026-04-03,C10703,P2050,1,0.05,47.62,83.27,Beauty,83.27,4.16,79.11,47.62,5.75,2.41
O506954,2025-05-24,C10605,P2024,2,0.05,38.64,85.56,Electronics,171.12,8.56,162.56,77.28,6.36,3.1
O506955,2026-06-23,C10200,P2010,1,0.0,105.58,212.84,Electronics,212.84,0.0,212.84,105.58,5.19,6.69
O506956,2025-04-26,C10995,P2005,1,0.1,21.42,39.38,Sports,39.38,3.94,35.44,21.42,5.57,1.12
O506957,2025-02-11,C10137,P2052,1,0.05,85.13,212.17,Beauty,212.17,10.61,201.56,85.13,7.06,3.8
O506958,2026-05-10,C10416,P2031,1,0.15,54.53,117.07,Sports,117.07,17.56,99.51,54.53,4.83,2.96
O506959,2025-03-12,C10461,P2044,2,0.15,96.39,166.51,Electronics,333.02,49.95,283.07,192.78,2.5,6.79
O506960,2025-03-15,C10084,P2067,2,0.1,89.48,177.38,Sports,354.76,35.48,319.28,178.96,5.9,8.97
O506961,2025-01-06,C10500,P2035,1,0.05,33.04,85.13,Beauty,85.13,4.26,80.87,33.04,5.01,2.51
O506962,2025-07-04,C10906,P2067,1,0.0,89.48,177.38,Sports,177.38,0.0,177.38,89.48,6.24,4.19
O506963,2025-02-05,C11113,P2013,1,0.2,14.91,32.18,Beauty,32.18,6.44,25.74,14.91,2.5,0.48
O506964,2026-01-17,C10336,P2004,2,0.15,82.13,229.05,Sports,458.1,68.72,389.38,164.26,4.15,7.37
O506965,2026-02-18,C10657,P2020,2,0.1,96.28,147.84,Home,295.68,29.57,266.11,192.56,4.61,6.86
O506966,2025-02-14,C10610,P2072,1,0.15,85.85,152.66,Sports,152.66,22.9,129.76,85.85,6.54,2.58
O506967,2026-03-22,C10092,P2072,2,0.0,85.85,152.66,Sports,305.32,0.0,305.32,171.7,6.54,6.47
O506968,2025-06-22,C11128,P2026,2,0.0,25.88,63.53,Beauty,127.06,0.0,127.06,51.76,5.19,3.69
O506969,2025-05-29,C11126,P2064,1,0.1,92.82,194.3,Sports,194.3,19.43,174.87,92.82,2.92,4.09
O506970,2025-03-20,C10193,P2051,1,0.0,21.09,56.25,Home,56.25,0.0,56.25,21.09,3.8,1.36
O506971,2025-04-02,C11111,P2036,1,0.05,79.57,186.92,Apparel,186.92,9.35,177.57,79.57,3.38,3.9
O506972,2026-04-06,C10850,P2062,1,0.05,69.71,151.88,Beauty,151.88,7.59,144.29,69.71,6.15,3.56
O506973,2026-05-20,C11148,P2046,2,0.0,41.9,79.58,Sports,159.16,0.0,159.16,83.8,6.51,4.83
O506974,2026-06-19,C11114,P2040,1,0.1,46.24,112.16,Electronics,112.16,11.22,100.94,46.24,5.79,2.48
O506975,2026-02-27,C11096,P2012,1,0.0,91.5,250.58,Home,250.58,0.0,250.58,91.5,5.74,6.18
O506976,2025-04-21,C10183,P2032,1,0.05,83.59,176.17,Apparel,176.17,8.81,167.36,83.59,4.74,3.16
O506977,2025-09-10,C10134,P2042,1,0.1,21.36,43.17,Sports,43.17,4.32,38.85,21.36,5.26,1.04
O506978,2025-07-11,C10981,P2076,3,0.15,94.33,153.36,Apparel,460.08,69.01,391.07,282.99,3.52,12.22
O506979,2025-07-27,C10788,P2043,3,0.2,34.43,56.92,Electronics,170.76,34.15,136.61,103.29,2.5,3.7
O506980,2025-08-27,C10977,P2001,1,0.15,67.86,159.31,Electronics,159.31,23.9,135.41,67.86,4.9,3.4
O506981,2025-01-31,C11140,P2017,1,0.15,42.64,69.06,Apparel,69.06,10.36,58.7,42.64,2.61,1.64
O506982,2025-09-26,C10299,P2045,1,0.0,54.87,109.92,Sports,109.92,0.0,109.92,54.87,3.7,3.07
O506983,2025-01-11,C10086,P2041,1,0.1,53.15,104.66,Apparel,104.66,10.47,94.19,53.15,6.14,2.5
O506984,2026-05-27,C11000,P2055,1,0.1,14.94,29.55,Sports,29.55,2.96,26.6,14.94,8.43,0.73
O506985,2025-12-12,C10325,P2041,1,0.1,53.15,104.66,Apparel,104.66,10.47,94.19,53.15,3.93,2.32
O506986,2026-01-18,C11172,P2075,1,0.05,49.49,125.61,Electronics,125.61,6.28,119.33,49.49,7.93,2.82
O506987,2025-12-16,C10478,P2036,3,0.0,79.57,186.92,Apparel,560.76,0.0,560.76,238.71,5.77,13.77
O506988,2025-02-24,C10982,P2021,1,0.05,75.19,147.18,Electronics,147.18,7.36,139.82,75.19,5.38,4.16
O506989,2026-04-17,C10418,P2026,1,0.05,25.88,63.53,Beauty,63.53,3.18,60.35,25.88,6.21,1.88
O506990,2026-02-17,C10289,P2049,1,0.0,75.64,173.14,Apparel,173.14,0.0,173.14,75.64,5.96,4.12
O506991,2025-06-05,C10115,P2075,1,0.05,49.49,125.61,Electronics,125.61,6.28,119.33,49.49,7.2,3.61
O506992,2026-05-27,C10999,P2016,2,0.15,23.99,66.65,Electronics,133.3,20.0,113.3,47.98,4.58,3.28
O506993,2025-06-26,C10210,P2022,1,0.0,39.69,79.46,Beauty,79.46,0.0,79.46,39.69,7.86,2.21
O506994,2025-08-23,C10427,P2003,1,0.1,103.86,246.21,Sports,246.21,24.62,221.59,103.86,3.82,5.77
O506995,2026-06-22,C11083,P2048,1,0.1,26.01,65.12,Home,65.12,6.51,58.61,26.01,3.49,1.38
O506996,2026-01-30,C10311,P2002,1,0.0,36.16,61.12,Beauty,61.12,0.0,61.12,36.16,7.15,1.17
O506997,2026-04-01,C10882,P2061,2,0.15,92.46,150.56,Sports,301.12,45.17,255.95,184.92,6.06,5.63
O506998,2025-06-05,C10955,P2004,2,0.15,82.13,229.05,Sports,458.1,68.72,389.38,164.26,5.79,11.89
O506999,2025-06-28,C10077,P2033,2,0.0,102.58,280.83,Apparel,561.66,0.0,561.66,205.16,2.5,14.24
O507000,2026-06-07,C10987,P2037,1,0.25,19.43,42.14,Home,42.14,10.54,31.6,19.43,8.01,0.93
O507001,2026-04-12,C11016,P2041,1,0.2,53.15,104.66,Apparel,104.66,20.93,83.73,53.15,5.06,1.89
O507002,2025-12-22,C10320,P2010,2,0.1,105.58,212.84,Electronics,425.68,42.57,383.11,211.16,4.95,11.76
O507003,2025-07-24,C10679,P2013,2,0.0,14.91,32.18,Beauty,64.36,0.0,64.36,29.82,6.66,1.53
O507004,2025-10-21,C11104,P2037,2,0.0,19.43,42.14,Home,84.28,0.0,84.28,38.86,6.45,2.32
O507005,2025-12-29,C10700,P2048,1,0.25,26.01,65.12,Home,65.12,16.28,48.84,26.01,4.79,1.53
O507006,2026-01-02,C10806,P2010,3,0.15,105.58,212.84,Electronics,638.52,95.78,542.74,316.74,3.38,12.35
O507007,2025-03-30,C10700,P2001,2,0.15,67.86,159.31,Electronics,318.62,47.79,270.83,135.72,5.64,6.55
O507008,2025-07-18,C10168,P2014,1,0.05,105.6,279.48,Beauty,279.48,13.97,265.51,105.6,4.15,5.76
O507009,2025-03-16,C10106,P2008,1,0.0,64.11,126.24,Beauty,126.24,0.0,126.24,64.11,5.39,3.87
O507010,2025-04-15,C10085,P2035,2,0.0,33.04,85.13,Beauty,170.26,0.0,170.26,66.08,5.49,5.34
O507011,2025-08-24,C10852,P2053,3,0.0,95.73,175.96,Electronics,527.88,0.0,527.88,287.19,3.25,13.7
O507012,2025-03-27,C10507,P2048,2,0.0,26.01,65.12,Home,130.24,0.0,130.24,52.02,3.32,3.2
O507013,2025-03-04,C10150,P2039,1,0.2,88.55,225.55,Beauty,225.55,45.11,180.44,88.55,5.61,4.03
O507014,2025-05-04,C10431,P2065,1,0.05,74.22,160.54,Electronics,160.54,8.03,152.51,74.22,4.64,2.95
O507015,2026-05-11,C10696,P2008,1,0.0,64.11,126.24,Beauty,126.24,0.0,126.24,64.11,2.71,3.93
O507016,2025-04-17,C11091,P2060,2,0.15,91.93,225.41,Sports,450.82,67.62,383.2,183.86,6.99,8.3
O507017,2026-06-19,C10190,P2017,2,0.2,42.64,69.06,Apparel,138.12,27.62,110.5,85.28,7.47,3.34
O507018,2025-05-25,C10786,P2002,2,0.1,36.16,61.12,Beauty,122.24,12.22,110.02,72.32,4.7,3.36
O507019,2025-09-10,C10497,P2074,3,0.1,60.53,130.38,Sports,391.14,39.11,352.03,181.59,6.74,6.77
O507020,2025-01-26,C10149,P2000,1,0.0,20.01,46.3,Beauty,46.3,0.0,46.3,20.01,5.33,1.4
O507021,2025-03-18,C10679,P2051,2,0.15,21.09,56.25,Home,112.5,16.88,95.62,42.18,4.4,2.74
O507022,2025-02-10,C10427,P2056,1,0.05,12.18,29.13,Home,29.13,1.46,27.67,12.18,3.22,0.79
O507023,2025-03-26,C10387,P2037,3,0.2,19.43,42.14,Home,126.42,25.28,101.14,58.29,4.41,2.74
O507024,2026-03-17,C10255,P2019,1,0.1,28.46,61.03,Sports,61.03,6.1,54.93,28.46,3.58,1.18
O507025,2026-01-26,C10995,P2016,2,0.1,23.99,66.65,Electronics,133.3,13.33,119.97,47.98,4.3,2.69
O507026,2025-05-11,C10029,P2025,1,0.05,59.62,149.3,Electronics,149.3,7.47,141.84,59.62,3.09,2.68
O507027,2026-05-16,C10505,P2061,2,0.1,92.46,150.56,Sports,301.12,30.11,271.01,184.92,4.1,8.66
O507028,2025-08-14,C10057,P2008,1,0.1,64.11,126.24,Beauty,126.24,12.62,113.62,64.11,7.13,2.14
O507029,2025-01-28,C10175,P2068,3,0.05,54.46,128.05,Home,384.15,19.21,364.94,163.38,4.86,9.91
O507030,2026-04-08,C10423,P2005,1,0.0,21.42,39.38,Sports,39.38,0.0,39.38,21.42,3.94,0.91
O507031,2026-06-19,C10793,P2035,2,0.2,33.04,85.13,Beauty,170.26,34.05,136.21,66.08,5.12,4.31
O507032,2025-05-16,C10568,P2011,2,0.1,25.59,43.62,Electronics,87.24,8.72,78.52,51.18,4.25,1.91
O507033,2025-03-09,C10111,P2032,1,0.1,83.59,176.17,Apparel,176.17,17.62,158.55,83.59,7.66,3.01
O507034,2025-10-31,C10582,P2007,1,0.15,81.19,138.2,Apparel,138.2,20.73,117.47,81.19,7.53,2.43
O507035,2026-04-06,C10003,P2029,1,0.15,30.95,55.54,Apparel,55.54,8.33,47.21,30.95,4.91,1.19
O507036,2025-04-06,C10399,P2013,2,0.0,14.91,32.18,Beauty,64.36,0.0,64.36,29.82,3.0,1.46
O507037,2026-02-01,C10468,P2044,1,0.0,96.39,166.51,Electronics,166.51,0.0,166.51,96.39,4.49,4.47
O507038,2025-07-16,C10323,P2072,2,0.0,85.85,152.66,Sports,305.32,0.0,305.32,171.7,5.51,8.6
O507039,2025-02-12,C10899,P2023,1,0.1,99.43,207.17,Apparel,207.17,20.72,186.45,99.43,2.5,5.08
O507040,2026-03-13,C10405,P2017,3,0.2,42.64,69.06,Apparel,207.18,41.44,165.74,127.92,2.95,3.5
O507041,2025-11-15,C10776,P2044,2,0.05,96.39,166.51,Electronics,333.02,16.65,316.37,192.78,3.48,6.3
O507042,2025-07-04,C11105,P2013,2,0.05,14.91,32.18,Beauty,64.36,3.22,61.14,29.82,4.52,1.92
O507043,2025-02-25,C10166,P2007,1,0.0,81.19,138.2,Apparel,138.2,0.0,138.2,81.19,7.35,2.57
O507044,2025-09-16,C10192,P2009,2,0.2,89.03,195.13,Home,390.26,78.05,312.21,178.06,5.07,7.26
O507045,2026-05-21,C10707,P2048,1,0.0,26.01,65.12,Home,65.12,0.0,65.12,26.01,4.19,1.56
O507046,2025-12-31,C10736,P2074,2,0.05,60.53,130.38,Sports,260.76,13.04,247.72,121.06,4.79,7.24
O507047,2025-07-06,C10329,P2071,3,0.15,72.34,202.22,Beauty,606.66,91.0,515.66,217.02,7.08,9.31
O507048,2025-11-21,C10043,P2034,1,0.15,84.74,206.91,Electronics,206.91,31.04,175.87,84.74,5.44,4.41
O507049,2025-02-22,C10239,P2025,3,0.05,59.62,149.3,Electronics,447.9,22.4,425.51,178.86,3.82,8.56
O507050,2026-05-05,C10440,P2001,1,0.05,67.86,159.31,Electronics,159.31,7.97,151.34,67.86,4.22,4.31
O507051,2025-02-18,C11025,P2051,1,0.0,21.09,56.25,Home,56.25,0.0,56.25,21.09,4.99,1.44
O507052,2025-01-09,C10437,P2058,2,0.1,56.31,124.87,Electronics,249.74,24.97,224.77,112.62,2.5,4.09
O507053,2025-06-20,C10733,P2008,1,0.0,64.11,126.24,Beauty,126.24,0.0,126.24,64.11,3.45,3.71
O507054,2025-04-12,C10394,P2036,1,0.1,79.57,186.92,Apparel,186.92,18.69,168.23,79.57,7.14,4.37
O507055,2026-05-10,C10323,P2069,2,0.15,90.63,175.87,Apparel,351.74,52.76,298.98,181.26,5.22,8.64
O507056,2025-06-08,C10111,P2043,2,0.0,34.43,56.92,Electronics,113.84,0.0,113.84,68.86,3.36,2.42
O507057,2025-03-23,C10076,P2007,2,0.05,81.19,138.2,Apparel,276.4,13.82,262.58,162.38,5.53,5.33
O507058,2026-03-02,C11156,P2021,1,0.1,75.19,147.18,Electronics,147.18,14.72,132.46,75.19,5.05,3.98
O507059,2025-09-06,C11085,P2029,1,0.15,30.95,55.54,Apparel,55.54,8.33,47.21,30.95,4.14,0.97
O507060,2026-03-13,C10017,P2072,1,0.1,85.85,152.66,Sports,152.66,15.27,137.39,85.85,4.11,4.16
O507061,2025-08-01,C10965,P2055,1,0.0,14.94,29.55,Sports,29.55,0.0,29.55,14.94,6.74,0.86
O507062,2025-10-19,C10799,P2027,1,0.1,39.51,103.84,Electronics,103.84,10.38,93.46,39.51,7.8,2.18
O507063,2025-05-22,C10061,P2021,3,0.0,75.19,147.18,Electronics,441.54,0.0,441.54,225.57,4.92,8.94
O507064,2025-11-16,C10187,P2007,2,0.15,81.19,138.2,Apparel,276.4,41.46,234.94,162.38,5.44,6.44
O507065,2026-02-12,C10123,P2001,3,0.15,67.86,159.31,Electronics,477.93,71.69,406.24,203.58,6.41,10.08
O507066,2026-05-14,C10002,P2027,1,0.1,39.51,103.84,Electronics,103.84,10.38,93.46,39.51,4.64,2.69
O507067,2026-06-24,C11123,P2002,1,0.1,36.16,61.12,Beauty,61.12,6.11,55.01,36.16,3.26,1.21
O507068,2025-03-04,C10269,P2055,1,0.1,14.94,29.55,Sports,29.55,2.96,26.6,14.94,5.9,0.63
O507069,2026-03-07,C10620,P2024,2,0.05,38.64,85.56,Electronics,171.12,8.56,162.56,77.28,4.42,4.03
O507070,2025-03-19,C10355,P2077,1,0.15,99.36,190.12,Apparel,190.12,28.52,161.6,99.36,7.89,4.27
O507071,2025-10-07,C10951,P2009,1,0.0,89.03,195.13,Home,195.13,0.0,195.13,89.03,7.93,4.31
O507072,2025-04-13,C10791,P2040,2,0.2,46.24,112.16,Electronics,224.32,44.86,179.46,92.48,4.35,4.2
O507073,2025-09-19,C10187,P2021,3,0.15,75.19,147.18,Electronics,441.54,66.23,375.31,225.57,4.65,10.4
O507074,2025-06-08,C10815,P2029,3,0.1,30.95,55.54,Apparel,166.62,16.66,149.96,92.85,4.56,3.57
O507075,2026-06-04,C11000,P2002,1,0.2,36.16,61.12,Beauty,61.12,12.22,48.9,36.16,4.2,0.92
O507076,2026-04-15,C10945,P2031,1,0.1,54.53,117.07,Sports,117.07,11.71,105.36,54.53,8.06,3.27
O507077,2026-05-04,C10414,P2035,2,0.0,33.04,85.13,Beauty,170.26,0.0,170.26,66.08,4.62,4.75
O507078,2026-01-17,C10951,P2074,1,0.0,60.53,130.38,Sports,130.38,0.0,130.38,60.53,7.54,3.1
O507079,2025-03-25,C10930,P2040,3,0.15,46.24,112.16,Electronics,336.48,50.47,286.01,138.72,4.47,9.05
O507080,2026-06-24,C10888,P2035,3,0.0,33.04,85.13,Beauty,255.39,0.0,255.39,99.12,2.5,4.73
O507081,2025-01-26,C10098,P2078,3,0.0,80.99,151.9,Beauty,455.7,0.0,455.7,242.97,2.5,9.97
O507082,2025-11-16,C10383,P2069,2,0.05,90.63,175.87,Apparel,351.74,17.59,334.15,181.26,5.87,9.56
O507083,2026-04-22,C10984,P2049,1,0.05,75.64,173.14,Apparel,173.14,8.66,164.48,75.64,2.88,4.82
O507084,2026-05-29,C10982,P2072,1,0.2,85.85,152.66,Sports,152.66,30.53,122.13,85.85,5.51,3.9
O507085,2025-09-14,C10324,P2062,1,0.0,69.71,151.88,Beauty,151.88,0.0,151.88,69.71,4.98,3.11
O507086,2026-04-23,C10694,P2032,1,0.0,83.59,176.17,Apparel,176.17,0.0,176.17,83.59,4.22,5.28
O507087,2026-03-26,C11066,P2030,1,0.0,81.44,160.67,Electronics,160.67,0.0,160.67,81.44,5.64,4.81
O507088,2025-04-19,C10384,P2075,1,0.0,49.49,125.61,Electronics,125.61,0.0,125.61,49.49,4.85,2.69
O507089,2025-04-19,C10588,P2053,1,0.05,95.73,175.96,Electronics,175.96,8.8,167.16,95.73,3.28,3.84
O507090,2026-02-01,C10749,P2039,2,0.1,88.55,225.55,Beauty,451.1,45.11,405.99,177.1,2.5,11.49
O507091,2025-08-14,C10816,P2048,2,0.1,26.01,65.12,Home,130.24,13.02,117.22,52.02,6.96,2.57
O507092,2026-03-17,C10931,P2024,2,0.1,38.64,85.56,Electronics,171.12,17.11,154.01,77.28,2.5,4.42
O507093,2025-02-08,C10696,P2076,1,0.0,94.33,153.36,Apparel,153.36,0.0,153.36,94.33,7.5,3.09
O507094,2025-06-05,C10558,P2026,2,0.05,25.88,63.53,Beauty,127.06,6.35,120.71,51.76,5.81,3.43
O507095,2025-09-16,C10961,P2034,3,0.0,84.74,206.91,Electronics,620.73,0.0,620.73,254.22,5.85,19.36
O507096,2026-05-23,C11014,P2072,1,0.2,85.85,152.66,Sports,152.66,30.53,122.13,85.85,6.84,2.84
O507097,2025-05-17,C11085,P2042,2,0.2,21.36,43.17,Sports,86.34,17.27,69.07,42.72,4.12,2.0
O507098,2025-07-25,C11157,P2042,2,0.1,21.36,43.17,Sports,86.34,8.63,77.71,42.72,7.38,1.86
O507099,2026-01-16,C10981,P2040,1,0.05,46.24,112.16,Electronics,112.16,5.61,106.55,46.24,7.87,2.02
O507100,2026-02-15,C10979,P2023,2,0.05,99.43,207.17,Apparel,414.34,20.72,393.62,198.86,4.51,7.2
O507101,2025-08-12,C11008,P2078,2,0.25,80.99,151.9,Beauty,303.8,75.95,227.85,161.98,6.36,5.71
O507102,2025-05-04,C10007,P2034,2,0.1,84.74,206.91,Electronics,413.82,41.38,372.44,169.48,5.72,9.17
O507103,2025-04-05,C11080,P2013,2,0.05,14.91,32.18,Beauty,64.36,3.22,61.14,29.82,4.99,1.58
O507104,2025-01-11,C10630,P2014,1,0.1,105.6,279.48,Beauty,279.48,27.95,251.53,105.6,4.53,4.98
O507105,2025-01-02,C10567,P2072,3,0.1,85.85,152.66,Sports,457.98,45.8,412.18,257.55,5.0,8.26
O507106,2026-01-21,C10312,P2012,2,0.1,91.5,250.58,Home,501.16,50.12,451.04,183.0,6.49,8.92
O507107,2025-03-06,C10922,P2062,1,0.25,69.71,151.88,Beauty,151.88,37.97,113.91,69.71,7.3,2.95
O507108,2025-07-05,C10807,P2072,2,0.1,85.85,152.66,Sports,305.32,30.53,274.79,171.7,2.57,6.61
O507109,2025-06-24,C10016,P2064,1,0.1,92.82,194.3,Sports,194.3,19.43,174.87,92.82,4.97,3.95
O507110,2025-03-01,C10776,P2066,2,0.1,21.23,45.94,Beauty,91.88,9.19,82.69,42.46,3.89,1.52
O507111,2026-03-19,C10770,P2037,1,0.0,19.43,42.14,Home,42.14,0.0,42.14,19.43,5.37,0.87
O507112,2026-01-08,C10297,P2057,1,0.0,24.55,53.8,Beauty,53.8,0.0,53.8,24.55,3.72,1.21
O507113,2025-11-11,C11107,P2052,1,0.2,85.13,212.17,Beauty,212.17,42.43,169.74,85.13,3.02,4.97
O507114,2026-04-16,C10477,P2039,3,0.2,88.55,225.55,Beauty,676.65,135.33,541.32,265.65,2.86,17.28
O507115,2025-06-19,C11192,P2026,1,0.25,25.88,63.53,Beauty,63.53,15.88,47.65,25.88,3.16,0.93
O507116,2025-04-22,C10506,P2007,2,0.15,81.19,138.2,Apparel,276.4,41.46,234.94,162.38,4.68,6.01
O507117,2026-03-20,C10130,P2009,2,0.1,89.03,195.13,Home,390.26,39.03,351.23,178.06,5.49,8.65
O507118,2025-10-21,C11040,P2025,1,0.15,59.62,149.3,Electronics,149.3,22.4,126.91,59.62,2.5,2.45
O507119,2025-11-19,C10211,P2004,2,0.0,82.13,229.05,Sports,458.1,0.0,458.1,164.26,5.63,8.26
O507120,2026-02-05,C10076,P2016,1,0.15,23.99,66.65,Electronics,66.65,10.0,56.65,23.99,4.97,1.46
O507121,2025-01-24,C10975,P2067,2,0.05,89.48,177.38,Sports,354.76,17.74,337.02,178.96,3.8,9.63
O507122,2026-02-11,C10681,P2052,1,0.1,85.13,212.17,Beauty,212.17,21.22,190.95,85.13,5.33,5.11
O507123,2026-04-12,C11126,P2039,3,0.1,88.55,225.55,Beauty,676.65,67.67,608.99,265.65,5.95,18.6
O507124,2026-06-20,C10681,P2057,2,0.15,24.55,53.8,Beauty,107.6,16.14,91.46,49.1,2.5,1.87
O507125,2025-07-12,C10646,P2004,1,0.0,82.13,229.05,Sports,229.05,0.0,229.05,82.13,4.55,5.26
O507126,2025-10-10,C10640,P2039,2,0.0,88.55,225.55,Beauty,451.1,0.0,451.1,177.1,5.0,9.42
O507127,2025-04-24,C10613,P2073,2,0.05,103.53,278.8,Apparel,557.6,27.88,529.72,207.06,4.62,14.23
O507128,2025-03-08,C10122,P2009,1,0.05,89.03,195.13,Home,195.13,9.76,185.37,89.03,7.48,5.62
O507129,2026-06-28,C10750,P2047,3,0.1,23.95,36.37,Sports,109.11,10.91,98.2,71.85,7.06,2.61
O507130,2025-12-31,C11077,P2064,2,0.0,92.82,194.3,Sports,388.6,0.0,388.6,185.64,3.73,8.22
O507131,2025-07-18,C11110,P2006,1,0.05,90.83,200.16,Electronics,200.16,10.01,190.15,90.83,7.29,4.52
O507132,2025-06-08,C10066,P2015,1,0.1,32.67,56.68,Home,56.68,5.67,51.01,32.67,5.22,1.1
O507133,2026-05-01,C10018,P2005,2,0.1,21.42,39.38,Sports,78.76,7.88,70.88,42.84,7.91,1.42
O507134,2025-10-02,C10983,P2015,1,0.1,32.67,56.68,Home,56.68,5.67,51.01,32.67,3.5,1.33
O507135,2026-02-02,C10554,P2025,2,0.1,59.62,149.3,Electronics,298.6,29.86,268.74,119.24,4.16,8.17
O507136,2025-02-01,C10317,P2022,1,0.0,39.69,79.46,Beauty,79.46,0.0,79.46,39.69,5.68,2.11
O507137,2025-07-16,C10112,P2069,1,0.1,90.63,175.87,Apparel,175.87,17.59,158.28,90.63,2.84,3.17
O507138,2025-07-20,C11031,P2017,1,0.05,42.64,69.06,Apparel,69.06,3.45,65.61,42.64,2.5,1.76
O507139,2025-06-25,C10228,P2053,3,0.0,95.73,175.96,Electronics,527.88,0.0,527.88,287.19,6.63,12.73
O507140,2025-10-31,C11148,P2047,1,0.15,23.95,36.37,Sports,36.37,5.46,30.91,23.95,5.0,0.69
O507141,2026-04-15,C10704,P2057,1,0.05,24.55,53.8,Beauty,53.8,2.69,51.11,24.55,4.24,1.34
O507142,2026-05-10,C10849,P2006,1,0.1,90.83,200.16,Electronics,200.16,20.02,180.14,90.83,3.92,5.22
O507143,2025-07-06,C10481,P2030,2,0.15,81.44,160.67,Electronics,321.34,48.2,273.14,162.88,8.73,7.56
O507144,2025-05-15,C11170,P2047,2,0.0,23.95,36.37,Sports,72.74,0.0,72.74,47.9,4.79,2.02
O507145,2025-07-11,C11110,P2048,2,0.0,26.01,65.12,Home,130.24,0.0,130.24,52.02,4.61,3.61
O507146,2025-10-24,C10515,P2076,1,0.05,94.33,153.36,Apparel,153.36,7.67,145.69,94.33,7.11,4.45
O507147,2025-11-28,C10908,P2018,3,0.05,23.1,60.58,Apparel,181.74,9.09,172.65,69.3,3.92,5.03
O507148,2026-02-01,C11139,P2016,2,0.15,23.99,66.65,Electronics,133.3,20.0,113.3,47.98,5.12,2.7
O507149,2026-03-31,C11022,P2014,3,0.15,105.6,279.48,Beauty,838.44,125.77,712.67,316.8,6.0,14.83
O507150,2025-07-17,C10179,P2018,1,0.25,23.1,60.58,Apparel,60.58,15.14,45.44,23.1,3.09,0.83
O507151,2025-08-22,C10423,P2000,2,0.2,20.01,46.3,Beauty,92.6,18.52,74.08,40.02,5.22,2.33
O507152,2025-09-14,C10123,P2037,2,0.1,19.43,42.14,Home,84.28,8.43,75.85,38.86,4.32,1.98
O507153,2025-05-25,C10876,P2041,2,0.15,53.15,104.66,Apparel,209.32,31.4,177.92,106.3,6.72,4.72
O507154,2025-08-19,C10054,P2051,1,0.15,21.09,56.25,Home,56.25,8.44,47.81,21.09,6.29,1.51
O507155,2026-01-03,C11193,P2019,2,0.1,28.46,61.03,Sports,122.06,12.21,109.85,56.92,5.22,2.04
O507156,2025-12-29,C10810,P2010,1,0.0,105.58,212.84,Electronics,212.84,0.0,212.84,105.58,7.09,4.44
O507157,2025-02-05,C10696,P2035,1,0.15,33.04,85.13,Beauty,85.13,12.77,72.36,33.04,4.6,1.53
O507158,2025-08-23,C10575,P2043,2,0.05,34.43,56.92,Electronics,113.84,5.69,108.15,68.86,5.96,2.33
O507159,2025-01-29,C10297,P2011,1,0.2,25.59,43.62,Electronics,43.62,8.72,34.9,25.59,7.47,0.68
O507160,2026-05-18,C10430,P2015,1,0.0,32.67,56.68,Home,56.68,0.0,56.68,32.67,4.41,1.15
O507161,2026-05-17,C10007,P2047,3,0.1,23.95,36.37,Sports,109.11,10.91,98.2,71.85,3.08,2.59
O507162,2025-03-05,C10286,P2031,2,0.05,54.53,117.07,Sports,234.14,11.71,222.43,109.06,5.59,4.33
O507163,2025-12-05,C10637,P2001,1,0.25,67.86,159.31,Electronics,159.31,39.83,119.48,67.86,4.26,3.61
O507164,2025-02-28,C10970,P2058,1,0.05,56.31,124.87,Electronics,124.87,6.24,118.63,56.31,4.56,3.11
O507165,2026-06-03,C10571,P2049,1,0.05,75.64,173.14,Apparel,173.14,8.66,164.48,75.64,3.49,3.46
O507166,2025-10-13,C10951,P2000,2,0.1,20.01,46.3,Beauty,92.6,9.26,83.34,40.02,5.02,2.52
O507167,2026-04-17,C10483,P2024,3,0.1,38.64,85.56,Electronics,256.68,25.67,231.01,115.92,2.92,6.82
O507168,2025-01-03,C11050,P2037,3,0.2,19.43,42.14,Home,126.42,25.28,101.14,58.29,6.14,2.2
O507169,2025-07-11,C10357,P2073,3,0.2,103.53,278.8,Apparel,836.4,167.28,669.12,310.59,3.79,13.48
O507170,2025-10-09,C10949,P2055,2,0.0,14.94,29.55,Sports,59.1,0.0,59.1,29.88,5.68,1.88
O507171,2025-08-03,C10903,P2026,2,0.2,25.88,63.53,Beauty,127.06,25.41,101.65,51.76,7.17,2.14
O507172,2025-03-06,C10636,P2037,3,0.0,19.43,42.14,Home,126.42,0.0,126.42,58.29,3.55,3.17
O507173,2025-09-02,C10189,P2020,3,0.05,96.28,147.84,Home,443.52,22.18,421.34,288.84,6.03,12.48
O507174,2026-03-08,C10068,P2033,2,0.05,102.58,280.83,Apparel,561.66,28.08,533.58,205.16,4.14,11.38
O507175,2025-09-04,C10060,P2014,2,0.05,105.6,279.48,Beauty,558.96,27.95,531.01,211.2,3.38,15.4
O507176,2025-10-18,C10177,P2062,2,0.0,69.71,151.88,Beauty,303.76,0.0,303.76,139.42,3.99,7.36
O507177,2025-01-11,C11029,P2014,1,0.15,105.6,279.48,Beauty,279.48,41.92,237.56,105.6,4.21,4.68
O507178,2025-04-10,C10596,P2006,1,0.0,90.83,200.16,Electronics,200.16,0.0,200.16,90.83,3.47,5.03
O507179,2025-10-26,C10931,P2021,1,0.25,75.19,147.18,Electronics,147.18,36.8,110.38,75.19,6.06,3.27
O507180,2025-09-21,C10494,P2054,2,0.1,19.42,50.24,Beauty,100.48,10.05,90.43,38.84,3.14,2.65
O507181,2025-09-08,C10958,P2043,2,0.25,34.43,56.92,Electronics,113.84,28.46,85.38,68.86,5.53,2.6
O507182,2026-05-21,C11069,P2063,2,0.1,107.79,241.07,Sports,482.14,48.21,433.93,215.58,4.49,11.4
O507183,2025-03-13,C10248,P2066,2,0.1,21.23,45.94,Beauty,91.88,9.19,82.69,42.46,6.27,2.47
O507184,2025-08-17,C10425,P2060,1,0.0,91.93,225.41,Sports,225.41,0.0,225.41,91.93,5.02,6.43
O507185,2025-06-09,C10287,P2003,2,0.2,103.86,246.21,Sports,492.42,98.48,393.94,207.72,4.98,10.83
O507186,2025-02-19,C11068,P2053,2,0.0,95.73,175.96,Electronics,351.92,0.0,351.92,191.46,2.69,9.04
O507187,2025-03-02,C10822,P2025,2,0.1,59.62,149.3,Electronics,298.6,29.86,268.74,119.24,4.43,6.05
O507188,2026-04-19,C10422,P2022,2,0.0,39.69,79.46,Beauty,158.92,0.0,158.92,79.38,5.96,4.16
O507189,2026-04-06,C10350,P2051,3,0.0,21.09,56.25,Home,168.75,0.0,168.75,63.27,5.93,3.96
O507190,2025-07-08,C10647,P2027,1,0.0,39.51,103.84,Electronics,103.84,0.0,103.84,39.51,4.8,2.37
O507191,2025-03-20,C10678,P2028,2,0.0,49.21,76.08,Beauty,152.16,0.0,152.16,98.42,4.57,3.68
O507192,2025-03-23,C10030,P2076,2,0.1,94.33,153.36,Apparel,306.72,30.67,276.05,188.66,4.61,5.52
O507193,2025-04-15,C10372,P2037,3,0.05,19.43,42.14,Home,126.42,6.32,120.1,58.29,4.99,2.18
O507194,2025-02-04,C11110,P2074,3,0.1,60.53,130.38,Sports,391.14,39.11,352.03,181.59,5.78,10.33
O507195,2025-01-15,C10525,P2069,2,0.0,90.63,175.87,Apparel,351.74,0.0,351.74,181.26,7.83,9.95
O507196,2026-01-31,C10964,P2016,1,0.0,23.99,66.65,Electronics,66.65,0.0,66.65,23.99,6.09,1.56
O507197,2026-05-04,C11129,P2062,2,0.1,69.71,151.88,Beauty,303.76,30.38,273.38,139.42,4.4,5.33
O507198,2026-04-30,C11097,P2038,1,0.05,61.98,100.85,Sports,100.85,5.04,95.81,61.98,3.1,2.66
O507199,2025-11-06,C10677,P2056,1,0.0,12.18,29.13,Home,29.13,0.0,29.13,12.18,4.88,0.65
O507200,2025-04-20,C10163,P2044,2,0.0,96.39,166.51,Electronics,333.02,0.0,333.02,192.78,5.68,7.25
O507201,2026-02-24,C10445,P2069,2,0.1,90.63,175.87,Apparel,351.74,35.17,316.57,181.26,7.11,8.78
O507202,2025-02-08,C10970,P2049,1,0.1,75.64,173.14,Apparel,173.14,17.31,155.83,75.64,5.16,3.29
O507203,2025-04-21,C10543,P2064,1,0.0,92.82,194.3,Sports,194.3,0.0,194.3,92.82,6.13,5.95
O507204,2025-01-06,C10252,P2064,1,0.0,92.82,194.3,Sports,194.3,0.0,194.3,92.82,3.63,3.58
O507205,2025-01-28,C11068,P2065,2,0.1,74.22,160.54,Electronics,321.08,32.11,288.97,148.44,4.14,7.82
O507206,2025-05-07,C10411,P2043,1,0.15,34.43,56.92,Electronics,56.92,8.54,48.38,34.43,3.21,0.9
O507207,2025-07-29,C10622,P2025,2,0.05,59.62,149.3,Electronics,298.6,14.93,283.67,119.24,6.61,7.8
O507208,2026-04-25,C11148,P2001,1,0.1,67.86,159.31,Electronics,159.31,15.93,143.38,67.86,3.01,4.11
O507209,2025-12-14,C10136,P2034,1,0.0,84.74,206.91,Electronics,206.91,0.0,206.91,84.74,4.46,6.47
O507210,2025-09-29,C10371,P2063,1,0.1,107.79,241.07,Sports,241.07,24.11,216.96,107.79,5.0,6.04
O507211,2025-06-04,C10949,P2071,1,0.2,72.34,202.22,Beauty,202.22,40.44,161.78,72.34,4.03,4.26
O507212,2025-12-27,C10921,P2012,3,0.05,91.5,250.58,Home,751.74,37.59,714.15,274.5,2.5,15.29
O507213,2025-01-04,C11003,P2005,1,0.2,21.42,39.38,Sports,39.38,7.88,31.5,21.42,3.52,0.86
O507214,2026-03-12,C10128,P2024,2,0.15,38.64,85.56,Electronics,171.12,25.67,145.45,77.28,6.33,3.97
O507215,2025-08-04,C10700,P2014,3,0.1,105.6,279.48,Beauty,838.44,83.84,754.6,316.8,5.49,20.14
O507216,2025-11-10,C11141,P2067,2,0.1,89.48,177.38,Sports,354.76,35.48,319.28,178.96,7.38,9.09
O507217,2026-03-18,C10655,P2004,1,0.0,82.13,229.05,Sports,229.05,0.0,229.05,82.13,4.32,4.68
O507218,2026-02-24,C10902,P2009,1,0.0,89.03,195.13,Home,195.13,0.0,195.13,89.03,3.9,5.76
O507219,2025-12-30,C11019,P2073,2,0.2,103.53,278.8,Apparel,557.6,111.52,446.08,207.06,6.4,8.89
O507220,2026-05-02,C10447,P2015,1,0.15,32.67,56.68,Home,56.68,8.5,48.18,32.67,4.21,0.99
O507221,2026-03-06,C10861,P2002,1,0.05,36.16,61.12,Beauty,61.12,3.06,58.06,36.16,6.62,1.59
O507222,2025-05-27,C10275,P2051,1,0.1,21.09,56.25,Home,56.25,5.62,50.62,21.09,5.58,1.27
O507223,2025-05-18,C10216,P2025,2,0.0,59.62,149.3,Electronics,298.6,0.0,298.6,119.24,3.41,8.62
O507224,2025-11-14,C10889,P2017,3,0.0,42.64,69.06,Apparel,207.18,0.0,207.18,127.92,6.1,4.78
O507225,2026-06-24,C10501,P2022,1,0.05,39.69,79.46,Beauty,79.46,3.97,75.49,39.69,5.22,1.99
O507226,2026-01-06,C10136,P2057,1,0.05,24.55,53.8,Beauty,53.8,2.69,51.11,24.55,5.15,1.1
O507227,2026-04-17,C10367,P2003,1,0.0,103.86,246.21,Sports,246.21,0.0,246.21,103.86,4.11,7.87
O507228,2025-03-02,C10833,P2024,1,0.05,38.64,85.56,Electronics,85.56,4.28,81.28,38.64,4.33,2.32
O507229,2026-06-11,C11150,P2027,2,0.15,39.51,103.84,Electronics,207.68,31.15,176.53,79.02,3.19,4.75
O507230,2025-05-12,C10490,P2062,2,0.25,69.71,151.88,Beauty,303.76,75.94,227.82,139.42,4.66,4.36
O507231,2026-06-04,C11023,P2034,1,0.1,84.74,206.91,Electronics,206.91,20.69,186.22,84.74,4.62,4.67
O507232,2025-11-26,C10423,P2009,2,0.2,89.03,195.13,Home,390.26,78.05,312.21,178.06,2.5,9.01
O507233,2025-06-22,C10225,P2027,2,0.1,39.51,103.84,Electronics,207.68,20.77,186.91,79.02,5.23,5.97
O507234,2025-12-14,C10858,P2029,1,0.15,30.95,55.54,Apparel,55.54,8.33,47.21,30.95,7.73,1.29
O507235,2025-08-22,C10134,P2011,3,0.25,25.59,43.62,Electronics,130.86,32.71,98.14,76.77,3.48,2.41
O507236,2025-08-13,C10760,P2059,2,0.1,74.58,192.13,Electronics,384.26,38.43,345.83,149.16,8.19,8.51
O507237,2025-09-27,C11077,P2014,1,0.05,105.6,279.48,Beauty,279.48,13.97,265.51,105.6,5.31,6.05
O507238,2025-05-14,C10105,P2062,3,0.15,69.71,151.88,Beauty,455.64,68.35,387.29,209.13,6.5,12.03
O507239,2025-10-27,C10105,P2014,1,0.0,105.6,279.48,Beauty,279.48,0.0,279.48,105.6,4.38,5.72
O507240,2025-10-05,C10103,P2070,1,0.1,80.41,185.88,Sports,185.88,18.59,167.29,80.41,7.1,4.7
O507241,2025-07-15,C10199,P2061,2,0.2,92.46,150.56,Sports,301.12,60.22,240.9,184.92,6.21,4.91
O507242,2025-07-23,C11128,P2036,1,0.0,79.57,186.92,Apparel,186.92,0.0,186.92,79.57,5.56,3.49
O507243,2026-01-01,C10743,P2009,1,0.2,89.03,195.13,Home,195.13,39.03,156.1,89.03,3.53,3.95
O507244,2025-08-05,C10975,P2068,1,0.1,54.46,128.05,Home,128.05,12.81,115.24,54.46,6.7,2.4
O507245,2025-05-31,C10052,P2079,2,0.15,76.11,150.73,Apparel,301.46,45.22,256.24,152.22,6.06,4.81
O507246,2026-03-10,C10646,P2012,3,0.15,91.5,250.58,Home,751.74,112.76,638.98,274.5,7.03,16.07
O507247,2025-07-29,C10405,P2034,2,0.0,84.74,206.91,Electronics,413.82,0.0,413.82,169.48,5.82,11.57
O507248,2025-12-14,C10376,P2017,2,0.0,42.64,69.06,Apparel,138.12,0.0,138.12,85.28,5.98,2.89
O507249,2025-04-22,C10864,P2029,2,0.0,30.95,55.54,Apparel,111.08,0.0,111.08,61.9,4.79,2.42
O507250,2026-05-20,C10709,P2033,1,0.0,102.58,280.83,Apparel,280.83,0.0,280.83,102.58,4.56,7.88
O507251,2025-11-07,C11105,P2037,3,0.05,19.43,42.14,Home,126.42,6.32,120.1,58.29,3.55,3.73
O507252,2025-09-15,C10295,P2079,1,0.2,76.11,150.73,Apparel,150.73,30.15,120.58,76.11,4.66,3.51
O507253,2026-05-01,C10744,P2062,2,0.0,69.71,151.88,Beauty,303.76,0.0,303.76,139.42,2.71,6.52
O507254,2025-09-27,C10896,P2012,3,0.0,91.5,250.58,Home,751.74,0.0,751.74,274.5,5.63,19.83
O507255,2025-08-10,C10393,P2056,1,0.0,12.18,29.13,Home,29.13,0.0,29.13,12.18,4.16,0.81
O507256,2025-06-15,C11079,P2059,2,0.0,74.58,192.13,Electronics,384.26,0.0,384.26,149.16,7.03,11.41
O507257,2026-05-19,C10030,P2018,2,0.15,23.1,60.58,Apparel,121.16,18.17,102.99,46.2,5.79,2.29
O507258,2025-08-21,C10045,P2053,1,0.2,95.73,175.96,Electronics,175.96,35.19,140.77,95.73,5.53,3.58
O507259,2026-06-10,C10412,P2070,1,0.0,80.41,185.88,Sports,185.88,0.0,185.88,80.41,6.93,5.33
O507260,2026-01-31,C10544,P2016,2,0.0,23.99,66.65,Electronics,133.3,0.0,133.3,47.98,5.18,4.01
O507261,2025-05-06,C10136,P2003,2,0.15,103.86,246.21,Sports,492.42,73.86,418.56,207.72,4.7,8.82
O507262,2025-09-03,C10710,P2048,2,0.05,26.01,65.12,Home,130.24,6.51,123.73,52.02,4.07,2.75
O507263,2025-03-17,C10594,P2073,1,0.05,103.53,278.8,Apparel,278.8,13.94,264.86,103.53,5.12,5.22
O507264,2026-01-18,C10896,P2003,1,0.1,103.86,246.21,Sports,246.21,24.62,221.59,103.86,6.61,6.11
O507265,2025-02-01,C10966,P2055,1,0.0,14.94,29.55,Sports,29.55,0.0,29.55,14.94,5.83,0.78
O507266,2026-01-08,C10857,P2073,1,0.15,103.53,278.8,Apparel,278.8,41.82,236.98,103.53,5.61,5.82
O507267,2025-07-22,C10532,P2051,2,0.05,21.09,56.25,Home,112.5,5.62,106.88,42.18,5.66,2.4
O507268,2025-09-05,C10071,P2038,1,0.0,61.98,100.85,Sports,100.85,0.0,100.85,61.98,6.46,1.87
O507269,2025-09-06,C10653,P2014,2,0.05,105.6,279.48,Beauty,558.96,27.95,531.01,211.2,5.21,10.29
O507270,2025-08-26,C11184,P2031,1,0.15,54.53,117.07,Sports,117.07,17.56,99.51,54.53,2.5,1.86
O507271,2025-06-28,C10566,P2029,1,0.05,30.95,55.54,Apparel,55.54,2.78,52.76,30.95,2.5,1.39
O507272,2025-05-04,C10752,P2028,1,0.1,49.21,76.08,Beauty,76.08,7.61,68.47,49.21,7.73,1.74
O507273,2026-03-19,C10400,P2024,1,0.05,38.64,85.56,Electronics,85.56,4.28,81.28,38.64,3.44,1.59
O507274,2026-05-09,C10813,P2004,1,0.1,82.13,229.05,Sports,229.05,22.9,206.14,82.13,4.27,5.42
O507275,2025-12-10,C10580,P2024,3,0.25,38.64,85.56,Electronics,256.68,64.17,192.51,115.92,6.34,5.16
O507276,2025-03-08,C10907,P2018,3,0.15,23.1,60.58,Apparel,181.74,27.26,154.48,69.3,4.1,4.55
O507277,2026-02-14,C10534,P2042,3,0.0,21.36,43.17,Sports,129.51,0.0,129.51,64.08,6.96,2.4
O507278,2026-02-19,C10648,P2074,1,0.15,60.53,130.38,Sports,130.38,19.56,110.82,60.53,5.66,3.31
O507279,2025-07-16,C10693,P2038,1,0.1,61.98,100.85,Sports,100.85,10.09,90.76,61.98,3.12,2.01
O507280,2026-04-17,C10491,P2013,1,0.0,14.91,32.18,Beauty,32.18,0.0,32.18,14.91,4.22,0.86
O507281,2025-07-28,C11101,P2000,1,0.25,20.01,46.3,Beauty,46.3,11.58,34.72,20.01,3.36,0.87
O507282,2025-11-21,C10660,P2042,1,0.1,21.36,43.17,Sports,43.17,4.32,38.85,21.36,5.45,0.82
O507283,2025-03-15,C10761,P2044,1,0.15,96.39,166.51,Electronics,166.51,24.98,141.53,96.39,6.34,3.99
O507284,2025-06-30,C10734,P2017,2,0.1,42.64,69.06,Apparel,138.12,13.81,124.31,85.28,3.57,2.41
O507285,2026-03-31,C10890,P2047,1,0.25,23.95,36.37,Sports,36.37,9.09,27.28,23.95,5.01,0.59
O507286,2025-05-19,C10700,P2021,1,0.05,75.19,147.18,Electronics,147.18,7.36,139.82,75.19,7.67,3.34
O507287,2025-08-16,C10144,P2058,1,0.0,56.31,124.87,Electronics,124.87,0.0,124.87,56.31,5.57,3.45
O507288,2025-03-14,C10810,P2048,1,0.25,26.01,65.12,Home,65.12,16.28,48.84,26.01,4.72,1.3
O507289,2025-09-25,C10588,P2028,2,0.1,49.21,76.08,Beauty,152.16,15.22,136.94,98.42,4.28,3.2
O507290,2025-09-29,C10961,P2013,3,0.0,14.91,32.18,Beauty,96.54,0.0,96.54,44.73,2.67,2.77
O507291,2026-06-20,C11176,P2028,3,0.15,49.21,76.08,Beauty,228.24,34.24,194.0,147.63,5.99,5.08
O507292,2025-09-05,C10653,P2000,2,0.0,20.01,46.3,Beauty,92.6,0.0,92.6,40.02,4.17,2.16
O507293,2025-11-09,C10455,P2031,1,0.0,54.53,117.07,Sports,117.07,0.0,117.07,54.53,2.5,3.11
O507294,2026-04-06,C11154,P2040,3,0.2,46.24,112.16,Electronics,336.48,67.3,269.18,138.72,4.93,6.58
O507295,2026-06-10,C10862,P2050,1,0.1,47.62,83.27,Beauty,83.27,8.33,74.94,47.62,4.65,1.78
O507296,2026-05-27,C10741,P2007,1,0.15,81.19,138.2,Apparel,138.2,20.73,117.47,81.19,4.98,2.59
O507297,2025-12-30,C10998,P2003,1,0.15,103.86,246.21,Sports,246.21,36.93,209.28,103.86,3.17,6.54
O507298,2025-07-18,C10174,P2033,1,0.15,102.58,280.83,Apparel,280.83,42.12,238.71,102.58,3.86,5.45
O507299,2025-06-11,C10845,P2072,1,0.0,85.85,152.66,Sports,152.66,0.0,152.66,85.85,3.97,2.96
O507300,2026-06-11,C10275,P2069,1,0.1,90.63,175.87,Apparel,175.87,17.59,158.28,90.63,4.33,4.55
O507301,2026-02-22,C10156,P2038,1,0.05,61.98,100.85,Sports,100.85,5.04,95.81,61.98,4.74,2.87
O507302,2026-06-27,C10886,P2001,1,0.1,67.86,159.31,Electronics,159.31,15.93,143.38,67.86,7.24,2.6
O507303,2025-08-11,C11100,P2022,1,0.05,39.69,79.46,Beauty,79.46,3.97,75.49,39.69,7.19,1.77
O507304,2026-02-26,C10997,P2068,1,0.0,54.46,128.05,Home,128.05,0.0,128.05,54.46,5.21,2.6
O507305,2026-01-09,C10132,P2067,1,0.15,89.48,177.38,Sports,177.38,26.61,150.77,89.48,2.5,3.12
O507306,2025-06-24,C11095,P2057,3,0.0,24.55,53.8,Beauty,161.4,0.0,161.4,73.65,5.01,2.98
O507307,2025-08-27,C10238,P2068,2,0.1,54.46,128.05,Home,256.1,25.61,230.49,108.92,5.15,4.33
O507308,2025-01-15,C10515,P2036,1,0.1,79.57,186.92,Apparel,186.92,18.69,168.23,79.57,5.34,3.5
O507309,2026-01-26,C11188,P2002,3,0.05,36.16,61.12,Beauty,183.36,9.17,174.19,108.48,4.55,4.02
O507310,2025-02-21,C10756,P2001,1,0.0,67.86,159.31,Electronics,159.31,0.0,159.31,67.86,4.14,4.93
O507311,2025-03-01,C10183,P2079,1,0.0,76.11,150.73,Apparel,150.73,0.0,150.73,76.11,4.05,3.78
O507312,2025-10-15,C10215,P2079,1,0.2,76.11,150.73,Apparel,150.73,30.15,120.58,76.11,6.3,3.55
O507313,2025-01-25,C10238,P2066,2,0.1,21.23,45.94,Beauty,91.88,9.19,82.69,42.46,6.33,2.0
O507314,2025-03-27,C10649,P2031,1,0.05,54.53,117.07,Sports,117.07,5.85,111.22,54.53,2.5,2.59
O507315,2025-11-14,C10491,P2047,1,0.1,23.95,36.37,Sports,36.37,3.64,32.73,23.95,4.96,0.76
O507316,2025-04-27,C10478,P2078,1,0.05,80.99,151.9,Beauty,151.9,7.6,144.3,80.99,4.22,2.77
O507317,2025-03-22,C10981,P2018,1,0.25,23.1,60.58,Apparel,60.58,15.14,45.44,23.1,4.12,0.91
O507318,2026-02-09,C10384,P2066,1,0.1,21.23,45.94,Beauty,45.94,4.59,41.35,21.23,3.9,1.28
O507319,2025-03-21,C10077,P2042,3,0.05,21.36,43.17,Sports,129.51,6.48,123.03,64.08,3.05,3.88
O507320,2025-11-05,C10400,P2037,1,0.2,19.43,42.14,Home,42.14,8.43,33.71,19.43,5.52,0.64
O507321,2025-06-10,C11122,P2058,1,0.25,56.31,124.87,Electronics,124.87,31.22,93.65,56.31,5.83,2.92
O507322,2026-05-28,C10245,P2073,3,0.1,103.53,278.8,Apparel,836.4,83.64,752.76,310.59,6.57,18.3
O507323,2025-01-05,C11180,P2076,1,0.2,94.33,153.36,Apparel,153.36,30.67,122.69,94.33,5.01,2.98
O507324,2025-08-05,C11124,P2015,1,0.15,32.67,56.68,Home,56.68,8.5,48.18,32.67,4.52,1.02
O507325,2026-03-04,C10983,P2030,1,0.1,81.44,160.67,Electronics,160.67,16.07,144.6,81.44,4.2,3.67
O507326,2025-11-19,C11100,P2075,1,0.25,49.49,125.61,Electronics,125.61,31.4,94.21,49.49,7.25,2.41
O507327,2025-09-03,C10135,P2063,1,0.1,107.79,241.07,Sports,241.07,24.11,216.96,107.79,6.37,5.41
O507328,2026-03-12,C10848,P2037,2,0.0,19.43,42.14,Home,84.28,0.0,84.28,38.86,4.64,1.87
O507329,2026-06-11,C10661,P2022,2,0.0,39.69,79.46,Beauty,158.92,0.0,158.92,79.38,2.5,4.32
O507330,2025-08-13,C10319,P2047,1,0.05,23.95,36.37,Sports,36.37,1.82,34.55,23.95,5.35,0.87
O507331,2025-01-16,C10546,P2064,2,0.0,92.82,194.3,Sports,388.6,0.0,388.6,185.64,4.03,9.69
O507332,2025-01-18,C10024,P2020,2,0.15,96.28,147.84,Home,295.68,44.35,251.33,192.56,5.87,4.55
O507333,2025-01-26,C10899,P2033,2,0.05,102.58,280.83,Apparel,561.66,28.08,533.58,205.16,4.13,16.54
O507334,2025-11-15,C10867,P2076,3,0.2,94.33,153.36,Apparel,460.08,92.02,368.06,282.99,4.41,11.35
O507335,2025-10-10,C10782,P2058,2,0.0,56.31,124.87,Electronics,249.74,0.0,249.74,112.62,5.28,7.47
O507336,2025-11-14,C10772,P2077,1,0.25,99.36,190.12,Apparel,190.12,47.53,142.59,99.36,5.84,4.06
O507337,2025-12-20,C10648,P2045,2,0.05,54.87,109.92,Sports,219.84,10.99,208.85,109.74,5.7,5.45
O507338,2025-06-26,C10656,P2076,2,0.1,94.33,153.36,Apparel,306.72,30.67,276.05,188.66,7.58,7.74
O507339,2026-01-26,C11025,P2010,1,0.25,105.58,212.84,Electronics,212.84,53.21,159.63,105.58,4.86,2.94
O507340,2025-04-12,C11119,P2019,2,0.15,28.46,61.03,Sports,122.06,18.31,103.75,56.92,8.04,2.55
O507341,2025-08-08,C11103,P2022,2,0.0,39.69,79.46,Beauty,158.92,0.0,158.92,79.38,7.98,3.65
O507342,2026-06-16,C10343,P2068,1,0.1,54.46,128.05,Home,128.05,12.81,115.24,54.46,3.31,2.4
O507343,2025-12-27,C10366,P2047,1,0.2,23.95,36.37,Sports,36.37,7.27,29.1,23.95,6.66,0.69
O507344,2025-11-25,C10958,P2058,2,0.15,56.31,124.87,Electronics,249.74,37.46,212.28,112.62,4.21,6.19
O507345,2026-03-21,C10573,P2042,3,0.05,21.36,43.17,Sports,129.51,6.48,123.03,64.08,6.91,3.86
O507346,2026-06-24,C10604,P2051,2,0.05,21.09,56.25,Home,112.5,5.62,106.88,42.18,2.5,2.93
O507347,2025-09-03,C10287,P2051,2,0.15,21.09,56.25,Home,112.5,16.88,95.62,42.18,2.5,1.73
O507348,2025-06-24,C10066,P2037,1,0.25,19.43,42.14,Home,42.14,10.54,31.6,19.43,5.9,0.78
O507349,2026-02-18,C11192,P2039,2,0.1,88.55,225.55,Beauty,451.1,45.11,405.99,177.1,6.56,11.66
O507350,2025-02-21,C11003,P2048,1,0.0,26.01,65.12,Home,65.12,0.0,65.12,26.01,9.41,1.28
O507351,2026-02-04,C10356,P2036,3,0.1,79.57,186.92,Apparel,560.76,56.08,504.68,238.71,2.91,13.47
O507352,2025-04-11,C10294,P2069,1,0.05,90.63,175.87,Apparel,175.87,8.79,167.08,90.63,6.56,3.96
O507353,2025-09-03,C10686,P2076,3,0.0,94.33,153.36,Apparel,460.08,0.0,460.08,282.99,6.02,13.85
O507354,2025-02-11,C11020,P2011,2,0.0,25.59,43.62,Electronics,87.24,0.0,87.24,51.18,2.5,1.61
O507355,2026-06-11,C11105,P2066,1,0.0,21.23,45.94,Beauty,45.94,0.0,45.94,21.23,5.48,0.98
O507356,2026-06-11,C10194,P2032,1,0.0,83.59,176.17,Apparel,176.17,0.0,176.17,83.59,6.57,4.82
O507357,2026-06-12,C10753,P2067,2,0.05,89.48,177.38,Sports,354.76,17.74,337.02,178.96,5.39,8.53
O507358,2026-05-19,C10732,P2040,1,0.1,46.24,112.16,Electronics,112.16,11.22,100.94,46.24,5.07,2.18
O507359,2025-11-22,C10489,P2053,1,0.1,95.73,175.96,Electronics,175.96,17.6,158.36,95.73,6.34,4.32
O507360,2025-01-04,C10830,P2010,3,0.1,105.58,212.84,Electronics,638.52,63.85,574.67,316.74,5.46,17.8
O507361,2025-01-07,C10177,P2017,2,0.0,42.64,69.06,Apparel,138.12,0.0,138.12,85.28,3.72,3.66
O507362,2025-03-11,C10718,P2019,2,0.0,28.46,61.03,Sports,122.06,0.0,122.06,56.92,4.87,2.47
O507363,2026-04-02,C10281,P2031,1,0.0,54.53,117.07,Sports,117.07,0.0,117.07,54.53,4.03,3.63
O507364,2026-03-17,C10459,P2064,3,0.2,92.82,194.3,Sports,582.9,116.58,466.32,278.46,3.08,10.9
O507365,2025-10-27,C10025,P2021,1,0.0,75.19,147.18,Electronics,147.18,0.0,147.18,75.19,5.72,3.05
O507366,2026-05-16,C10398,P2016,1,0.0,23.99,66.65,Electronics,66.65,0.0,66.65,23.99,4.99,1.98
O507367,2025-06-08,C10110,P2039,1,0.05,88.55,225.55,Beauty,225.55,11.28,214.27,88.55,3.69,5.6
O507368,2026-03-31,C11195,P2023,1,0.0,99.43,207.17,Apparel,207.17,0.0,207.17,99.43,6.14,4.37
O507369,2025-02-26,C10477,P2042,1,0.1,21.36,43.17,Sports,43.17,4.32,38.85,21.36,4.01,1.17
O507370,2026-05-21,C11196,P2057,2,0.25,24.55,53.8,Beauty,107.6,26.9,80.7,49.1,6.55,2.25
O507371,2025-08-27,C10651,P2046,1,0.1,41.9,79.58,Sports,79.58,7.96,71.62,41.9,7.73,1.61
O507372,2025-11-20,C10702,P2006,1,0.0,90.83,200.16,Electronics,200.16,0.0,200.16,90.83,2.85,3.84
O507373,2026-03-20,C10877,P2058,2,0.0,56.31,124.87,Electronics,249.74,0.0,249.74,112.62,4.01,5.53
O507374,2025-03-03,C10313,P2035,2,0.0,33.04,85.13,Beauty,170.26,0.0,170.26,66.08,6.19,3.35
O507375,2025-05-04,C10495,P2073,1,0.15,103.53,278.8,Apparel,278.8,41.82,236.98,103.53,2.5,5.65
O507376,2025-07-29,C10600,P2034,2,0.2,84.74,206.91,Electronics,413.82,82.76,331.06,169.48,5.27,10.4
O507377,2025-06-13,C10177,P2045,1,0.15,54.87,109.92,Sports,109.92,16.49,93.43,54.87,4.73,2.79
O507378,2025-08-18,C10494,P2046,1,0.15,41.9,79.58,Sports,79.58,11.94,67.64,41.9,7.01,1.94
O507379,2026-06-09,C10307,P2048,1,0.2,26.01,65.12,Home,65.12,13.02,52.1,26.01,4.33,1.57
O507380,2025-01-07,C10116,P2000,1,0.15,20.01,46.3,Beauty,46.3,6.94,39.35,20.01,5.6,1.2
O507381,2025-04-29,C10428,P2040,1,0.1,46.24,112.16,Electronics,112.16,11.22,100.94,46.24,4.71,1.95
O507382,2026-05-18,C10540,P2074,2,0.05,60.53,130.38,Sports,260.76,13.04,247.72,121.06,4.28,7.44
O507383,2025-08-01,C11038,P2072,1,0.05,85.85,152.66,Sports,152.66,7.63,145.03,85.85,3.33,3.82
O507384,2025-01-05,C10108,P2009,3,0.05,89.03,195.13,Home,585.39,29.27,556.12,267.09,4.21,17.55
O507385,2025-10-03,C10926,P2034,1,0.05,84.74,206.91,Electronics,206.91,10.35,196.56,84.74,6.17,6.14
O507386,2026-02-08,C11012,P2015,1,0.1,32.67,56.68,Home,56.68,5.67,51.01,32.67,5.17,1.03
O507387,2026-02-05,C10802,P2052,2,0.15,85.13,212.17,Beauty,424.34,63.65,360.69,170.26,5.35,9.39
O507388,2025-01-03,C10517,P2067,1,0.2,89.48,177.38,Sports,177.38,35.48,141.9,89.48,4.79,3.45
O507389,2026-06-21,C10923,P2060,1,0.2,91.93,225.41,Sports,225.41,45.08,180.33,91.93,2.8,4.04
O507390,2026-05-29,C10082,P2040,2,0.05,46.24,112.16,Electronics,224.32,11.22,213.1,92.48,4.22,6.17
O507391,2025-07-07,C10014,P2047,1,0.1,23.95,36.37,Sports,36.37,3.64,32.73,23.95,6.44,0.77
O507392,2026-01-17,C10606,P2070,1,0.15,80.41,185.88,Sports,185.88,27.88,158.0,80.41,5.86,5.02
O507393,2025-12-21,C10949,P2001,2,0.1,67.86,159.31,Electronics,318.62,31.86,286.76,135.72,2.74,6.14
O507394,2026-01-03,C10754,P2045,1,0.05,54.87,109.92,Sports,109.92,5.5,104.42,54.87,8.43,2.97
O507395,2025-08-15,C10241,P2047,1,0.05,23.95,36.37,Sports,36.37,1.82,34.55,23.95,4.91,0.95
O507396,2026-01-15,C10803,P2043,1,0.0,34.43,56.92,Electronics,56.92,0.0,56.92,34.43,4.95,1.66
O507397,2025-11-20,C10051,P2045,3,0.2,54.87,109.92,Sports,329.76,65.95,263.81,164.61,2.5,6.87
O507398,2025-10-30,C10253,P2032,2,0.0,83.59,176.17,Apparel,352.34,0.0,352.34,167.18,6.59,7.51
O507399,2025-06-12,C10252,P2047,1,0.15,23.95,36.37,Sports,36.37,5.46,30.91,23.95,3.75,0.76
O507400,2025-06-18,C10047,P2073,2,0.1,103.53,278.8,Apparel,557.6,55.76,501.84,207.06,5.11,15.47
O507401,2025-11-28,C11136,P2074,1,0.1,60.53,130.38,Sports,130.38,13.04,117.34,60.53,3.57,2.64
O507402,2025-08-09,C10249,P2001,2,0.05,67.86,159.31,Electronics,318.62,15.93,302.69,135.72,4.04,9.31
O507403,2025-07-15,C11146,P2013,2,0.2,14.91,32.18,Beauty,64.36,12.87,51.49,29.82,5.37,1.62
O507404,2025-07-01,C10639,P2056,1,0.05,12.18,29.13,Home,29.13,1.46,27.67,12.18,6.43,0.54
O507405,2025-05-11,C10328,P2044,1,0.0,96.39,166.51,Electronics,166.51,0.0,166.51,96.39,2.5,3.08
O507406,2025-01-27,C11120,P2026,2,0.0,25.88,63.53,Beauty,127.06,0.0,127.06,51.76,5.82,3.12
O507407,2025-01-06,C10377,P2042,1,0.1,21.36,43.17,Sports,43.17,4.32,38.85,21.36,6.34,0.85
O507408,2025-07-20,C10821,P2078,2,0.0,80.99,151.9,Beauty,303.8,0.0,303.8,161.98,7.23,7.13
O507409,2025-01-02,C10063,P2032,1,0.1,83.59,176.17,Apparel,176.17,17.62,158.55,83.59,4.37,3.49
O507410,2025-07-16,C11012,P2008,1,0.05,64.11,126.24,Beauty,126.24,6.31,119.93,64.11,3.77,2.32
O507411,2025-05-22,C11182,P2049,3,0.05,75.64,173.14,Apparel,519.42,25.97,493.45,226.92,7.27,12.98
O507412,2025-10-07,C10008,P2047,1,0.1,23.95,36.37,Sports,36.37,3.64,32.73,23.95,6.25,0.78
O507413,2026-03-03,C10636,P2004,2,0.1,82.13,229.05,Sports,458.1,45.81,412.29,164.26,4.39,12.99
O507414,2025-07-24,C10685,P2064,1,0.0,92.82,194.3,Sports,194.3,0.0,194.3,92.82,2.5,5.17
O507415,2026-01-15,C10051,P2017,1,0.2,42.64,69.06,Apparel,69.06,13.81,55.25,42.64,2.98,1.56
O507416,2025-10-01,C11119,P2076,1,0.15,94.33,153.36,Apparel,153.36,23.0,130.36,94.33,4.55,2.52
O507417,2026-05-15,C11128,P2033,1,0.15,102.58,280.83,Apparel,280.83,42.12,238.71,102.58,2.55,5.23
O507418,2026-03-19,C10027,P2001,1,0.0,67.86,159.31,Electronics,159.31,0.0,159.31,67.86,2.78,4.96
O507419,2026-04-07,C10277,P2009,2,0.15,89.03,195.13,Home,390.26,58.54,331.72,178.06,7.3,10.36
O507420,2025-05-15,C10931,P2027,1,0.0,39.51,103.84,Electronics,103.84,0.0,103.84,39.51,7.92,2.13
O507421,2026-05-26,C10449,P2014,1,0.1,105.6,279.48,Beauty,279.48,27.95,251.53,105.6,4.27,5.48
O507422,2025-05-26,C10695,P2003,1,0.15,103.86,246.21,Sports,246.21,36.93,209.28,103.86,5.33,6.06
O507423,2025-01-06,C10750,P2034,1,0.15,84.74,206.91,Electronics,206.91,31.04,175.87,84.74,2.7,4.85
O507424,2025-10-21,C10276,P2011,3,0.1,25.59,43.62,Electronics,130.86,13.09,117.77,76.77,5.21,2.38
O507425,2025-08-17,C10136,P2021,2,0.05,75.19,147.18,Electronics,294.36,14.72,279.64,150.38,5.59,5.82
O507426,2025-01-23,C10800,P2046,3,0.25,41.9,79.58,Sports,238.74,59.68,179.06,125.7,5.79,5.55
O507427,2025-05-09,C10658,P2009,1,0.1,89.03,195.13,Home,195.13,19.51,175.62,89.03,5.6,3.36
O507428,2025-12-15,C11083,P2046,2,0.0,41.9,79.58,Sports,159.16,0.0,159.16,83.8,5.41,4.16
O507429,2025-01-02,C10156,P2061,2,0.0,92.46,150.56,Sports,301.12,0.0,301.12,184.92,5.92,6.18
O507430,2026-03-31,C10607,P2060,1,0.2,91.93,225.41,Sports,225.41,45.08,180.33,91.93,2.83,4.65
O507431,2026-03-21,C10759,P2065,1,0.05,74.22,160.54,Electronics,160.54,8.03,152.51,74.22,4.71,4.17
O507432,2025-12-01,C10036,P2020,3,0.2,96.28,147.84,Home,443.52,88.7,354.82,288.84,4.21,9.4
O507433,2026-01-20,C11165,P2067,2,0.1,89.48,177.38,Sports,354.76,35.48,319.28,178.96,5.83,9.69
O507434,2025-02-03,C10689,P2005,3,0.0,21.42,39.38,Sports,118.14,0.0,118.14,64.26,2.5,2.3
O507435,2025-02-01,C10345,P2050,2,0.1,47.62,83.27,Beauty,166.54,16.65,149.89,95.24,6.55,3.96
O507436,2026-01-19,C10842,P2026,1,0.2,25.88,63.53,Beauty,63.53,12.71,50.82,25.88,4.97,0.95
O507437,2025-06-25,C11148,P2048,1,0.15,26.01,65.12,Home,65.12,9.77,55.35,26.01,2.5,1.47
O507438,2026-03-25,C10282,P2029,2,0.0,30.95,55.54,Apparel,111.08,0.0,111.08,61.9,4.0,3.09
O507439,2025-11-12,C10294,P2047,2,0.0,23.95,36.37,Sports,72.74,0.0,72.74,47.9,4.68,2.3
O507440,2025-08-02,C10953,P2067,2,0.1,89.48,177.38,Sports,354.76,35.48,319.28,178.96,5.64,9.85
O507441,2025-12-08,C10102,P2033,1,0.2,102.58,280.83,Apparel,280.83,56.17,224.66,102.58,7.04,5.91
O507442,2026-03-18,C10992,P2028,2,0.2,49.21,76.08,Beauty,152.16,30.43,121.73,98.42,5.68,3.13
O507443,2026-04-30,C11154,P2050,1,0.2,47.62,83.27,Beauty,83.27,16.65,66.62,47.62,4.22,1.29
O507444,2025-05-08,C11172,P2000,3,0.2,20.01,46.3,Beauty,138.9,27.78,111.12,60.03,6.77,2.14
O507445,2026-04-17,C10113,P2079,2,0.1,76.11,150.73,Apparel,301.46,30.15,271.31,152.22,7.3,6.42
O507446,2025-01-14,C10808,P2052,2,0.1,85.13,212.17,Beauty,424.34,42.43,381.91,170.26,5.4,11.22
O507447,2025-09-21,C10507,P2063,1,0.0,107.79,241.07,Sports,241.07,0.0,241.07,107.79,2.62,5.78
O507448,2025-10-27,C10398,P2002,1,0.1,36.16,61.12,Beauty,61.12,6.11,55.01,36.16,3.43,1.1
O507449,2025-02-04,C10571,P2033,1,0.05,102.58,280.83,Apparel,280.83,14.04,266.79,102.58,4.73,5.06
O507450,2026-01-26,C10359,P2014,1,0.0,105.6,279.48,Beauty,279.48,0.0,279.48,105.6,3.05,5.57
O507451,2026-05-20,C10052,P2013,3,0.15,14.91,32.18,Beauty,96.54,14.48,82.06,44.73,3.0,2.06
O507452,2025-06-08,C10761,P2002,1,0.1,36.16,61.12,Beauty,61.12,6.11,55.01,36.16,3.67,1.36
O507453,2026-06-22,C10879,P2035,2,0.1,33.04,85.13,Beauty,170.26,17.03,153.23,66.08,4.89,4.59
O507454,2025-04-18,C10195,P2042,1,0.1,21.36,43.17,Sports,43.17,4.32,38.85,21.36,5.52,1.03
O507455,2026-06-24,C10358,P2061,3,0.15,92.46,150.56,Sports,451.68,67.75,383.93,277.38,3.78,7.32
O507456,2025-06-13,C10808,P2057,2,0.05,24.55,53.8,Beauty,107.6,5.38,102.22,49.1,9.18,2.82
O507457,2025-03-16,C10442,P2078,2,0.0,80.99,151.9,Beauty,303.8,0.0,303.8,161.98,3.27,7.45
O507458,2025-02-06,C10154,P2028,3,0.15,49.21,76.08,Beauty,228.24,34.24,194.0,147.63,4.58,3.93
O507459,2026-06-23,C10181,P2072,2,0.1,85.85,152.66,Sports,305.32,30.53,274.79,171.7,4.73,6.27
O507460,2025-11-28,C11115,P2031,1,0.1,54.53,117.07,Sports,117.07,11.71,105.36,54.53,5.75,2.26
O507461,2025-07-15,C10417,P2061,1,0.2,92.46,150.56,Sports,150.56,30.11,120.45,92.46,5.71,3.15
O507462,2025-12-05,C10002,P2052,2,0.25,85.13,212.17,Beauty,424.34,106.08,318.26,170.26,8.16,6.78
O507463,2025-05-19,C10723,P2017,1,0.1,42.64,69.06,Apparel,69.06,6.91,62.15,42.64,5.67,1.83
O507464,2025-03-30,C10741,P2051,2,0.2,21.09,56.25,Home,112.5,22.5,90.0,42.18,4.05,2.12
O507465,2025-05-04,C10927,P2069,2,0.0,90.63,175.87,Apparel,351.74,0.0,351.74,181.26,4.34,8.98
O507466,2026-05-19,C10739,P2047,1,0.15,23.95,36.37,Sports,36.37,5.46,30.91,23.95,4.87,0.6
O507467,2025-02-10,C10263,P2054,2,0.05,19.42,50.24,Beauty,100.48,5.02,95.46,38.84,5.16,1.84
O507468,2026-03-29,C10277,P2004,1,0.15,82.13,229.05,Sports,229.05,34.36,194.69,82.13,7.36,6.14
O507469,2025-03-11,C10265,P2049,3,0.15,75.64,173.14,Apparel,519.42,77.91,441.51,226.92,3.95,9.71
O507470,2026-05-14,C10885,P2068,1,0.0,54.46,128.05,Home,128.05,0.0,128.05,54.46,5.5,2.4
O507471,2025-08-18,C10265,P2068,3,0.15,54.46,128.05,Home,384.15,57.62,326.53,163.38,6.47,9.55
O507472,2025-08-20,C10245,P2055,2,0.0,14.94,29.55,Sports,59.1,0.0,59.1,29.88,4.91,1.65
O507473,2025-04-11,C10392,P2015,1,0.15,32.67,56.68,Home,56.68,8.5,48.18,32.67,4.82,1.1
O507474,2025-10-20,C10658,P2039,3,0.15,88.55,225.55,Beauty,676.65,101.5,575.15,265.65,3.84,17.14
O507475,2026-01-17,C10451,P2038,3,0.1,61.98,100.85,Sports,302.55,30.25,272.29,185.94,4.08,5.89
O507476,2026-04-01,C10460,P2024,1,0.15,38.64,85.56,Electronics,85.56,12.83,72.73,38.64,5.82,1.44
O507477,2026-05-12,C10891,P2051,1,0.0,21.09,56.25,Home,56.25,0.0,56.25,21.09,6.83,1.3
O507478,2025-06-02,C10107,P2078,1,0.15,80.99,151.9,Beauty,151.9,22.78,129.12,80.99,5.97,4.0
O507479,2025-12-01,C10846,P2015,3,0.1,32.67,56.68,Home,170.04,17.0,153.04,98.01,4.8,4.54
O507480,2026-02-13,C10186,P2026,2,0.0,25.88,63.53,Beauty,127.06,0.0,127.06,51.76,4.01,3.17
O507481,2026-03-22,C10648,P2016,2,0.0,23.99,66.65,Electronics,133.3,0.0,133.3,47.98,4.83,3.41
O507482,2026-02-01,C10014,P2009,3,0.05,89.03,195.13,Home,585.39,29.27,556.12,267.09,6.47,11.82
O507483,2026-04-23,C10138,P2055,1,0.0,14.94,29.55,Sports,29.55,0.0,29.55,14.94,5.62,0.8
O507484,2026-05-03,C11037,P2011,2,0.15,25.59,43.62,Electronics,87.24,13.09,74.15,51.18,5.85,2.03
O507485,2025-07-03,C10530,P2047,1,0.05,23.95,36.37,Sports,36.37,1.82,34.55,23.95,4.02,0.88
O507486,2025-05-25,C10111,P2007,2,0.15,81.19,138.2,Apparel,276.4,41.46,234.94,162.38,5.47,4.23
O507487,2025-12-19,C11118,P2050,3,0.1,47.62,83.27,Beauty,249.81,24.98,224.83,142.86,4.8,4.91
O507488,2026-01-18,C10391,P2051,3,0.1,21.09,56.25,Home,168.75,16.88,151.88,63.27,7.17,3.35
O507489,2026-02-27,C10268,P2050,1,0.1,47.62,83.27,Beauty,83.27,8.33,74.94,47.62,5.1,1.84
O507490,2025-10-30,C10548,P2068,3,0.25,54.46,128.05,Home,384.15,96.04,288.11,163.38,6.57,6.37
O507491,2026-02-14,C10470,P2010,2,0.1,105.58,212.84,Electronics,425.68,42.57,383.11,211.16,5.5,9.14
O507492,2025-07-05,C10636,P2055,2,0.0,14.94,29.55,Sports,59.1,0.0,59.1,29.88,5.96,1.59
O507493,2025-05-07,C10983,P2026,2,0.1,25.88,63.53,Beauty,127.06,12.71,114.35,51.76,6.09,2.4
O507494,2025-07-07,C10520,P2032,1,0.15,83.59,176.17,Apparel,176.17,26.43,149.74,83.59,2.5,4.36
O507495,2025-08-11,C10166,P2039,2,0.0,88.55,225.55,Beauty,451.1,0.0,451.1,177.1,3.25,9.27
O507496,2025-04-03,C10424,P2052,3,0.15,85.13,212.17,Beauty,636.51,95.48,541.03,255.39,3.28,9.92
O507497,2025-04-05,C10390,P2049,2,0.05,75.64,173.14,Apparel,346.28,17.31,328.97,151.28,7.62,6.45
O507498,2026-06-12,C10827,P2057,1,0.0,24.55,53.8,Beauty,53.8,0.0,53.8,24.55,4.75,1.65
O507499,2025-02-04,C10301,P2009,1,0.1,89.03,195.13,Home,195.13,19.51,175.62,89.03,6.46,3.71
O507500,2025-10-13,C10389,P2067,1,0.05,89.48,177.38,Sports,177.38,8.87,168.51,89.48,4.89,4.14
O507501,2025-12-22,C10993,P2075,1,0.0,49.49,125.61,Electronics,125.61,0.0,125.61,49.49,3.1,3.27
O507502,2026-03-22,C10459,P2038,2,0.1,61.98,100.85,Sports,201.7,20.17,181.53,123.96,3.69,3.31
O507503,2025-08-08,C10442,P2005,2,0.05,21.42,39.38,Sports,78.76,3.94,74.82,42.84,2.5,1.45
O507504,2026-06-27,C11113,P2036,2,0.05,79.57,186.92,Apparel,373.84,18.69,355.15,159.14,5.13,7.8
O507505,2025-04-01,C10686,P2023,1,0.25,99.43,207.17,Apparel,207.17,51.79,155.38,99.43,3.36,3.08
O507506,2026-04-22,C10811,P2075,2,0.05,49.49,125.61,Electronics,251.22,12.56,238.66,98.98,4.67,6.08
O507507,2025-12-30,C10394,P2000,1,0.1,20.01,46.3,Beauty,46.3,4.63,41.67,20.01,4.8,1.18
O507508,2025-09-30,C10797,P2024,2,0.2,38.64,85.56,Electronics,171.12,34.22,136.9,77.28,6.34,3.65
O507509,2025-08-27,C11176,P2079,1,0.0,76.11,150.73,Apparel,150.73,0.0,150.73,76.11,5.87,3.48
O507510,2025-10-26,C10548,P2048,1,0.1,26.01,65.12,Home,65.12,6.51,58.61,26.01,7.45,1.85
O507511,2025-05-28,C10676,P2011,1,0.15,25.59,43.62,Electronics,43.62,6.54,37.08,25.59,5.02,0.94
O507512,2025-09-17,C10373,P2007,1,0.0,81.19,138.2,Apparel,138.2,0.0,138.2,81.19,5.05,3.92
O507513,2026-02-17,C10202,P2023,1,0.05,99.43,207.17,Apparel,207.17,10.36,196.81,99.43,5.5,4.61
O507514,2025-07-27,C10609,P2055,2,0.25,14.94,29.55,Sports,59.1,14.78,44.32,29.88,4.33,1.06
O507515,2025-11-13,C10063,P2026,1,0.15,25.88,63.53,Beauty,63.53,9.53,54.0,25.88,5.57,1.28
O507516,2026-04-18,C10346,P2009,1,0.25,89.03,195.13,Home,195.13,48.78,146.35,89.03,4.89,3.82
O507517,2025-01-23,C10414,P2038,3,0.1,61.98,100.85,Sports,302.55,30.25,272.29,185.94,5.51,8.01
O507518,2025-09-28,C11010,P2052,1,0.0,85.13,212.17,Beauty,212.17,0.0,212.17,85.13,4.15,3.96
O507519,2026-01-06,C10972,P2065,2,0.0,74.22,160.54,Electronics,321.08,0.0,321.08,148.44,3.78,9.87
O507520,2026-04-25,C10151,P2013,1,0.2,14.91,32.18,Beauty,32.18,6.44,25.74,14.91,4.43,0.59
O507521,2025-12-05,C10623,P2015,2,0.05,32.67,56.68,Home,113.36,5.67,107.69,65.34,4.64,3.28
O507522,2025-02-08,C10668,P2065,2,0.1,74.22,160.54,Electronics,321.08,32.11,288.97,148.44,5.37,5.24
O507523,2025-09-26,C10860,P2071,3,0.05,72.34,202.22,Beauty,606.66,30.33,576.33,217.02,8.35,11.06
O507524,2025-01-02,C11048,P2026,2,0.1,25.88,63.53,Beauty,127.06,12.71,114.35,51.76,5.81,2.76
O507525,2025-12-20,C11090,P2026,1,0.15,25.88,63.53,Beauty,63.53,9.53,54.0,25.88,2.75,1.46
O507526,2025-08-07,C10530,P2007,1,0.1,81.19,138.2,Apparel,138.2,13.82,124.38,81.19,3.94,2.26
O507527,2025-07-22,C10947,P2019,1,0.05,28.46,61.03,Sports,61.03,3.05,57.98,28.46,4.57,1.19
O507528,2025-09-20,C11127,P2056,1,0.25,12.18,29.13,Home,29.13,7.28,21.85,12.18,6.4,0.63
O507529,2025-12-07,C10139,P2043,1,0.0,34.43,56.92,Electronics,56.92,0.0,56.92,34.43,4.02,1.05
O507530,2025-07-09,C10650,P2078,2,0.15,80.99,151.9,Beauty,303.8,45.57,258.23,161.98,5.28,5.98
O507531,2025-04-21,C11059,P2038,2,0.05,61.98,100.85,Sports,201.7,10.09,191.61,123.96,5.5,5.42
O507532,2025-07-30,C10269,P2011,1,0.15,25.59,43.62,Electronics,43.62,6.54,37.08,25.59,5.34,1.04
O507533,2025-05-08,C11131,P2058,1,0.05,56.31,124.87,Electronics,124.87,6.24,118.63,56.31,5.26,2.66
O507534,2025-06-20,C11145,P2078,1,0.1,80.99,151.9,Beauty,151.9,15.19,136.71,80.99,4.93,4.09
O507535,2025-11-14,C10215,P2071,2,0.0,72.34,202.22,Beauty,404.44,0.0,404.44,144.68,3.88,11.37
O507536,2025-07-24,C10516,P2069,1,0.15,90.63,175.87,Apparel,175.87,26.38,149.49,90.63,7.33,3.26
O507537,2025-09-03,C11050,P2050,3,0.25,47.62,83.27,Beauty,249.81,62.45,187.36,142.86,5.31,5.92
O507538,2026-02-07,C11032,P2079,3,0.15,76.11,150.73,Apparel,452.19,67.83,384.36,228.33,2.5,9.36
O507539,2025-07-03,C10970,P2066,3,0.1,21.23,45.94,Beauty,137.82,13.78,124.04,63.69,7.51,3.06
O507540,2026-04-01,C10572,P2000,3,0.2,20.01,46.3,Beauty,138.9,27.78,111.12,60.03,4.13,2.02
O507541,2025-08-31,C11015,P2027,3,0.25,39.51,103.84,Electronics,311.52,77.88,233.64,118.53,3.84,4.98
O507542,2025-02-06,C10309,P2047,2,0.15,23.95,36.37,Sports,72.74,10.91,61.83,47.9,5.29,1.59
O507543,2025-08-01,C10539,P2056,2,0.15,12.18,29.13,Home,58.26,8.74,49.52,24.36,4.88,1.58
O507544,2025-06-25,C11154,P2065,2,0.1,74.22,160.54,Electronics,321.08,32.11,288.97,148.44,6.93,7.92
O507545,2026-01-04,C10395,P2038,3,0.0,61.98,100.85,Sports,302.55,0.0,302.55,185.94,5.55,6.02
O507546,2025-12-26,C11140,P2044,1,0.05,96.39,166.51,Electronics,166.51,8.33,158.18,96.39,5.32,4.03
O507547,2025-06-24,C10863,P2075,1,0.0,49.49,125.61,Electronics,125.61,0.0,125.61,49.49,7.32,3.25
O507548,2025-08-10,C11084,P2035,1,0.05,33.04,85.13,Beauty,85.13,4.26,80.87,33.04,4.75,1.48
O507549,2025-08-17,C10703,P2078,3,0.0,80.99,151.9,Beauty,455.7,0.0,455.7,242.97,5.68,12.96
O507550,2025-04-15,C10049,P2009,1,0.05,89.03,195.13,Home,195.13,9.76,185.37,89.03,3.77,4.02
O507551,2026-02-04,C11021,P2067,1,0.0,89.48,177.38,Sports,177.38,0.0,177.38,89.48,6.12,3.23
O507552,2026-01-28,C11134,P2068,1,0.0,54.46,128.05,Home,128.05,0.0,128.05,54.46,3.85,3.98
O507553,2025-12-24,C10189,P2077,2,0.1,99.36,190.12,Apparel,380.24,38.02,342.22,198.72,6.69,10.3
O507554,2025-02-25,C10738,P2053,1,0.1,95.73,175.96,Electronics,175.96,17.6,158.36,95.73,6.41,4.09
O507555,2025-11-16,C10677,P2021,1,0.0,75.19,147.18,Electronics,147.18,0.0,147.18,75.19,5.88,4.68
O507556,2025-10-17,C10193,P2038,2,0.1,61.98,100.85,Sports,201.7,20.17,181.53,123.96,5.6,5.26
O507557,2025-12-02,C10062,P2043,1,0.25,34.43,56.92,Electronics,56.92,14.23,42.69,34.43,5.23,0.83
O507558,2025-07-28,C11041,P2008,2,0.0,64.11,126.24,Beauty,252.48,0.0,252.48,128.22,5.84,6.66
O507559,2025-12-07,C10951,P2002,1,0.15,36.16,61.12,Beauty,61.12,9.17,51.95,36.16,4.49,1.1
O507560,2026-01-17,C10475,P2018,2,0.1,23.1,60.58,Apparel,121.16,12.12,109.04,46.2,2.81,3.45
O507561,2025-10-13,C10583,P2022,1,0.15,39.69,79.46,Beauty,79.46,11.92,67.54,39.69,5.79,1.4
O507562,2026-06-08,C11112,P2064,2,0.15,92.82,194.3,Sports,388.6,58.29,330.31,185.64,2.5,7.67
O507563,2025-06-15,C10625,P2013,1,0.05,14.91,32.18,Beauty,32.18,1.61,30.57,14.91,6.21,0.97
O507564,2025-06-12,C10314,P2055,1,0.1,14.94,29.55,Sports,29.55,2.96,26.6,14.94,7.24,0.68
O507565,2025-02-23,C10864,P2064,1,0.05,92.82,194.3,Sports,194.3,9.72,184.58,92.82,7.81,3.49
O507566,2025-09-23,C10973,P2010,3,0.1,105.58,212.84,Electronics,638.52,63.85,574.67,316.74,5.0,15.28
O507567,2026-01-26,C10271,P2055,2,0.0,14.94,29.55,Sports,59.1,0.0,59.1,29.88,4.84,1.39
O507568,2025-01-21,C10108,P2009,1,0.2,89.03,195.13,Home,195.13,39.03,156.1,89.03,2.58,3.86
O507569,2025-11-27,C10833,P2069,1,0.1,90.63,175.87,Apparel,175.87,17.59,158.28,90.63,4.74,4.87
O507570,2025-11-29,C10689,P2010,2,0.1,105.58,212.84,Electronics,425.68,42.57,383.11,211.16,3.31,8.64
O507571,2025-07-06,C10471,P2030,2,0.0,81.44,160.67,Electronics,321.34,0.0,321.34,162.88,2.94,5.86
O507572,2025-01-27,C10381,P2070,1,0.0,80.41,185.88,Sports,185.88,0.0,185.88,80.41,7.12,5.56
O507573,2025-03-20,C10906,P2001,1,0.0,67.86,159.31,Electronics,159.31,0.0,159.31,67.86,5.24,3.48
O507574,2025-08-22,C11066,P2073,3,0.05,103.53,278.8,Apparel,836.4,41.82,794.58,310.59,6.13,20.8
O507575,2025-08-22,C10630,P2075,1,0.0,49.49,125.61,Electronics,125.61,0.0,125.61,49.49,7.16,2.41
O507576,2025-06-10,C11048,P2026,2,0.15,25.88,63.53,Beauty,127.06,19.06,108.0,51.76,5.33,2.9
O507577,2025-01-29,C10190,P2004,2,0.0,82.13,229.05,Sports,458.1,0.0,458.1,164.26,3.38,9.13
O507578,2025-12-16,C11193,P2011,1,0.2,25.59,43.62,Electronics,43.62,8.72,34.9,25.59,3.62,0.76
O507579,2025-04-04,C10365,P2041,1,0.25,53.15,104.66,Apparel,104.66,26.16,78.5,53.15,6.13,1.83
O507580,2025-04-04,C10879,P2072,1,0.15,85.85,152.66,Sports,152.66,22.9,129.76,85.85,4.44,3.68
O507581,2025-08-30,C10466,P2010,1,0.1,105.58,212.84,Electronics,212.84,21.28,191.56,105.58,4.98,4.09
O507582,2025-02-09,C10678,P2026,1,0.0,25.88,63.53,Beauty,63.53,0.0,63.53,25.88,5.13,1.21
O507583,2025-04-02,C10419,P2039,2,0.2,88.55,225.55,Beauty,451.1,90.22,360.88,177.1,4.48,6.88
O507584,2026-05-06,C10982,P2037,1,0.1,19.43,42.14,Home,42.14,4.21,37.93,19.43,2.5,0.79
O507585,2025-11-17,C10428,P2055,1,0.0,14.94,29.55,Sports,29.55,0.0,29.55,14.94,7.47,0.74
O507586,2025-07-18,C10681,P2050,1,0.0,47.62,83.27,Beauty,83.27,0.0,83.27,47.62,6.51,1.86
O507587,2025-09-21,C11047,P2007,1,0.1,81.19,138.2,Apparel,138.2,13.82,124.38,81.19,4.54,3.1
O507588,2025-07-07,C10193,P2055,2,0.05,14.94,29.55,Sports,59.1,2.96,56.14,29.88,5.67,1.6
O507589,2026-05-17,C11144,P2051,1,0.0,21.09,56.25,Home,56.25,0.0,56.25,21.09,3.41,1.73
O507590,2026-04-04,C10884,P2075,1,0.1,49.49,125.61,Electronics,125.61,12.56,113.05,49.49,5.12,2.24
O507591,2026-04-20,C10596,P2002,1,0.1,36.16,61.12,Beauty,61.12,6.11,55.01,36.16,6.32,1.12
O507592,2025-06-19,C10779,P2069,1,0.0,90.63,175.87,Apparel,175.87,0.0,175.87,90.63,6.16,5.06
O507593,2026-05-18,C10937,P2020,2,0.0,96.28,147.84,Home,295.68,0.0,295.68,192.56,4.89,6.03
O507594,2025-05-29,C10329,P2079,1,0.25,76.11,150.73,Apparel,150.73,37.68,113.05,76.11,3.06,3.58
O507595,2025-07-02,C10680,P2056,1,0.05,12.18,29.13,Home,29.13,1.46,27.67,12.18,7.0,0.69
O507596,2026-06-26,C10400,P2060,1,0.15,91.93,225.41,Sports,225.41,33.81,191.6,91.93,7.54,3.91
O507597,2025-02-13,C10812,P2040,2,0.0,46.24,112.16,Electronics,224.32,0.0,224.32,92.48,4.67,4.71
O507598,2025-02-15,C10662,P2032,1,0.1,83.59,176.17,Apparel,176.17,17.62,158.55,83.59,3.62,3.88
O507599,2025-09-02,C10316,P2039,1,0.05,88.55,225.55,Beauty,225.55,11.28,214.27,88.55,4.09,6.07
O507600,2025-08-27,C10777,P2049,2,0.25,75.64,173.14,Apparel,346.28,86.57,259.71,151.28,4.97,5.65
O507601,2025-02-07,C10591,P2047,1,0.2,23.95,36.37,Sports,36.37,7.27,29.1,23.95,8.38,0.93
O507602,2026-06-26,C11135,P2038,1,0.05,61.98,100.85,Sports,100.85,5.04,95.81,61.98,4.89,1.86
O507603,2025-09-03,C10066,P2074,2,0.05,60.53,130.38,Sports,260.76,13.04,247.72,121.06,5.77,5.33
O507604,2025-08-16,C10619,P2069,3,0.05,90.63,175.87,Apparel,527.61,26.38,501.23,271.89,8.62,12.13
O507605,2026-01-27,C10149,P2014,2,0.1,105.6,279.48,Beauty,558.96,55.9,503.06,211.2,4.5,11.29
O507606,2026-06-27,C10418,P2027,2,0.15,39.51,103.84,Electronics,207.68,31.15,176.53,79.02,7.16,5.38
O507607,2026-05-11,C10246,P2012,1,0.15,91.5,250.58,Home,250.58,37.59,212.99,91.5,5.1,4.35
O507608,2025-07-31,C11110,P2062,1,0.0,69.71,151.88,Beauty,151.88,0.0,151.88,69.71,3.34,3.39
O507609,2026-06-28,C10647,P2071,1,0.0,72.34,202.22,Beauty,202.22,0.0,202.22,72.34,3.32,6.22
O507610,2025-12-17,C10475,P2052,2,0.05,85.13,212.17,Beauty,424.34,21.22,403.12,170.26,3.39,8.04
O507611,2025-09-04,C10242,P2065,1,0.2,74.22,160.54,Electronics,160.54,32.11,128.43,74.22,5.3,2.83
O507612,2026-03-08,C10592,P2041,1,0.1,53.15,104.66,Apparel,104.66,10.47,94.19,53.15,4.18,1.84
O507613,2025-07-19,C10361,P2046,3,0.0,41.9,79.58,Sports,238.74,0.0,238.74,125.7,4.08,7.0
O507614,2025-05-31,C10755,P2016,3,0.15,23.99,66.65,Electronics,199.95,29.99,169.96,71.97,4.58,4.45
O507615,2026-06-25,C10462,P2071,2,0.2,72.34,202.22,Beauty,404.44,80.89,323.55,144.68,3.71,8.48
O507616,2025-09-26,C11081,P2022,1,0.2,39.69,79.46,Beauty,79.46,15.89,63.57,39.69,3.96,1.6
O507617,2026-01-11,C10585,P2065,1,0.05,74.22,160.54,Electronics,160.54,8.03,152.51,74.22,4.69,4.28
O507618,2025-09-06,C10865,P2060,3,0.0,91.93,225.41,Sports,676.23,0.0,676.23,275.79,3.56,13.54
O507619,2025-09-02,C11063,P2035,2,0.05,33.04,85.13,Beauty,170.26,8.51,161.75,66.08,3.15,2.97
O507620,2025-07-06,C10018,P2015,1,0.05,32.67,56.68,Home,56.68,2.83,53.85,32.67,4.17,1.52
O507621,2025-10-24,C11095,P2026,1,0.25,25.88,63.53,Beauty,63.53,15.88,47.65,25.88,5.41,1.27
O507622,2025-02-04,C10314,P2002,3,0.1,36.16,61.12,Beauty,183.36,18.34,165.02,108.48,5.19,3.26
O507623,2025-06-17,C11194,P2019,3,0.1,28.46,61.03,Sports,183.09,18.31,164.78,85.38,5.75,3.06
O507624,2025-08-23,C10400,P2070,3,0.15,80.41,185.88,Sports,557.64,83.65,473.99,241.23,5.63,14.69
O507625,2025-04-05,C11135,P2030,3,0.2,81.44,160.67,Electronics,482.01,96.4,385.61,244.32,5.7,7.54
O507626,2026-02-02,C10189,P2068,1,0.05,54.46,128.05,Home,128.05,6.4,121.65,54.46,4.41,3.58
O507627,2025-10-22,C11151,P2015,2,0.0,32.67,56.68,Home,113.36,0.0,113.36,65.34,4.65,2.58
O507628,2025-03-20,C10873,P2072,1,0.2,85.85,152.66,Sports,152.66,30.53,122.13,85.85,5.92,2.61
O507629,2026-04-03,C11177,P2072,3,0.1,85.85,152.66,Sports,457.98,45.8,412.18,257.55,4.0,7.96
O507630,2025-07-23,C10923,P2068,1,0.15,54.46,128.05,Home,128.05,19.21,108.84,54.46,3.88,3.0
O507631,2025-08-26,C10270,P2035,2,0.05,33.04,85.13,Beauty,170.26,8.51,161.75,66.08,5.77,4.35
O507632,2025-06-27,C10567,P2054,2,0.1,19.42,50.24,Beauty,100.48,10.05,90.43,38.84,6.68,2.19
O507633,2025-07-27,C11092,P2062,1,0.0,69.71,151.88,Beauty,151.88,0.0,151.88,69.71,5.46,4.41
O507634,2025-12-21,C10502,P2010,3,0.0,105.58,212.84,Electronics,638.52,0.0,638.52,316.74,3.54,14.18
O507635,2025-04-27,C10538,P2015,2,0.2,32.67,56.68,Home,113.36,22.67,90.69,65.34,7.74,2.65
O507636,2026-01-21,C10830,P2063,1,0.1,107.79,241.07,Sports,241.07,24.11,216.96,107.79,4.46,4.83
O507637,2026-04-15,C11192,P2029,1,0.05,30.95,55.54,Apparel,55.54,2.78,52.76,30.95,4.42,1.64
O507638,2026-02-21,C11107,P2035,1,0.0,33.04,85.13,Beauty,85.13,0.0,85.13,33.04,5.76,2.63
O507639,2025-06-03,C10166,P2048,1,0.1,26.01,65.12,Home,65.12,6.51,58.61,26.01,3.26,1.84
O507640,2025-07-09,C10826,P2078,1,0.0,80.99,151.9,Beauty,151.9,0.0,151.9,80.99,6.63,3.65
O507641,2025-04-20,C10354,P2075,1,0.05,49.49,125.61,Electronics,125.61,6.28,119.33,49.49,5.46,3.64
O507642,2026-04-01,C10819,P2045,1,0.25,54.87,109.92,Sports,109.92,27.48,82.44,54.87,4.17,1.62
O507643,2026-01-13,C10788,P2018,1,0.15,23.1,60.58,Apparel,60.58,9.09,51.49,23.1,6.28,1.32
O507644,2026-05-28,C10455,P2039,2,0.1,88.55,225.55,Beauty,451.1,45.11,405.99,177.1,5.01,8.65
O507645,2025-03-08,C11092,P2037,1,0.05,19.43,42.14,Home,42.14,2.11,40.03,19.43,4.5,0.95
O507646,2025-03-30,C10156,P2063,2,0.05,107.79,241.07,Sports,482.14,24.11,458.03,215.58,5.51,13.74
O507647,2025-01-08,C10919,P2039,2,0.1,88.55,225.55,Beauty,451.1,45.11,405.99,177.1,3.81,7.78
O507648,2026-06-20,C11058,P2015,2,0.25,32.67,56.68,Home,113.36,28.34,85.02,65.34,7.17,2.37
O507649,2026-02-18,C10235,P2041,1,0.25,53.15,104.66,Apparel,104.66,26.16,78.5,53.15,7.62,1.72
O507650,2026-04-06,C10297,P2075,1,0.0,49.49,125.61,Electronics,125.61,0.0,125.61,49.49,2.83,3.1
O507651,2025-09-25,C11081,P2067,1,0.15,89.48,177.38,Sports,177.38,26.61,150.77,89.48,2.82,3.81
O507652,2026-01-07,C10118,P2042,2,0.15,21.36,43.17,Sports,86.34,12.95,73.39,42.72,5.59,2.02
O507653,2025-12-25,C10934,P2075,1,0.0,49.49,125.61,Electronics,125.61,0.0,125.61,49.49,4.9,3.95
O507654,2026-02-07,C11040,P2059,1,0.05,74.58,192.13,Electronics,192.13,9.61,182.52,74.58,5.3,5.41
O507655,2025-12-28,C11089,P2041,1,0.15,53.15,104.66,Apparel,104.66,15.7,88.96,53.15,3.84,1.94
O507656,2025-07-28,C10712,P2022,1,0.0,39.69,79.46,Beauty,79.46,0.0,79.46,39.69,4.62,2.25
O507657,2025-10-13,C10772,P2038,1,0.0,61.98,100.85,Sports,100.85,0.0,100.85,61.98,4.8,2.69
O507658,2025-10-30,C11054,P2076,1,0.0,94.33,153.36,Apparel,153.36,0.0,153.36,94.33,5.99,3.9
O507659,2025-05-06,C11170,P2044,1,0.15,96.39,166.51,Electronics,166.51,24.98,141.53,96.39,2.5,3.54
O507660,2025-08-08,C10985,P2013,3,0.0,14.91,32.18,Beauty,96.54,0.0,96.54,44.73,7.19,2.33
O507661,2025-12-06,C11068,P2032,1,0.15,83.59,176.17,Apparel,176.17,26.43,149.74,83.59,6.68,2.71
O507662,2025-09-05,C10293,P2059,2,0.15,74.58,192.13,Electronics,384.26,57.64,326.62,149.16,5.42,7.17
O507663,2025-01-22,C10912,P2012,2,0.2,91.5,250.58,Home,501.16,100.23,400.93,183.0,3.63,9.62
O507664,2025-09-24,C10387,P2056,1,0.1,12.18,29.13,Home,29.13,2.91,26.22,12.18,5.97,0.54
O507665,2025-12-12,C10018,P2059,2,0.1,74.58,192.13,Electronics,384.26,38.43,345.83,149.16,2.5,9.68
O507666,2025-12-01,C10456,P2074,1,0.15,60.53,130.38,Sports,130.38,19.56,110.82,60.53,5.03,3.08
O507667,2026-04-24,C10046,P2077,1,0.1,99.36,190.12,Apparel,190.12,19.01,171.11,99.36,5.12,4.05
O507668,2025-04-16,C10516,P2053,1,0.1,95.73,175.96,Electronics,175.96,17.6,158.36,95.73,6.25,4.33
O507669,2026-03-17,C10870,P2000,1,0.1,20.01,46.3,Beauty,46.3,4.63,41.67,20.01,6.93,1.29
O507670,2025-10-02,C10738,P2074,3,0.0,60.53,130.38,Sports,391.14,0.0,391.14,181.59,3.28,12.11
O507671,2026-01-13,C10571,P2076,1,0.25,94.33,153.36,Apparel,153.36,38.34,115.02,94.33,4.64,2.36
O507672,2025-05-05,C11103,P2045,1,0.2,54.87,109.92,Sports,109.92,21.98,87.94,54.87,4.55,2.28
O507673,2025-11-08,C11135,P2035,1,0.0,33.04,85.13,Beauty,85.13,0.0,85.13,33.04,3.14,1.84
O507674,2026-05-10,C11144,P2008,2,0.05,64.11,126.24,Beauty,252.48,12.62,239.86,128.22,3.58,5.67
O507675,2025-11-17,C10482,P2048,2,0.15,26.01,65.12,Home,130.24,19.54,110.7,52.02,3.98,3.2
O507676,2025-07-18,C10397,P2076,2,0.1,94.33,153.36,Apparel,306.72,30.67,276.05,188.66,4.66,6.53
O507677,2026-04-01,C11033,P2024,2,0.05,38.64,85.56,Electronics,171.12,8.56,162.56,77.28,2.58,4.72
O507678,2025-05-31,C10259,P2059,1,0.0,74.58,192.13,Electronics,192.13,0.0,192.13,74.58,6.67,5.08
O507679,2025-11-12,C10858,P2009,1,0.0,89.03,195.13,Home,195.13,0.0,195.13,89.03,6.08,5.78
O507680,2025-07-09,C10208,P2061,2,0.15,92.46,150.56,Sports,301.12,45.17,255.95,184.92,5.04,5.62
O507681,2025-12-11,C11037,P2001,2,0.05,67.86,159.31,Electronics,318.62,15.93,302.69,135.72,7.42,7.88
O507682,2025-05-29,C11109,P2003,1,0.1,103.86,246.21,Sports,246.21,24.62,221.59,103.86,4.63,6.05
O507683,2025-02-23,C10970,P2013,3,0.05,14.91,32.18,Beauty,96.54,4.83,91.71,44.73,2.88,2.53
O507684,2026-03-26,C10538,P2051,1,0.1,21.09,56.25,Home,56.25,5.62,50.62,21.09,7.11,1.32
O507685,2025-05-17,C10946,P2010,2,0.1,105.58,212.84,Electronics,425.68,42.57,383.11,211.16,3.48,7.11
O507686,2025-08-12,C10029,P2035,2,0.0,33.04,85.13,Beauty,170.26,0.0,170.26,66.08,6.07,3.33
O507687,2026-03-23,C10538,P2027,2,0.1,39.51,103.84,Electronics,207.68,20.77,186.91,79.02,4.85,3.71
O507688,2026-04-04,C10244,P2009,2,0.15,89.03,195.13,Home,390.26,58.54,331.72,178.06,4.74,8.12
O507689,2026-06-29,C11132,P2055,1,0.2,14.94,29.55,Sports,29.55,5.91,23.64,14.94,3.15,0.66
O507690,2025-05-04,C10893,P2022,1,0.0,39.69,79.46,Beauty,79.46,0.0,79.46,39.69,3.1,2.0
O507691,2026-04-11,C10866,P2049,1,0.2,75.64,173.14,Apparel,173.14,34.63,138.51,75.64,3.81,3.84
O507692,2025-02-26,C10488,P2047,3,0.2,23.95,36.37,Sports,109.11,21.82,87.29,71.85,5.94,2.68
O507693,2025-07-12,C10572,P2070,2,0.0,80.41,185.88,Sports,371.76,0.0,371.76,160.82,5.61,10.43
O507694,2026-03-28,C10732,P2045,2,0.1,54.87,109.92,Sports,219.84,21.98,197.86,109.74,6.01,5.37
O507695,2025-01-16,C10923,P2065,1,0.1,74.22,160.54,Electronics,160.54,16.05,144.49,74.22,4.54,3.12
O507696,2025-02-05,C11075,P2001,1,0.1,67.86,159.31,Electronics,159.31,15.93,143.38,67.86,5.64,2.7
O507697,2025-02-08,C10109,P2073,3,0.15,103.53,278.8,Apparel,836.4,125.46,710.94,310.59,5.35,18.56
O507698,2025-01-18,C10758,P2056,2,0.0,12.18,29.13,Home,58.26,0.0,58.26,24.36,6.53,1.46
O507699,2026-05-09,C10692,P2010,1,0.05,105.58,212.84,Electronics,212.84,10.64,202.2,105.58,8.01,4.82
O507700,2025-11-02,C10239,P2072,2,0.1,85.85,152.66,Sports,305.32,30.53,274.79,171.7,2.5,5.0
O507701,2026-05-20,C10043,P2016,1,0.05,23.99,66.65,Electronics,66.65,3.33,63.32,23.99,6.59,1.87
O507702,2025-07-25,C10827,P2067,1,0.05,89.48,177.38,Sports,177.38,8.87,168.51,89.48,8.88,4.19
O507703,2026-06-29,C10358,P2061,2,0.15,92.46,150.56,Sports,301.12,45.17,255.95,184.92,5.65,6.73
O507704,2025-05-21,C10200,P2048,2,0.1,26.01,65.12,Home,130.24,13.02,117.22,52.02,3.44,2.42
O507705,2026-03-16,C10894,P2034,1,0.2,84.74,206.91,Electronics,206.91,41.38,165.53,84.74,3.74,5.15
O507706,2025-12-04,C10303,P2037,2,0.0,19.43,42.14,Home,84.28,0.0,84.28,38.86,5.59,2.11
O507707,2026-06-10,C10230,P2007,1,0.05,81.19,138.2,Apparel,138.2,6.91,131.29,81.19,3.22,3.49
O507708,2026-04-04,C11063,P2032,2,0.0,83.59,176.17,Apparel,352.34,0.0,352.34,167.18,4.21,10.33
O507709,2025-10-02,C11094,P2063,3,0.0,107.79,241.07,Sports,723.21,0.0,723.21,323.37,5.21,22.53
O507710,2025-05-08,C11058,P2075,1,0.1,49.49,125.61,Electronics,125.61,12.56,113.05,49.49,7.61,2.51
O507711,2025-01-30,C10272,P2029,1,0.25,30.95,55.54,Apparel,55.54,13.88,41.66,30.95,3.1,1.22
O507712,2026-02-15,C10607,P2047,2,0.15,23.95,36.37,Sports,72.74,10.91,61.83,47.9,4.73,1.27
O507713,2025-04-28,C11096,P2050,3,0.1,47.62,83.27,Beauty,249.81,24.98,224.83,142.86,7.6,4.78
O507714,2026-02-09,C10466,P2035,2,0.0,33.04,85.13,Beauty,170.26,0.0,170.26,66.08,7.06,5.38
O507715,2025-06-28,C11063,P2006,2,0.15,90.83,200.16,Electronics,400.32,60.05,340.27,181.66,4.06,8.06
O507716,2025-07-27,C11006,P2070,2,0.0,80.41,185.88,Sports,371.76,0.0,371.76,160.82,4.92,11.32
O507717,2025-02-12,C10878,P2035,1,0.1,33.04,85.13,Beauty,85.13,8.51,76.62,33.04,3.46,1.68
O507718,2025-12-27,C10572,P2042,1,0.1,21.36,43.17,Sports,43.17,4.32,38.85,21.36,4.5,0.98
O507719,2026-04-27,C10858,P2065,2,0.05,74.22,160.54,Electronics,321.08,16.05,305.03,148.44,4.97,5.62
O507720,2025-05-14,C10572,P2039,1,0.05,88.55,225.55,Beauty,225.55,11.28,214.27,88.55,5.36,4.14
O507721,2025-09-24,C11151,P2039,3,0.05,88.55,225.55,Beauty,676.65,33.83,642.82,265.65,2.5,16.69
O507722,2026-03-30,C10797,P2069,2,0.1,90.63,175.87,Apparel,351.74,35.17,316.57,181.26,4.77,7.08
O507723,2026-04-19,C10320,P2025,1,0.1,59.62,149.3,Electronics,149.3,14.93,134.37,59.62,4.39,3.11
O507724,2025-06-18,C11131,P2004,1,0.15,82.13,229.05,Sports,229.05,34.36,194.69,82.13,7.33,5.79
O507725,2025-06-15,C10997,P2015,1,0.2,32.67,56.68,Home,56.68,11.34,45.34,32.67,4.29,1.2
O507726,2025-11-05,C10626,P2065,2,0.0,74.22,160.54,Electronics,321.08,0.0,321.08,148.44,6.15,8.63
O507727,2026-01-07,C11103,P2042,2,0.1,21.36,43.17,Sports,86.34,8.63,77.71,42.72,2.92,1.53
O507728,2025-02-19,C11057,P2055,1,0.2,14.94,29.55,Sports,29.55,5.91,23.64,14.94,4.13,0.7
O507729,2025-05-09,C11055,P2062,3,0.15,69.71,151.88,Beauty,455.64,68.35,387.29,209.13,3.68,7.99
O507730,2025-02-01,C10447,P2050,3,0.25,47.62,83.27,Beauty,249.81,62.45,187.36,142.86,6.09,5.75
O507731,2025-02-15,C10766,P2073,2,0.05,103.53,278.8,Apparel,557.6,27.88,529.72,207.06,7.29,10.88
O507732,2025-12-28,C10074,P2053,1,0.1,95.73,175.96,Electronics,175.96,17.6,158.36,95.73,5.23,4.35
O507733,2025-06-19,C10474,P2068,1,0.25,54.46,128.05,Home,128.05,32.01,96.04,54.46,5.9,2.1
O507734,2025-01-15,C10430,P2052,1,0.05,85.13,212.17,Beauty,212.17,10.61,201.56,85.13,4.17,4.7
O507735,2025-04-30,C10730,P2055,1,0.2,14.94,29.55,Sports,29.55,5.91,23.64,14.94,4.65,0.53
O507736,2025-02-14,C11157,P2077,3,0.05,99.36,190.12,Apparel,570.36,28.52,541.84,298.08,5.24,12.89
O507737,2025-02-12,C10636,P2074,3,0.05,60.53,130.38,Sports,391.14,19.56,371.58,181.59,6.49,6.93
O507738,2025-03-20,C10944,P2039,2,0.1,88.55,225.55,Beauty,451.1,45.11,405.99,177.1,7.58,7.65
O507739,2025-03-21,C10887,P2027,1,0.1,39.51,103.84,Electronics,103.84,10.38,93.46,39.51,5.06,1.75
O507740,2025-01-22,C10825,P2056,2,0.15,12.18,29.13,Home,58.26,8.74,49.52,24.36,4.97,0.9
O507741,2025-05-25,C10899,P2027,1,0.2,39.51,103.84,Electronics,103.84,20.77,83.07,39.51,6.03,2.3
O507742,2025-04-20,C10116,P2004,3,0.15,82.13,229.05,Sports,687.15,103.07,584.08,246.39,6.2,17.53
O507743,2025-06-20,C10229,P2054,2,0.1,19.42,50.24,Beauty,100.48,10.05,90.43,38.84,5.0,2.55
O507744,2026-01-06,C10433,P2020,1,0.15,96.28,147.84,Home,147.84,22.18,125.66,96.28,3.28,3.26
O507745,2025-10-22,C10884,P2070,1,0.1,80.41,185.88,Sports,185.88,18.59,167.29,80.41,4.86,4.53
O507746,2026-05-19,C10038,P2007,3,0.0,81.19,138.2,Apparel,414.6,0.0,414.6,243.57,2.5,11.89
O507747,2026-05-15,C11144,P2046,1,0.1,41.9,79.58,Sports,79.58,7.96,71.62,41.9,4.23,1.67
O507748,2025-06-19,C10121,P2003,3,0.1,103.86,246.21,Sports,738.63,73.86,664.77,311.58,6.15,17.02
O507749,2026-06-01,C10225,P2043,1,0.15,34.43,56.92,Electronics,56.92,8.54,48.38,34.43,4.82,1.21
O507750,2025-08-13,C10843,P2002,2,0.25,36.16,61.12,Beauty,122.24,30.56,91.68,72.32,4.26,2.74
O507751,2025-01-17,C10888,P2022,1,0.0,39.69,79.46,Beauty,79.46,0.0,79.46,39.69,5.99,2.18
O507752,2025-07-19,C11114,P2050,2,0.05,47.62,83.27,Beauty,166.54,8.33,158.21,95.24,3.12,5.02
O507753,2025-09-17,C10466,P2018,1,0.0,23.1,60.58,Apparel,60.58,0.0,60.58,23.1,5.25,1.91
O507754,2025-03-05,C10773,P2002,2,0.05,36.16,61.12,Beauty,122.24,6.11,116.13,72.32,3.96,3.67
O507755,2025-12-09,C10488,P2019,2,0.1,28.46,61.03,Sports,122.06,12.21,109.85,56.92,3.54,2.93
O507756,2025-07-08,C10181,P2025,2,0.0,59.62,149.3,Electronics,298.6,0.0,298.6,119.24,6.52,7.71
O507757,2025-07-20,C10009,P2068,1,0.05,54.46,128.05,Home,128.05,6.4,121.65,54.46,5.29,3.23
O507758,2026-03-21,C10148,P2025,1,0.1,59.62,149.3,Electronics,149.3,14.93,134.37,59.62,6.87,3.28
O507759,2025-12-30,C10525,P2031,2,0.05,54.53,117.07,Sports,234.14,11.71,222.43,109.06,6.34,5.33
O507760,2025-03-27,C10028,P2009,1,0.05,89.03,195.13,Home,195.13,9.76,185.37,89.03,4.43,5.88
O507761,2025-05-30,C10160,P2032,1,0.05,83.59,176.17,Apparel,176.17,8.81,167.36,83.59,5.7,4.09
O507762,2025-01-02,C10894,P2007,1,0.0,81.19,138.2,Apparel,138.2,0.0,138.2,81.19,4.49,2.49
O507763,2026-05-06,C10951,P2015,2,0.15,32.67,56.68,Home,113.36,17.0,96.36,65.34,6.81,1.84
O507764,2025-05-13,C10642,P2069,2,0.1,90.63,175.87,Apparel,351.74,35.17,316.57,181.26,8.63,7.31
O507765,2026-03-04,C10627,P2075,1,0.1,49.49,125.61,Electronics,125.61,12.56,113.05,49.49,5.96,3.54
O507766,2026-05-23,C10709,P2051,2,0.0,21.09,56.25,Home,112.5,0.0,112.5,42.18,6.88,2.54
O507767,2025-04-01,C10102,P2058,3,0.0,56.31,124.87,Electronics,374.61,0.0,374.61,168.93,5.29,8.34
O507768,2025-05-24,C10796,P2035,2,0.15,33.04,85.13,Beauty,170.26,25.54,144.72,66.08,3.56,4.04
O507769,2026-05-11,C10218,P2038,1,0.15,61.98,100.85,Sports,100.85,15.13,85.72,61.98,3.1,2.02
O507770,2025-04-04,C10006,P2031,1,0.05,54.53,117.07,Sports,117.07,5.85,111.22,54.53,3.43,3.24
O507771,2026-01-24,C10732,P2018,1,0.0,23.1,60.58,Apparel,60.58,0.0,60.58,23.1,4.54,1.2
O507772,2026-02-08,C11003,P2075,1,0.15,49.49,125.61,Electronics,125.61,18.84,106.77,49.49,8.09,2.85
O507773,2026-03-11,C10801,P2030,2,0.0,81.44,160.67,Electronics,321.34,0.0,321.34,162.88,3.81,5.82
O507774,2026-01-12,C11083,P2052,2,0.0,85.13,212.17,Beauty,424.34,0.0,424.34,170.26,6.0,8.25
O507775,2026-01-01,C11106,P2012,2,0.15,91.5,250.58,Home,501.16,75.17,425.99,183.0,4.78,7.76
O507776,2025-01-30,C10485,P2049,3,0.0,75.64,173.14,Apparel,519.42,0.0,519.42,226.92,4.87,15.57
O507777,2026-03-31,C10020,P2043,1,0.05,34.43,56.92,Electronics,56.92,2.85,54.07,34.43,5.05,1.42
O507778,2025-01-08,C10576,P2002,1,0.1,36.16,61.12,Beauty,61.12,6.11,55.01,36.16,5.63,1.24
O507779,2026-02-01,C10115,P2017,3,0.1,42.64,69.06,Apparel,207.18,20.72,186.46,127.92,3.59,3.74
O507780,2025-08-03,C10317,P2029,1,0.1,30.95,55.54,Apparel,55.54,5.55,49.99,30.95,8.76,1.17
O507781,2025-03-28,C10431,P2035,3,0.0,33.04,85.13,Beauty,255.39,0.0,255.39,99.12,6.47,6.55
O507782,2025-10-19,C10111,P2022,1,0.1,39.69,79.46,Beauty,79.46,7.95,71.51,39.69,4.15,1.69
O507783,2026-03-04,C10306,P2076,1,0.0,94.33,153.36,Apparel,153.36,0.0,153.36,94.33,5.23,3.88
O507784,2026-04-05,C10235,P2013,1,0.15,14.91,32.18,Beauty,32.18,4.83,27.35,14.91,6.02,0.85
O507785,2025-08-03,C10509,P2075,3,0.15,49.49,125.61,Electronics,376.83,56.52,320.31,148.47,5.08,7.48
O507786,2026-01-12,C10830,P2009,1,0.25,89.03,195.13,Home,195.13,48.78,146.35,89.03,6.18,4.53
O507787,2025-01-19,C10562,P2051,3,0.0,21.09,56.25,Home,168.75,0.0,168.75,63.27,2.93,3.6
O507788,2025-02-10,C10167,P2021,1,0.2,75.19,147.18,Electronics,147.18,29.44,117.74,75.19,6.56,3.29
O507789,2026-04-01,C10682,P2009,3,0.1,89.03,195.13,Home,585.39,58.54,526.85,267.09,4.62,13.89
O507790,2025-05-01,C11100,P2057,3,0.2,24.55,53.8,Beauty,161.4,32.28,129.12,73.65,3.66,4.06
O507791,2025-07-05,C10542,P2022,3,0.05,39.69,79.46,Beauty,238.38,11.92,226.46,119.07,5.61,5.33
O507792,2025-09-12,C10460,P2046,2,0.1,41.9,79.58,Sports,159.16,15.92,143.24,83.8,5.4,4.38
O507793,2025-03-19,C10178,P2008,2,0.0,64.11,126.24,Beauty,252.48,0.0,252.48,128.22,7.96,7.99
O507794,2026-06-07,C10627,P2072,2,0.15,85.85,152.66,Sports,305.32,45.8,259.52,171.7,4.9,7.66
O507795,2025-08-28,C10013,P2079,1,0.15,76.11,150.73,Apparel,150.73,22.61,128.12,76.11,5.51,2.54
O507796,2025-06-02,C11074,P2064,1,0.15,92.82,194.3,Sports,194.3,29.14,165.16,92.82,7.71,3.0
O507797,2025-09-01,C10064,P2048,1,0.15,26.01,65.12,Home,65.12,9.77,55.35,26.01,2.88,1.44
O507798,2026-05-31,C10827,P2001,1,0.0,67.86,159.31,Electronics,159.31,0.0,159.31,67.86,5.85,4.05
O507799,2025-02-25,C10244,P2032,1,0.0,83.59,176.17,Apparel,176.17,0.0,176.17,83.59,6.96,5.29
O507800,2025-10-27,C11063,P2018,2,0.2,23.1,60.58,Apparel,121.16,24.23,96.93,46.2,4.34,2.45
O507801,2025-07-28,C10353,P2001,3,0.05,67.86,159.31,Electronics,477.93,23.9,454.03,203.58,7.0,12.41
O507802,2026-05-21,C10813,P2008,2,0.2,64.11,126.24,Beauty,252.48,50.5,201.98,128.22,3.25,6.38
O507803,2025-03-19,C10512,P2074,3,0.05,60.53,130.38,Sports,391.14,19.56,371.58,181.59,5.55,6.95
O507804,2025-05-03,C10043,P2078,1,0.05,80.99,151.9,Beauty,151.9,7.6,144.3,80.99,5.04,3.67
O507805,2025-09-25,C10472,P2005,2,0.15,21.42,39.38,Sports,78.76,11.81,66.95,42.84,4.71,1.36
O507806,2025-12-31,C10250,P2069,1,0.0,90.63,175.87,Apparel,175.87,0.0,175.87,90.63,4.54,3.96
O507807,2026-05-13,C10653,P2077,2,0.2,99.36,190.12,Apparel,380.24,76.05,304.19,198.72,3.6,9.44
O507808,2025-09-10,C10858,P2037,1,0.1,19.43,42.14,Home,42.14,4.21,37.93,19.43,4.68,1.17
O507809,2025-03-15,C10716,P2004,1,0.0,82.13,229.05,Sports,229.05,0.0,229.05,82.13,5.76,6.29
O507810,2025-10-17,C10324,P2016,3,0.1,23.99,66.65,Electronics,199.95,20.0,179.96,71.97,5.37,4.73
O507811,2026-02-04,C10189,P2041,2,0.1,53.15,104.66,Apparel,209.32,20.93,188.39,106.3,4.4,3.62
O507812,2025-04-06,C11099,P2052,2,0.15,85.13,212.17,Beauty,424.34,63.65,360.69,170.26,3.35,6.66
O507813,2026-02-28,C10993,P2049,3,0.05,75.64,173.14,Apparel,519.42,25.97,493.45,226.92,5.03,11.01
O507814,2026-03-18,C10571,P2001,1,0.0,67.86,159.31,Electronics,159.31,0.0,159.31,67.86,4.62,3.98
O507815,2025-05-19,C10978,P2074,2,0.1,60.53,130.38,Sports,260.76,26.08,234.68,121.06,4.64,5.28
O507816,2025-01-17,C10111,P2059,1,0.05,74.58,192.13,Electronics,192.13,9.61,182.52,74.58,5.53,5.67
O507817,2025-01-30,C10664,P2077,2,0.15,99.36,190.12,Apparel,380.24,57.04,323.2,198.72,4.14,8.49
O507818,2026-05-14,C10376,P2052,2,0.0,85.13,212.17,Beauty,424.34,0.0,424.34,170.26,5.74,11.8
O507819,2025-09-06,C10377,P2032,2,0.05,83.59,176.17,Apparel,352.34,17.62,334.72,167.18,2.53,6.43
O507820,2025-01-31,C10057,P2070,2,0.0,80.41,185.88,Sports,371.76,0.0,371.76,160.82,5.32,9.48
O507821,2026-03-08,C10206,P2073,3,0.05,103.53,278.8,Apparel,836.4,41.82,794.58,310.59,4.47,21.16
O507822,2025-12-19,C10560,P2049,2,0.2,75.64,173.14,Apparel,346.28,69.26,277.02,151.28,5.39,5.57
O507823,2025-05-07,C10977,P2064,1,0.15,92.82,194.3,Sports,194.3,29.14,165.16,92.82,4.81,3.35
O507824,2025-06-17,C10614,P2069,3,0.2,90.63,175.87,Apparel,527.61,105.52,422.09,271.89,3.24,12.19
O507825,2026-05-27,C10118,P2059,2,0.15,74.58,192.13,Electronics,384.26,57.64,326.62,149.16,5.79,8.99
O507826,2025-05-20,C10227,P2005,2,0.15,21.42,39.38,Sports,78.76,11.81,66.95,42.84,4.55,1.97
O507827,2025-01-09,C10493,P2016,1,0.15,23.99,66.65,Electronics,66.65,10.0,56.65,23.99,5.63,1.77
O507828,2025-12-09,C10913,P2002,1,0.0,36.16,61.12,Beauty,61.12,0.0,61.12,36.16,3.47,1.41
O507829,2025-10-10,C10618,P2074,1,0.0,60.53,130.38,Sports,130.38,0.0,130.38,60.53,4.72,3.44
O507830,2025-07-29,C11075,P2072,2,0.0,85.85,152.66,Sports,305.32,0.0,305.32,171.7,6.31,9.71
O507831,2025-09-12,C10848,P2003,2,0.0,103.86,246.21,Sports,492.42,0.0,492.42,207.72,4.6,14.28
O507832,2026-02-27,C10276,P2051,1,0.0,21.09,56.25,Home,56.25,0.0,56.25,21.09,4.74,1.76
O507833,2025-05-27,C11017,P2063,2,0.0,107.79,241.07,Sports,482.14,0.0,482.14,215.58,4.09,14.88
O507834,2025-11-29,C10220,P2031,1,0.1,54.53,117.07,Sports,117.07,11.71,105.36,54.53,5.11,3.05
O507835,2026-03-02,C10376,P2055,3,0.0,14.94,29.55,Sports,88.65,0.0,88.65,44.82,5.11,2.46
O507836,2025-11-11,C10688,P2077,2,0.15,99.36,190.12,Apparel,380.24,57.04,323.2,198.72,2.5,6.92
O507837,2026-01-02,C10797,P2021,1,0.1,75.19,147.18,Electronics,147.18,14.72,132.46,75.19,6.4,3.81
O507838,2025-11-11,C11087,P2074,1,0.2,60.53,130.38,Sports,130.38,26.08,104.3,60.53,5.86,2.92
O507839,2025-12-19,C10524,P2008,1,0.2,64.11,126.24,Beauty,126.24,25.25,100.99,64.11,2.71,2.38
O507840,2026-06-30,C10225,P2057,2,0.2,24.55,53.8,Beauty,107.6,21.52,86.08,49.1,6.2,1.91
O507841,2026-04-11,C10635,P2036,1,0.15,79.57,186.92,Apparel,186.92,28.04,158.88,79.57,7.45,3.58
O507842,2026-02-09,C11074,P2063,2,0.1,107.79,241.07,Sports,482.14,48.21,433.93,215.58,4.9,12.78
O507843,2026-03-15,C10408,P2041,1,0.15,53.15,104.66,Apparel,104.66,15.7,88.96,53.15,6.47,2.17
O507844,2025-12-11,C10589,P2032,1,0.25,83.59,176.17,Apparel,176.17,44.04,132.13,83.59,3.58,4.15
O507845,2025-05-19,C10420,P2008,2,0.2,64.11,126.24,Beauty,252.48,50.5,201.98,128.22,6.02,5.45
O507846,2025-04-17,C10002,P2043,2,0.0,34.43,56.92,Electronics,113.84,0.0,113.84,68.86,5.13,2.22
O507847,2025-02-27,C10461,P2060,1,0.0,91.93,225.41,Sports,225.41,0.0,225.41,91.93,6.67,5.8
O507848,2025-06-14,C10403,P2026,1,0.1,25.88,63.53,Beauty,63.53,6.35,57.18,25.88,4.97,1.52
O507849,2025-07-17,C10851,P2005,2,0.2,21.42,39.38,Sports,78.76,15.75,63.01,42.84,5.72,1.71
O507850,2025-04-23,C10044,P2059,1,0.15,74.58,192.13,Electronics,192.13,28.82,163.31,74.58,6.23,3.81
O507851,2026-02-02,C10190,P2017,1,0.0,42.64,69.06,Apparel,69.06,0.0,69.06,42.64,4.78,1.72
O507852,2025-01-15,C10403,P2004,2,0.0,82.13,229.05,Sports,458.1,0.0,458.1,164.26,3.03,11.96
O507853,2026-04-04,C10002,P2050,1,0.0,47.62,83.27,Beauty,83.27,0.0,83.27,47.62,3.37,1.75
O507854,2025-05-11,C10659,P2067,1,0.1,89.48,177.38,Sports,177.38,17.74,159.64,89.48,6.2,3.95
O507855,2025-09-21,C10045,P2037,3,0.1,19.43,42.14,Home,126.42,12.64,113.78,58.29,4.67,2.12
O507856,2025-07-26,C10133,P2003,1,0.25,103.86,246.21,Sports,246.21,61.55,184.66,103.86,3.85,3.39
O507857,2026-01-09,C10623,P2041,3,0.25,53.15,104.66,Apparel,313.98,78.5,235.48,159.45,5.11,7.13
O507858,2025-04-24,C10524,P2036,1,0.2,79.57,186.92,Apparel,186.92,37.38,149.54,79.57,5.91,3.49
O507859,2025-03-16,C10130,P2072,2,0.05,85.85,152.66,Sports,305.32,15.27,290.05,171.7,5.8,7.06
O507860,2026-01-24,C10804,P2035,3,0.1,33.04,85.13,Beauty,255.39,25.54,229.85,99.12,6.52,6.66
O507861,2026-05-19,C10875,P2010,1,0.15,105.58,212.84,Electronics,212.84,31.93,180.91,105.58,4.74,4.97
O507862,2025-10-11,C10326,P2015,3,0.05,32.67,56.68,Home,170.04,8.5,161.54,98.01,3.86,4.48
O507863,2025-08-08,C10424,P2020,1,0.1,96.28,147.84,Home,147.84,14.78,133.06,96.28,6.96,4.2
O507864,2025-12-21,C10847,P2030,3,0.1,81.44,160.67,Electronics,482.01,48.2,433.81,244.32,3.59,11.25
O507865,2025-09-17,C10772,P2067,1,0.0,89.48,177.38,Sports,177.38,0.0,177.38,89.48,4.11,3.8
O507866,2025-04-11,C10428,P2033,2,0.0,102.58,280.83,Apparel,561.66,0.0,561.66,205.16,4.01,17.53
O507867,2025-04-14,C10118,P2068,3,0.1,54.46,128.05,Home,384.15,38.42,345.74,163.38,6.99,10.45
O507868,2025-04-11,C10538,P2024,2,0.1,38.64,85.56,Electronics,171.12,17.11,154.01,77.28,4.81,2.9
O507869,2026-02-15,C10428,P2029,2,0.1,30.95,55.54,Apparel,111.08,11.11,99.97,61.9,4.73,2.63
O507870,2025-06-24,C10813,P2018,1,0.2,23.1,60.58,Apparel,60.58,12.12,48.46,23.1,3.12,1.28
O507871,2025-06-11,C10657,P2058,2,0.15,56.31,124.87,Electronics,249.74,37.46,212.28,112.62,6.05,6.24
O507872,2025-12-02,C10734,P2007,3,0.0,81.19,138.2,Apparel,414.6,0.0,414.6,243.57,3.36,8.04
O507873,2025-01-14,C10187,P2047,3,0.15,23.95,36.37,Sports,109.11,16.37,92.74,71.85,3.23,2.18
O507874,2025-05-21,C10362,P2017,2,0.05,42.64,69.06,Apparel,138.12,6.91,131.21,85.28,6.29,3.76
O507875,2025-03-24,C11154,P2005,1,0.2,21.42,39.38,Sports,39.38,7.88,31.5,21.42,5.07,0.72
O507876,2025-02-22,C10389,P2061,1,0.0,92.46,150.56,Sports,150.56,0.0,150.56,92.46,4.71,4.44
O507877,2025-07-25,C10499,P2059,1,0.0,74.58,192.13,Electronics,192.13,0.0,192.13,74.58,7.75,3.81
O507878,2026-05-21,C10209,P2060,1,0.15,91.93,225.41,Sports,225.41,33.81,191.6,91.93,6.2,6.02
O507879,2025-08-25,C10455,P2020,1,0.15,96.28,147.84,Home,147.84,22.18,125.66,96.28,5.76,3.36
O507880,2025-03-25,C10365,P2068,2,0.1,54.46,128.05,Home,256.1,25.61,230.49,108.92,5.9,6.6
O507881,2026-01-17,C11100,P2064,1,0.05,92.82,194.3,Sports,194.3,9.72,184.58,92.82,6.32,3.83
O507882,2025-08-23,C11114,P2058,1,0.05,56.31,124.87,Electronics,124.87,6.24,118.63,56.31,4.1,3.14
O507883,2026-03-24,C10523,P2050,2,0.15,47.62,83.27,Beauty,166.54,24.98,141.56,95.24,4.57,4.07
O507884,2025-02-22,C10342,P2012,2,0.05,91.5,250.58,Home,501.16,25.06,476.1,183.0,2.5,15.22
O507885,2025-09-15,C10592,P2067,2,0.1,89.48,177.38,Sports,354.76,35.48,319.28,178.96,4.94,9.71
O507886,2025-12-03,C10328,P2041,2,0.1,53.15,104.66,Apparel,209.32,20.93,188.39,106.3,5.97,3.59
O507887,2026-06-07,C10694,P2069,1,0.0,90.63,175.87,Apparel,175.87,0.0,175.87,90.63,7.24,4.4
O507888,2025-02-07,C10367,P2045,1,0.05,54.87,109.92,Sports,109.92,5.5,104.42,54.87,5.98,2.98
O507889,2026-06-03,C10916,P2067,3,0.0,89.48,177.38,Sports,532.14,0.0,532.14,268.44,4.16,15.98
O507890,2025-11-10,C10772,P2010,1,0.0,105.58,212.84,Electronics,212.84,0.0,212.84,105.58,5.76,4.82
O507891,2026-04-20,C10399,P2005,2,0.05,21.42,39.38,Sports,78.76,3.94,74.82,42.84,5.59,2.2
O507892,2025-01-01,C10348,P2077,3,0.1,99.36,190.12,Apparel,570.36,57.04,513.32,298.08,4.42,11.3
O507893,2026-04-26,C10265,P2053,2,0.15,95.73,175.96,Electronics,351.92,52.79,299.13,191.46,5.81,5.57
O507894,2025-07-18,C10797,P2064,2,0.15,92.82,194.3,Sports,388.6,58.29,330.31,185.64,7.57,6.65
O507895,2025-03-28,C10583,P2003,2,0.0,103.86,246.21,Sports,492.42,0.0,492.42,207.72,5.14,14.02
O507896,2025-01-23,C11161,P2030,1,0.2,81.44,160.67,Electronics,160.67,32.13,128.54,81.44,4.37,3.01
O507897,2025-06-05,C10715,P2063,2,0.1,107.79,241.07,Sports,482.14,48.21,433.93,215.58,4.71,13.48
O507898,2026-06-28,C10445,P2043,2,0.1,34.43,56.92,Electronics,113.84,11.38,102.46,68.86,4.54,2.86
O507899,2025-10-12,C10584,P2025,3,0.0,59.62,149.3,Electronics,447.9,0.0,447.9,178.86,2.5,9.07
O507900,2025-03-01,C11192,P2010,2,0.1,105.58,212.84,Electronics,425.68,42.57,383.11,211.16,4.39,11.9
O507901,2025-08-18,C10203,P2046,1,0.2,41.9,79.58,Sports,79.58,15.92,63.66,41.9,6.88,1.32
O507902,2025-01-06,C10005,P2039,1,0.05,88.55,225.55,Beauty,225.55,11.28,214.27,88.55,2.73,4.53
O507903,2025-07-31,C10326,P2035,2,0.0,33.04,85.13,Beauty,170.26,0.0,170.26,66.08,4.77,4.68
O507904,2025-09-27,C10670,P2061,1,0.0,92.46,150.56,Sports,150.56,0.0,150.56,92.46,6.53,3.45
O507905,2025-08-12,C10521,P2056,2,0.25,12.18,29.13,Home,58.26,14.56,43.7,24.36,6.98,0.94
O507906,2025-10-10,C10734,P2055,1,0.2,14.94,29.55,Sports,29.55,5.91,23.64,14.94,2.8,0.63
O507907,2026-06-04,C10274,P2049,2,0.05,75.64,173.14,Apparel,346.28,17.31,328.97,151.28,2.76,6.69
O507908,2026-03-04,C10664,P2045,3,0.0,54.87,109.92,Sports,329.76,0.0,329.76,164.61,4.24,7.34
O507909,2025-10-15,C11109,P2013,2,0.0,14.91,32.18,Beauty,64.36,0.0,64.36,29.82,5.62,1.45
O507910,2025-05-20,C11003,P2040,1,0.05,46.24,112.16,Electronics,112.16,5.61,106.55,46.24,3.62,3.24
O507911,2026-05-17,C10564,P2015,1,0.0,32.67,56.68,Home,56.68,0.0,56.68,32.67,6.36,1.4
O507912,2025-11-10,C10279,P2042,3,0.0,21.36,43.17,Sports,129.51,0.0,129.51,64.08,2.96,3.09
O507913,2025-05-02,C11143,P2028,3,0.0,49.21,76.08,Beauty,228.24,0.0,228.24,147.63,8.13,7.08
O507914,2025-02-02,C10824,P2069,3,0.0,90.63,175.87,Apparel,527.61,0.0,527.61,271.89,6.29,10.35
O507915,2026-01-07,C10413,P2036,3,0.15,79.57,186.92,Apparel,560.76,84.11,476.65,238.71,6.06,11.2
O507916,2025-05-19,C10617,P2021,2,0.15,75.19,147.18,Electronics,294.36,44.15,250.21,150.38,2.5,5.66
O507917,2026-01-26,C10207,P2005,1,0.1,21.42,39.38,Sports,39.38,3.94,35.44,21.42,6.7,1.01
O507918,2025-02-20,C10027,P2006,2,0.0,90.83,200.16,Electronics,400.32,0.0,400.32,181.66,4.77,9.31
O507919,2026-03-23,C10298,P2006,2,0.0,90.83,200.16,Electronics,400.32,0.0,400.32,181.66,5.8,11.02
O507920,2026-06-12,C10345,P2037,1,0.05,19.43,42.14,Home,42.14,2.11,40.03,19.43,4.93,1.02
O507921,2025-06-21,C10127,P2055,2,0.15,14.94,29.55,Sports,59.1,8.86,50.24,29.88,8.79,1.35
O507922,2025-08-19,C10080,P2016,1,0.2,23.99,66.65,Electronics,66.65,13.33,53.32,23.99,4.77,1.1
O507923,2025-06-01,C10979,P2066,1,0.0,21.23,45.94,Beauty,45.94,0.0,45.94,21.23,7.23,1.08
O507924,2026-03-25,C10012,P2076,1,0.05,94.33,153.36,Apparel,153.36,7.67,145.69,94.33,4.67,3.38
O507925,2025-03-13,C10302,P2046,2,0.15,41.9,79.58,Sports,159.16,23.87,135.29,83.8,4.11,2.85
O507926,2025-01-24,C10726,P2047,2,0.15,23.95,36.37,Sports,72.74,10.91,61.83,47.9,3.28,1.14
O507927,2026-02-16,C10922,P2014,1,0.05,105.6,279.48,Beauty,279.48,13.97,265.51,105.6,6.26,7.31
O507928,2025-06-30,C10579,P2016,2,0.0,23.99,66.65,Electronics,133.3,0.0,133.3,47.98,6.06,3.18
O507929,2026-02-03,C10748,P2028,1,0.0,49.21,76.08,Beauty,76.08,0.0,76.08,49.21,8.46,1.74
O507930,2025-03-02,C10026,P2014,2,0.2,105.6,279.48,Beauty,558.96,111.79,447.17,211.2,3.92,8.87
O507931,2026-02-20,C11189,P2051,2,0.0,21.09,56.25,Home,112.5,0.0,112.5,42.18,5.18,2.22
O507932,2025-11-27,C10242,P2075,3,0.1,49.49,125.61,Electronics,376.83,37.68,339.15,148.47,8.17,7.57
O507933,2025-08-07,C11099,P2052,1,0.15,85.13,212.17,Beauty,212.17,31.83,180.34,85.13,3.12,5.76
O507934,2025-11-11,C11125,P2052,1,0.1,85.13,212.17,Beauty,212.17,21.22,190.95,85.13,4.79,5.82
O507935,2026-01-19,C10131,P2070,2,0.0,80.41,185.88,Sports,371.76,0.0,371.76,160.82,5.67,8.92
O507936,2026-06-30,C10536,P2001,3,0.05,67.86,159.31,Electronics,477.93,23.9,454.03,203.58,4.77,13.66
O507937,2026-03-25,C11077,P2066,1,0.1,21.23,45.94,Beauty,45.94,4.59,41.35,21.23,6.68,0.98
O507938,2026-05-05,C10375,P2014,3,0.05,105.6,279.48,Beauty,838.44,41.92,796.52,316.8,6.21,17.5
O507939,2026-04-03,C10522,P2076,2,0.0,94.33,153.36,Apparel,306.72,0.0,306.72,188.66,5.68,7.02
O507940,2025-12-24,C10530,P2058,1,0.05,56.31,124.87,Electronics,124.87,6.24,118.63,56.31,6.18,3.05
O507941,2025-07-23,C10161,P2059,2,0.15,74.58,192.13,Electronics,384.26,57.64,326.62,149.16,4.8,8.22
O507942,2026-02-26,C10343,P2049,1,0.15,75.64,173.14,Apparel,173.14,25.97,147.17,75.64,4.26,2.86
O507943,2025-10-19,C10494,P2000,2,0.1,20.01,46.3,Beauty,92.6,9.26,83.34,40.02,5.89,2.32
O507944,2026-01-20,C10483,P2011,1,0.1,25.59,43.62,Electronics,43.62,4.36,39.26,25.59,3.87,0.9
O507945,2026-05-23,C10344,P2015,2,0.0,32.67,56.68,Home,113.36,0.0,113.36,65.34,7.18,3.38
O507946,2025-05-07,C10283,P2020,1,0.0,96.28,147.84,Home,147.84,0.0,147.84,96.28,7.5,2.78
O507947,2025-04-25,C10578,P2007,2,0.15,81.19,138.2,Apparel,276.4,41.46,234.94,162.38,7.05,4.93
O507948,2026-04-13,C10244,P2011,3,0.0,25.59,43.62,Electronics,130.86,0.0,130.86,76.77,6.36,2.89
O507949,2026-06-25,C10437,P2077,2,0.0,99.36,190.12,Apparel,380.24,0.0,380.24,198.72,5.01,8.43
O507950,2025-06-20,C10009,P2066,1,0.2,21.23,45.94,Beauty,45.94,9.19,36.75,21.23,4.23,0.87
O507951,2026-06-11,C10389,P2039,2,0.15,88.55,225.55,Beauty,451.1,67.67,383.44,177.1,3.09,9.14
O507952,2026-01-26,C11068,P2028,2,0.1,49.21,76.08,Beauty,152.16,15.22,136.94,98.42,2.5,3.5
O507953,2026-05-19,C10651,P2010,1,0.05,105.58,212.84,Electronics,212.84,10.64,202.2,105.58,3.91,4.88
O507954,2026-01-21,C10921,P2031,3,0.1,54.53,117.07,Sports,351.21,35.12,316.09,163.59,5.64,5.87
O507955,2026-03-26,C10546,P2011,1,0.05,25.59,43.62,Electronics,43.62,2.18,41.44,25.59,4.04,1.32
O507956,2026-02-05,C11048,P2023,2,0.1,99.43,207.17,Apparel,414.34,41.43,372.91,198.86,5.28,11.06
O507957,2025-02-19,C10156,P2039,1,0.15,88.55,225.55,Beauty,225.55,33.83,191.72,88.55,6.55,6.05
O507958,2026-06-07,C10396,P2037,1,0.05,19.43,42.14,Home,42.14,2.11,40.03,19.43,3.79,0.79
O507959,2025-09-05,C10995,P2005,2,0.0,21.42,39.38,Sports,78.76,0.0,78.76,42.84,6.06,1.7
O507960,2025-04-11,C10727,P2068,1,0.15,54.46,128.05,Home,128.05,19.21,108.84,54.46,7.38,2.82
O507961,2025-12-14,C11041,P2020,2,0.25,96.28,147.84,Home,295.68,73.92,221.76,192.56,8.13,4.15
O507962,2025-02-15,C10834,P2013,1,0.1,14.91,32.18,Beauty,32.18,3.22,28.96,14.91,3.47,0.64
O507963,2026-04-09,C10888,P2074,1,0.0,60.53,130.38,Sports,130.38,0.0,130.38,60.53,5.95,3.34
O507964,2025-02-17,C10039,P2056,1,0.05,12.18,29.13,Home,29.13,1.46,27.67,12.18,8.22,0.7
O507965,2026-06-30,C10802,P2029,3,0.0,30.95,55.54,Apparel,166.62,0.0,166.62,92.85,3.88,3.15
O507966,2025-04-12,C10729,P2011,2,0.05,25.59,43.62,Electronics,87.24,4.36,82.88,51.18,6.23,2.49
O507967,2025-08-08,C11047,P2045,3,0.25,54.87,109.92,Sports,329.76,82.44,247.32,164.61,3.83,6.46
O507968,2025-03-19,C10761,P2060,3,0.25,91.93,225.41,Sports,676.23,169.06,507.17,275.79,6.49,10.31
O507969,2025-06-23,C10613,P2033,3,0.0,102.58,280.83,Apparel,842.49,0.0,842.49,307.74,5.84,25.8
O507970,2026-06-29,C10848,P2012,2,0.05,91.5,250.58,Home,501.16,25.06,476.1,183.0,5.48,12.09
O507971,2025-08-19,C10962,P2019,2,0.25,28.46,61.03,Sports,122.06,30.52,91.54,56.92,3.93,1.79
O507972,2025-03-03,C10258,P2033,2,0.2,102.58,280.83,Apparel,561.66,112.33,449.33,205.16,6.94,12.25
O507973,2026-03-16,C11101,P2079,1,0.15,76.11,150.73,Apparel,150.73,22.61,128.12,76.11,4.18,2.75
O507974,2025-03-12,C10758,P2044,1,0.1,96.39,166.51,Electronics,166.51,16.65,149.86,96.39,5.8,3.1
O507975,2025-06-09,C10861,P2009,1,0.05,89.03,195.13,Home,195.13,9.76,185.37,89.03,6.62,3.61
O507976,2025-10-26,C11072,P2077,3,0.15,99.36,190.12,Apparel,570.36,85.55,484.81,298.08,5.24,9.18
O507977,2026-06-15,C10775,P2065,1,0.05,74.22,160.54,Electronics,160.54,8.03,152.51,74.22,7.47,3.56
O507978,2026-06-18,C10740,P2040,3,0.05,46.24,112.16,Electronics,336.48,16.82,319.66,138.72,5.79,7.65
O507979,2025-07-09,C10822,P2034,2,0.05,84.74,206.91,Electronics,413.82,20.69,393.13,169.48,4.65,11.83
O507980,2025-09-11,C10797,P2075,3,0.0,49.49,125.61,Electronics,376.83,0.0,376.83,148.47,6.64,9.35
O507981,2025-04-30,C10506,P2049,1,0.25,75.64,173.14,Apparel,173.14,43.28,129.85,75.64,4.49,3.93
O507982,2026-05-20,C10571,P2055,2,0.1,14.94,29.55,Sports,59.1,5.91,53.19,29.88,4.69,1.48
O507983,2026-02-28,C10493,P2054,2,0.1,19.42,50.24,Beauty,100.48,10.05,90.43,38.84,5.17,1.64
O507984,2026-04-14,C10222,P2075,2,0.1,49.49,125.61,Electronics,251.22,25.12,226.1,98.98,4.78,7.19
O507985,2025-08-13,C10558,P2038,3,0.1,61.98,100.85,Sports,302.55,30.25,272.29,185.94,7.71,7.55
O507986,2025-07-23,C11116,P2064,1,0.05,92.82,194.3,Sports,194.3,9.72,184.58,92.82,6.33,5.65
O507987,2026-03-28,C10313,P2044,2,0.0,96.39,166.51,Electronics,333.02,0.0,333.02,192.78,4.94,6.62
O507988,2025-12-06,C10008,P2035,2,0.25,33.04,85.13,Beauty,170.26,42.56,127.7,66.08,4.08,2.39
O507989,2025-12-28,C10979,P2062,2,0.0,69.71,151.88,Beauty,303.76,0.0,303.76,139.42,5.81,5.49
O507990,2026-01-11,C10440,P2040,1,0.25,46.24,112.16,Electronics,112.16,28.04,84.12,46.24,4.52,2.4
O507991,2026-05-08,C10420,P2020,1,0.05,96.28,147.84,Home,147.84,7.39,140.45,96.28,4.92,3.21
O507992,2026-04-16,C10807,P2070,3,0.25,80.41,185.88,Sports,557.64,139.41,418.23,241.23,3.3,11.93
O507993,2025-12-03,C11096,P2070,1,0.15,80.41,185.88,Sports,185.88,27.88,158.0,80.41,4.65,4.9
O507994,2025-09-01,C10438,P2049,2,0.15,75.64,173.14,Apparel,346.28,51.94,294.34,151.28,6.25,6.95
O507995,2026-05-01,C10181,P2071,3,0.0,72.34,202.22,Beauty,606.66,0.0,606.66,217.02,4.64,16.96
O507996,2026-04-27,C10804,P2022,2,0.0,39.69,79.46,Beauty,158.92,0.0,158.92,79.38,3.31,3.18
O507997,2026-02-06,C10249,P2022,1,0.15,39.69,79.46,Beauty,79.46,11.92,67.54,39.69,6.43,1.97
O507998,2026-02-10,C10342,P2076,3,0.15,94.33,153.36,Apparel,460.08,69.01,391.07,282.99,6.65,11.75
O507999,2025-07-22,C10380,P2025,3,0.0,59.62,149.3,Electronics,447.9,0.0,447.9,178.86,5.29,11.59
O508000,2025-03-30,C11154,P2071,1,0.15,72.34,202.22,Beauty,202.22,30.33,171.89,72.34,4.07,3.71
O508001,2025-05-17,C10974,P2001,1,0.1,67.86,159.31,Electronics,159.31,15.93,143.38,67.86,3.71,3.92
O508002,2026-06-01,C10323,P2046,2,0.0,41.9,79.58,Sports,159.16,0.0,159.16,83.8,3.99,3.81
O508003,2025-10-02,C10815,P2023,1,0.2,99.43,207.17,Apparel,207.17,41.43,165.74,99.43,2.7,3.16
O508004,2026-02-18,C10850,P2013,1,0.1,14.91,32.18,Beauty,32.18,3.22,28.96,14.91,7.22,0.52
O508005,2026-06-15,C10389,P2063,1,0.15,107.79,241.07,Sports,241.07,36.16,204.91,107.79,5.1,5.46
O508006,2026-06-05,C10652,P2003,1,0.05,103.86,246.21,Sports,246.21,12.31,233.9,103.86,6.16,6.77
O508007,2025-10-30,C10360,P2043,2,0.05,34.43,56.92,Electronics,113.84,5.69,108.15,68.86,5.39,2.89
O508008,2025-06-12,C11137,P2015,1,0.05,32.67,56.68,Home,56.68,2.83,53.85,32.67,4.85,1.19
O508009,2025-07-31,C10393,P2063,1,0.15,107.79,241.07,Sports,241.07,36.16,204.91,107.79,2.5,3.94
O508010,2025-08-22,C10172,P2003,1,0.1,103.86,246.21,Sports,246.21,24.62,221.59,103.86,6.42,6.34
O508011,2025-12-16,C11163,P2078,3,0.05,80.99,151.9,Beauty,455.7,22.79,432.92,242.97,6.35,12.47
O508012,2025-11-03,C10319,P2016,1,0.0,23.99,66.65,Electronics,66.65,0.0,66.65,23.99,5.57,1.74
O508013,2025-01-08,C10460,P2059,1,0.15,74.58,192.13,Electronics,192.13,28.82,163.31,74.58,5.3,3.88
O508014,2026-06-26,C10500,P2021,1,0.15,75.19,147.18,Electronics,147.18,22.08,125.1,75.19,6.7,2.74
O508015,2025-01-18,C10543,P2056,1,0.05,12.18,29.13,Home,29.13,1.46,27.67,12.18,3.18,0.76
O508016,2025-01-27,C10821,P2029,2,0.15,30.95,55.54,Apparel,111.08,16.66,94.42,61.9,6.58,1.83
O508017,2026-01-19,C10410,P2007,2,0.0,81.19,138.2,Apparel,276.4,0.0,276.4,162.38,2.51,6.27
O508018,2026-03-10,C11188,P2012,1,0.2,91.5,250.58,Home,250.58,50.12,200.46,91.5,8.72,4.45
O508019,2025-07-22,C10242,P2072,1,0.05,85.85,152.66,Sports,152.66,7.63,145.03,85.85,7.53,3.81
O508020,2025-09-08,C10595,P2043,1,0.1,34.43,56.92,Electronics,56.92,5.69,51.23,34.43,5.29,1.09
O508021,2025-07-08,C10827,P2025,1,0.1,59.62,149.3,Electronics,149.3,14.93,134.37,59.62,5.72,3.32
O508022,2025-11-06,C10302,P2023,1,0.0,99.43,207.17,Apparel,207.17,0.0,207.17,99.43,4.9,5.13
O508023,2026-05-08,C10719,P2052,1,0.05,85.13,212.17,Beauty,212.17,10.61,201.56,85.13,2.5,3.82
O508024,2025-02-18,C10551,P2034,1,0.1,84.74,206.91,Electronics,206.91,20.69,186.22,84.74,3.56,5.23
O508025,2025-05-25,C10040,P2057,3,0.15,24.55,53.8,Beauty,161.4,24.21,137.19,73.65,5.36,4.18
O508026,2025-11-16,C10226,P2040,1,0.0,46.24,112.16,Electronics,112.16,0.0,112.16,46.24,4.02,3.48
O508027,2025-02-16,C11190,P2006,2,0.15,90.83,200.16,Electronics,400.32,60.05,340.27,181.66,2.5,9.51
O508028,2025-04-27,C10343,P2063,2,0.15,107.79,241.07,Sports,482.14,72.32,409.82,215.58,5.09,9.03
O508029,2025-05-09,C10240,P2046,2,0.15,41.9,79.58,Sports,159.16,23.87,135.29,83.8,4.61,3.12
O508030,2025-12-26,C10240,P2059,2,0.15,74.58,192.13,Electronics,384.26,57.64,326.62,149.16,4.94,7.46
O508031,2026-04-27,C11187,P2016,1,0.05,23.99,66.65,Electronics,66.65,3.33,63.32,23.99,5.46,1.44
O508032,2025-05-05,C10106,P2059,3,0.1,74.58,192.13,Electronics,576.39,57.64,518.75,223.74,3.92,10.3
O508033,2025-01-16,C10187,P2039,2,0.0,88.55,225.55,Beauty,451.1,0.0,451.1,177.1,6.26,13.51
O508034,2026-04-15,C10009,P2073,1,0.0,103.53,278.8,Apparel,278.8,0.0,278.8,103.53,2.81,6.46
O508035,2025-07-24,C10532,P2057,1,0.1,24.55,53.8,Beauty,53.8,5.38,48.42,24.55,4.75,0.97
O508036,2025-05-01,C10265,P2041,1,0.2,53.15,104.66,Apparel,104.66,20.93,83.73,53.15,3.57,1.71
O508037,2026-04-08,C10542,P2061,1,0.0,92.46,150.56,Sports,150.56,0.0,150.56,92.46,4.57,2.88
O508038,2025-01-05,C10023,P2073,1,0.05,103.53,278.8,Apparel,278.8,13.94,264.86,103.53,5.97,5.13
O508039,2025-02-10,C10763,P2067,2,0.1,89.48,177.38,Sports,354.76,35.48,319.28,178.96,6.32,8.85
O508040,2025-05-04,C11157,P2044,1,0.1,96.39,166.51,Electronics,166.51,16.65,149.86,96.39,5.15,4.13
O508041,2025-12-15,C10939,P2034,3,0.0,84.74,206.91,Electronics,620.73,0.0,620.73,254.22,3.3,16.77
O508042,2025-11-10,C10061,P2058,1,0.1,56.31,124.87,Electronics,124.87,12.49,112.38,56.31,3.79,3.36
O508043,2025-01-03,C10782,P2015,1,0.15,32.67,56.68,Home,56.68,8.5,48.18,32.67,3.32,0.96
O508044,2025-06-14,C10683,P2058,1,0.2,56.31,124.87,Electronics,124.87,24.97,99.9,56.31,5.49,2.93
O508045,2026-01-22,C10496,P2054,1,0.0,19.42,50.24,Beauty,50.24,0.0,50.24,19.42,4.47,1.57
O508046,2025-02-17,C10985,P2029,1,0.05,30.95,55.54,Apparel,55.54,2.78,52.76,30.95,4.5,1.52
O508047,2025-10-24,C10264,P2010,1,0.1,105.58,212.84,Electronics,212.84,21.28,191.56,105.58,8.17,4.04
O508048,2025-01-11,C10861,P2058,2,0.05,56.31,124.87,Electronics,249.74,12.49,237.25,112.62,3.89,5.23
O508049,2025-12-04,C10543,P2078,1,0.15,80.99,151.9,Beauty,151.9,22.78,129.12,80.99,2.5,3.44
O508050,2025-09-16,C10818,P2000,1,0.0,20.01,46.3,Beauty,46.3,0.0,46.3,20.01,4.86,1.19
O508051,2025-04-12,C10925,P2022,2,0.15,39.69,79.46,Beauty,158.92,23.84,135.08,79.38,2.91,3.61
O508052,2025-02-28,C10481,P2000,1,0.0,20.01,46.3,Beauty,46.3,0.0,46.3,20.01,2.5,1.28
O508053,2025-08-24,C11117,P2013,2,0.1,14.91,32.18,Beauty,64.36,6.44,57.92,29.82,4.22,1.76
O508054,2025-11-24,C11051,P2066,1,0.1,21.23,45.94,Beauty,45.94,4.59,41.35,21.23,4.0,1.05
O508055,2026-01-09,C11107,P2005,3,0.0,21.42,39.38,Sports,118.14,0.0,118.14,64.26,2.5,3.2
O508056,2025-01-25,C10799,P2070,1,0.05,80.41,185.88,Sports,185.88,9.29,176.59,80.41,2.5,4.07
O508057,2026-05-23,C10889,P2066,2,0.1,21.23,45.94,Beauty,91.88,9.19,82.69,42.46,6.25,2.5
O508058,2025-03-09,C11005,P2075,1,0.1,49.49,125.61,Electronics,125.61,12.56,113.05,49.49,8.02,2.86
O508059,2025-09-01,C10055,P2029,3,0.2,30.95,55.54,Apparel,166.62,33.32,133.3,92.85,8.35,2.81
O508060,2026-05-16,C10332,P2023,2,0.1,99.43,207.17,Apparel,414.34,41.43,372.91,198.86,5.56,10.72
O508061,2025-10-13,C10891,P2034,1,0.15,84.74,206.91,Electronics,206.91,31.04,175.87,84.74,6.55,3.47
O508062,2026-06-28,C10701,P2005,2,0.2,21.42,39.38,Sports,78.76,15.75,63.01,42.84,4.57,1.19
O508063,2025-04-20,C10212,P2024,1,0.1,38.64,85.56,Electronics,85.56,8.56,77.0,38.64,5.86,1.78
O508064,2025-05-12,C10568,P2006,1,0.0,90.83,200.16,Electronics,200.16,0.0,200.16,90.83,4.59,5.59
O508065,2026-01-14,C10278,P2055,1,0.1,14.94,29.55,Sports,29.55,2.96,26.6,14.94,5.09,0.85
O508066,2025-04-03,C11099,P2014,2,0.1,105.6,279.48,Beauty,558.96,55.9,503.06,211.2,3.59,13.63
O508067,2026-05-01,C10445,P2030,2,0.15,81.44,160.67,Electronics,321.34,48.2,273.14,162.88,5.24,5.59
O508068,2025-06-03,C10498,P2048,1,0.0,26.01,65.12,Home,65.12,0.0,65.12,26.01,7.11,1.66
O508069,2025-05-15,C11019,P2040,1,0.1,46.24,112.16,Electronics,112.16,11.22,100.94,46.24,5.39,2.24
O508070,2025-10-04,C10851,P2017,3,0.2,42.64,69.06,Apparel,207.18,41.44,165.74,127.92,5.7,5.3
O508071,2025-10-24,C10723,P2023,1,0.1,99.43,207.17,Apparel,207.17,20.72,186.45,99.43,3.69,4.95
O508072,2025-07-01,C10219,P2022,1,0.2,39.69,79.46,Beauty,79.46,15.89,63.57,39.69,2.5,1.42
O508073,2025-01-28,C10354,P2038,1,0.1,61.98,100.85,Sports,100.85,10.09,90.76,61.98,6.28,1.88
O508074,2026-05-17,C10149,P2012,1,0.0,91.5,250.58,Home,250.58,0.0,250.58,91.5,3.31,5.61
O508075,2026-05-06,C10041,P2048,2,0.05,26.01,65.12,Home,130.24,6.51,123.73,52.02,5.43,3.89
O508076,2025-11-30,C10856,P2051,2,0.15,21.09,56.25,Home,112.5,16.88,95.62,42.18,6.32,2.13
O508077,2025-01-27,C10412,P2067,1,0.15,89.48,177.38,Sports,177.38,26.61,150.77,89.48,8.71,2.84
O508078,2025-10-07,C10173,P2007,2,0.05,81.19,138.2,Apparel,276.4,13.82,262.58,162.38,4.05,5.64
O508079,2026-03-07,C10759,P2071,2,0.2,72.34,202.22,Beauty,404.44,80.89,323.55,144.68,5.13,8.18
O508080,2026-02-16,C10929,P2062,1,0.1,69.71,151.88,Beauty,151.88,15.19,136.69,69.71,3.85,2.78
O508081,2026-01-17,C11127,P2061,1,0.1,92.46,150.56,Sports,150.56,15.06,135.5,92.46,5.77,3.48
O508082,2025-08-19,C10702,P2064,1,0.0,92.82,194.3,Sports,194.3,0.0,194.3,92.82,5.75,3.69
O508083,2025-07-05,C10213,P2047,2,0.05,23.95,36.37,Sports,72.74,3.64,69.1,47.9,6.86,1.74
O508084,2025-10-17,C10314,P2072,1,0.1,85.85,152.66,Sports,152.66,15.27,137.39,85.85,4.34,2.63
O508085,2025-08-07,C10206,P2036,2,0.2,79.57,186.92,Apparel,373.84,74.77,299.07,159.14,6.37,5.97
O508086,2025-11-25,C10510,P2059,1,0.15,74.58,192.13,Electronics,192.13,28.82,163.31,74.58,4.23,3.52
O508087,2025-05-03,C10880,P2072,3,0.25,85.85,152.66,Sports,457.98,114.5,343.48,257.55,2.5,6.48
O508088,2025-10-19,C10651,P2056,1,0.05,12.18,29.13,Home,29.13,1.46,27.67,12.18,4.5,0.72
O508089,2025-02-07,C10972,P2062,2,0.1,69.71,151.88,Beauty,303.76,30.38,273.38,139.42,3.17,6.39
O508090,2026-04-19,C11148,P2069,3,0.15,90.63,175.87,Apparel,527.61,79.14,448.47,271.89,3.91,11.14
O508091,2026-02-15,C10513,P2042,1,0.2,21.36,43.17,Sports,43.17,8.63,34.54,21.36,6.4,0.86
O508092,2025-12-07,C11013,P2042,1,0.05,21.36,43.17,Sports,43.17,2.16,41.01,21.36,5.01,1.05
O508093,2025-05-06,C11069,P2046,1,0.1,41.9,79.58,Sports,79.58,7.96,71.62,41.9,6.69,1.74
O508094,2025-09-29,C10381,P2039,1,0.15,88.55,225.55,Beauty,225.55,33.83,191.72,88.55,5.8,5.38
O508095,2025-07-22,C10909,P2008,3,0.05,64.11,126.24,Beauty,378.72,18.94,359.78,192.33,4.34,10.19
O508096,2026-06-17,C10531,P2066,1,0.2,21.23,45.94,Beauty,45.94,9.19,36.75,21.23,5.99,1.06
O508097,2026-06-12,C10081,P2034,3,0.15,84.74,206.91,Electronics,620.73,93.11,527.62,254.22,2.7,14.11
O508098,2025-05-24,C10837,P2073,1,0.0,103.53,278.8,Apparel,278.8,0.0,278.8,103.53,6.89,8.24
O508099,2026-02-09,C10198,P2011,2,0.05,25.59,43.62,Electronics,87.24,4.36,82.88,51.18,6.69,2.17
O508100,2025-07-29,C10480,P2058,3,0.2,56.31,124.87,Electronics,374.61,74.92,299.69,168.93,2.5,7.39
O508101,2025-04-04,C10758,P2028,1,0.15,49.21,76.08,Beauty,76.08,11.41,64.67,49.21,5.92,1.7
O508102,2025-12-01,C10509,P2067,2,0.1,89.48,177.38,Sports,354.76,35.48,319.28,178.96,4.96,8.48
O508103,2025-02-06,C10454,P2006,1,0.0,90.83,200.16,Electronics,200.16,0.0,200.16,90.83,3.65,6.33
O508104,2026-03-23,C10936,P2012,2,0.0,91.5,250.58,Home,501.16,0.0,501.16,183.0,4.25,9.56
O508105,2025-01-27,C10949,P2062,3,0.05,69.71,151.88,Beauty,455.64,22.78,432.86,209.13,4.9,11.51
O508106,2025-08-20,C10967,P2039,2,0.15,88.55,225.55,Beauty,451.1,67.67,383.44,177.1,7.85,9.67
O508107,2026-05-29,C10094,P2058,2,0.15,56.31,124.87,Electronics,249.74,37.46,212.28,112.62,7.32,6.78
O508108,2025-03-19,C10389,P2053,3,0.1,95.73,175.96,Electronics,527.88,52.79,475.09,287.19,4.26,12.59
O508109,2025-05-23,C10103,P2038,1,0.25,61.98,100.85,Sports,100.85,25.21,75.64,61.98,6.74,2.06
O508110,2025-08-20,C10352,P2023,3,0.05,99.43,207.17,Apparel,621.51,31.08,590.43,298.29,6.26,13.34
O508111,2025-01-19,C10835,P2051,1,0.0,21.09,56.25,Home,56.25,0.0,56.25,21.09,3.7,1.3
O508112,2025-11-21,C11060,P2005,2,0.0,21.42,39.38,Sports,78.76,0.0,78.76,42.84,6.27,2.05
O508113,2026-02-17,C10111,P2045,3,0.15,54.87,109.92,Sports,329.76,49.46,280.3,164.61,5.25,7.74
O508114,2026-02-18,C10428,P2008,2,0.15,64.11,126.24,Beauty,252.48,37.87,214.61,128.22,4.84,4.34
O508115,2025-03-16,C11153,P2073,1,0.2,103.53,278.8,Apparel,278.8,55.76,223.04,103.53,5.16,4.02
O508116,2026-05-25,C10980,P2037,2,0.0,19.43,42.14,Home,84.28,0.0,84.28,38.86,3.67,1.57
O508117,2026-03-02,C10498,P2019,3,0.15,28.46,61.03,Sports,183.09,27.46,155.63,85.38,6.2,2.88
O508118,2025-04-04,C10960,P2060,2,0.2,91.93,225.41,Sports,450.82,90.16,360.66,183.86,5.15,7.85
O508119,2025-07-06,C10483,P2008,1,0.05,64.11,126.24,Beauty,126.24,6.31,119.93,64.11,5.78,3.75
O508120,2025-05-02,C10803,P2033,1,0.1,102.58,280.83,Apparel,280.83,28.08,252.75,102.58,4.79,6.43
O508121,2026-03-04,C10332,P2016,1,0.1,23.99,66.65,Electronics,66.65,6.67,59.99,23.99,6.35,1.61
O508122,2025-10-26,C10890,P2031,1,0.1,54.53,117.07,Sports,117.07,11.71,105.36,54.53,3.59,2.32
O508123,2025-05-15,C10801,P2005,2,0.05,21.42,39.38,Sports,78.76,3.94,74.82,42.84,3.31,1.73
O508124,2025-11-03,C10812,P2059,1,0.1,74.58,192.13,Electronics,192.13,19.21,172.92,74.58,4.56,3.6
O508125,2025-09-18,C10743,P2004,2,0.15,82.13,229.05,Sports,458.1,68.72,389.38,164.26,2.76,10.79
O508126,2025-04-18,C10152,P2000,2,0.2,20.01,46.3,Beauty,92.6,18.52,74.08,40.02,4.8,2.11
O508127,2025-04-02,C10021,P2052,1,0.1,85.13,212.17,Beauty,212.17,21.22,190.95,85.13,4.49,5.19
O508128,2025-08-19,C10602,P2001,1,0.0,67.86,159.31,Electronics,159.31,0.0,159.31,67.86,5.13,3.77
O508129,2026-01-10,C10397,P2026,2,0.0,25.88,63.53,Beauty,127.06,0.0,127.06,51.76,6.85,2.89
O508130,2025-02-14,C10070,P2055,2,0.15,14.94,29.55,Sports,59.1,8.86,50.24,29.88,4.12,1.32
O508131,2025-08-13,C11090,P2011,2,0.0,25.59,43.62,Electronics,87.24,0.0,87.24,51.18,6.53,2.41
O508132,2026-01-09,C10039,P2044,2,0.1,96.39,166.51,Electronics,333.02,33.3,299.72,192.78,5.22,7.5
O508133,2025-11-30,C10707,P2011,1,0.2,25.59,43.62,Electronics,43.62,8.72,34.9,25.59,7.41,0.78
O508134,2026-04-20,C10832,P2056,1,0.05,12.18,29.13,Home,29.13,1.46,27.67,12.18,5.48,0.86
O508135,2026-06-05,C10699,P2004,1,0.1,82.13,229.05,Sports,229.05,22.9,206.14,82.13,3.64,4.77
O508136,2026-04-19,C10719,P2033,3,0.15,102.58,280.83,Apparel,842.49,126.37,716.12,307.74,3.22,13.6
O508137,2025-01-21,C10692,P2021,1,0.05,75.19,147.18,Electronics,147.18,7.36,139.82,75.19,7.12,2.77
O508138,2025-03-29,C10206,P2001,1,0.05,67.86,159.31,Electronics,159.31,7.97,151.34,67.86,5.45,3.38
O508139,2026-03-03,C11037,P2022,1,0.15,39.69,79.46,Beauty,79.46,11.92,67.54,39.69,7.64,1.93
O508140,2026-03-25,C10206,P2031,1,0.05,54.53,117.07,Sports,117.07,5.85,111.22,54.53,5.02,3.22
O508141,2026-05-10,C10873,P2045,1,0.05,54.87,109.92,Sports,109.92,5.5,104.42,54.87,4.32,2.73
O508142,2026-04-22,C10754,P2022,1,0.05,39.69,79.46,Beauty,79.46,3.97,75.49,39.69,6.66,2.26
O508143,2025-01-12,C11075,P2043,1,0.15,34.43,56.92,Electronics,56.92,8.54,48.38,34.43,2.5,1.37
O508144,2026-05-07,C10081,P2003,1,0.05,103.86,246.21,Sports,246.21,12.31,233.9,103.86,5.45,4.72
O508145,2025-10-26,C10142,P2001,1,0.05,67.86,159.31,Electronics,159.31,7.97,151.34,67.86,6.11,2.75
O508146,2025-09-20,C10822,P2006,2,0.0,90.83,200.16,Electronics,400.32,0.0,400.32,181.66,5.04,10.11
O508147,2026-03-06,C10357,P2060,2,0.0,91.93,225.41,Sports,450.82,0.0,450.82,183.86,5.5,11.66
O508148,2025-09-08,C10285,P2074,2,0.0,60.53,130.38,Sports,260.76,0.0,260.76,121.06,4.48,5.78
O508149,2026-01-02,C10097,P2019,2,0.0,28.46,61.03,Sports,122.06,0.0,122.06,56.92,4.08,3.02
O508150,2026-03-05,C10224,P2053,1,0.2,95.73,175.96,Electronics,175.96,35.19,140.77,95.73,4.75,3.63
O508151,2026-04-29,C10969,P2004,1,0.2,82.13,229.05,Sports,229.05,45.81,183.24,82.13,5.05,5.3
O508152,2025-03-10,C10943,P2024,1,0.15,38.64,85.56,Electronics,85.56,12.83,72.73,38.64,3.56,1.35
O508153,2025-06-06,C10157,P2067,3,0.05,89.48,177.38,Sports,532.14,26.61,505.53,268.44,5.25,10.24
O508154,2025-09-12,C11161,P2053,1,0.05,95.73,175.96,Electronics,175.96,8.8,167.16,95.73,4.06,3.61
O508155,2026-04-10,C10636,P2044,1,0.2,96.39,166.51,Electronics,166.51,33.3,133.21,96.39,3.58,3.9
O508156,2025-12-30,C11045,P2049,3,0.0,75.64,173.14,Apparel,519.42,0.0,519.42,226.92,2.56,11.74
O508157,2026-06-17,C10981,P2016,3,0.2,23.99,66.65,Electronics,199.95,39.99,159.96,71.97,8.35,3.38
O508158,2026-01-13,C10202,P2055,2,0.1,14.94,29.55,Sports,59.1,5.91,53.19,29.88,5.12,1.41
O508159,2026-02-26,C10622,P2068,1,0.05,54.46,128.05,Home,128.05,6.4,121.65,54.46,4.01,2.87
O508160,2025-01-27,C10422,P2069,2,0.05,90.63,175.87,Apparel,351.74,17.59,334.15,181.26,6.38,9.74
O508161,2025-01-11,C10510,P2050,2,0.1,47.62,83.27,Beauty,166.54,16.65,149.89,95.24,3.88,2.96
O508162,2025-05-01,C10047,P2010,2,0.1,105.58,212.84,Electronics,425.68,42.57,383.11,211.16,2.5,12.17
O508163,2026-02-01,C10835,P2008,1,0.05,64.11,126.24,Beauty,126.24,6.31,119.93,64.11,5.76,2.61
O508164,2025-01-14,C10891,P2043,1,0.15,34.43,56.92,Electronics,56.92,8.54,48.38,34.43,4.1,1.4
O508165,2026-05-15,C10385,P2045,3,0.1,54.87,109.92,Sports,329.76,32.98,296.78,164.61,5.27,6.75
O508166,2025-06-10,C10265,P2020,1,0.15,96.28,147.84,Home,147.84,22.18,125.66,96.28,2.5,3.36
O508167,2026-04-09,C10294,P2020,3,0.15,96.28,147.84,Home,443.52,66.53,376.99,288.84,4.95,9.13
O508168,2025-07-12,C10254,P2064,3,0.2,92.82,194.3,Sports,582.9,116.58,466.32,278.46,4.63,11.96
O508169,2025-12-18,C10726,P2043,1,0.0,34.43,56.92,Electronics,56.92,0.0,56.92,34.43,5.89,1.72
O508170,2026-05-23,C10742,P2013,1,0.1,14.91,32.18,Beauty,32.18,3.22,28.96,14.91,6.71,0.57
O508171,2025-10-14,C10346,P2063,2,0.15,107.79,241.07,Sports,482.14,72.32,409.82,215.58,4.81,11.81
O508172,2025-02-07,C10451,P2001,1,0.15,67.86,159.31,Electronics,159.31,23.9,135.41,67.86,3.63,2.92
O508173,2025-03-14,C10216,P2037,1,0.1,19.43,42.14,Home,42.14,4.21,37.93,19.43,6.53,1.12
O508174,2025-01-04,C10386,P2077,2,0.15,99.36,190.12,Apparel,380.24,57.04,323.2,198.72,3.99,6.16
O508175,2025-05-30,C10454,P2070,1,0.15,80.41,185.88,Sports,185.88,27.88,158.0,80.41,5.97,3.11
O508176,2025-05-20,C11128,P2007,1,0.05,81.19,138.2,Apparel,138.2,6.91,131.29,81.19,3.47,2.47
O508177,2025-02-17,C11174,P2024,1,0.1,38.64,85.56,Electronics,85.56,8.56,77.0,38.64,4.73,1.52
O508178,2026-06-14,C10261,P2063,1,0.0,107.79,241.07,Sports,241.07,0.0,241.07,107.79,3.44,5.05
O508179,2025-02-05,C10068,P2078,1,0.0,80.99,151.9,Beauty,151.9,0.0,151.9,80.99,4.97,2.83
O508180,2026-01-15,C10476,P2074,1,0.1,60.53,130.38,Sports,130.38,13.04,117.34,60.53,5.06,2.91
O508181,2025-01-15,C10279,P2026,1,0.15,25.88,63.53,Beauty,63.53,9.53,54.0,25.88,4.8,1.02
O508182,2026-06-16,C10366,P2008,3,0.2,64.11,126.24,Beauty,378.72,75.74,302.98,192.33,5.52,8.72
O508183,2025-09-19,C10658,P2055,1,0.1,14.94,29.55,Sports,29.55,2.96,26.6,14.94,4.65,0.56
O508184,2025-10-20,C11031,P2030,1,0.2,81.44,160.67,Electronics,160.67,32.13,128.54,81.44,3.95,2.66
O508185,2025-11-20,C10210,P2027,2,0.15,39.51,103.84,Electronics,207.68,31.15,176.53,79.02,4.35,3.5
O508186,2025-02-04,C10431,P2002,2,0.0,36.16,61.12,Beauty,122.24,0.0,122.24,72.32,2.5,3.56
O508187,2025-09-24,C10448,P2011,1,0.2,25.59,43.62,Electronics,43.62,8.72,34.9,25.59,4.56,0.75
O508188,2026-05-13,C10411,P2053,2,0.15,95.73,175.96,Electronics,351.92,52.79,299.13,191.46,3.29,9.1
O508189,2026-05-04,C10663,P2078,2,0.1,80.99,151.9,Beauty,303.8,30.38,273.42,161.98,2.5,7.44
O508190,2025-07-17,C11090,P2036,2,0.15,79.57,186.92,Apparel,373.84,56.08,317.76,159.14,4.9,8.87
O508191,2026-02-13,C11102,P2008,1,0.15,64.11,126.24,Beauty,126.24,18.94,107.3,64.11,2.5,2.44
O508192,2025-02-18,C10952,P2012,1,0.15,91.5,250.58,Home,250.58,37.59,212.99,91.5,5.48,5.61
O508193,2026-04-10,C10512,P2026,1,0.05,25.88,63.53,Beauty,63.53,3.18,60.35,25.88,7.86,1.37
O508194,2025-06-09,C10927,P2079,2,0.1,76.11,150.73,Apparel,301.46,30.15,271.31,152.22,4.8,6.75
O508195,2025-05-27,C10081,P2078,2,0.2,80.99,151.9,Beauty,303.8,60.76,243.04,161.98,3.29,6.45
O508196,2025-07-28,C10820,P2035,3,0.2,33.04,85.13,Beauty,255.39,51.08,204.31,99.12,6.85,5.44
O508197,2025-11-18,C11103,P2068,2,0.1,54.46,128.05,Home,256.1,25.61,230.49,108.92,6.41,5.8
O508198,2026-01-05,C10360,P2005,1,0.25,21.42,39.38,Sports,39.38,9.85,29.54,21.42,5.06,0.91
O508199,2025-12-12,C11162,P2078,1,0.25,80.99,151.9,Beauty,151.9,37.98,113.93,80.99,4.94,3.18
O508200,2025-04-21,C11138,P2008,2,0.0,64.11,126.24,Beauty,252.48,0.0,252.48,128.22,5.21,5.68
O508201,2025-11-28,C10469,P2070,1,0.2,80.41,185.88,Sports,185.88,37.18,148.7,80.41,5.57,4.43
O508202,2025-03-13,C10887,P2000,2,0.0,20.01,46.3,Beauty,92.6,0.0,92.6,40.02,4.27,2.34
O508203,2026-03-29,C10069,P2034,1,0.15,84.74,206.91,Electronics,206.91,31.04,175.87,84.74,4.41,4.98
O508204,2025-11-08,C10875,P2063,2,0.15,107.79,241.07,Sports,482.14,72.32,409.82,215.58,5.02,12.95
O508205,2026-01-20,C10002,P2063,1,0.15,107.79,241.07,Sports,241.07,36.16,204.91,107.79,3.63,6.45
O508206,2025-09-02,C10090,P2036,3,0.0,79.57,186.92,Apparel,560.76,0.0,560.76,238.71,5.96,13.11
O508207,2025-10-24,C10389,P2050,1,0.05,47.62,83.27,Beauty,83.27,4.16,79.11,47.62,6.93,2.27
O508208,2025-02-20,C10941,P2005,1,0.15,21.42,39.38,Sports,39.38,5.91,33.47,21.42,5.4,0.73
O508209,2025-07-05,C10292,P2078,2,0.15,80.99,151.9,Beauty,303.8,45.57,258.23,161.98,4.95,5.5
O508210,2025-01-05,C10364,P2079,3,0.05,76.11,150.73,Apparel,452.19,22.61,429.58,228.33,6.14,12.69
O508211,2025-05-30,C10624,P2060,3,0.05,91.93,225.41,Sports,676.23,33.81,642.42,275.79,7.02,16.28
O508212,2026-05-08,C11127,P2017,3,0.0,42.64,69.06,Apparel,207.18,0.0,207.18,127.92,4.98,4.23
O508213,2025-03-17,C11178,P2030,2,0.05,81.44,160.67,Electronics,321.34,16.07,305.27,162.88,4.25,7.87
O508214,2025-06-04,C10259,P2026,1,0.05,25.88,63.53,Beauty,63.53,3.18,60.35,25.88,4.9,1.39
O508215,2026-06-01,C10967,P2002,1,0.25,36.16,61.12,Beauty,61.12,15.28,45.84,36.16,5.74,1.05
O508216,2025-03-09,C11198,P2062,1,0.05,69.71,151.88,Beauty,151.88,7.59,144.29,69.71,5.2,4.36
O508217,2026-05-15,C10937,P2005,2,0.1,21.42,39.38,Sports,78.76,7.88,70.88,42.84,3.64,1.78
O508218,2025-09-22,C10206,P2037,3,0.15,19.43,42.14,Home,126.42,18.96,107.46,58.29,4.87,1.98
O508219,2025-09-26,C10593,P2018,1,0.2,23.1,60.58,Apparel,60.58,12.12,48.46,23.1,5.5,1.16
O508220,2025-03-07,C10674,P2031,3,0.2,54.53,117.07,Sports,351.21,70.24,280.97,163.59,6.26,8.54
O508221,2025-05-10,C10241,P2060,1,0.1,91.93,225.41,Sports,225.41,22.54,202.87,91.93,5.55,4.19
O508222,2026-06-05,C10527,P2006,2,0.1,90.83,200.16,Electronics,400.32,40.03,360.29,181.66,6.65,7.14
O508223,2026-06-07,C10044,P2077,1,0.0,99.36,190.12,Apparel,190.12,0.0,190.12,99.36,5.63,3.6
O508224,2025-04-14,C10306,P2068,2,0.15,54.46,128.05,Home,256.1,38.42,217.69,108.92,6.39,4.39
O508225,2025-12-31,C10516,P2006,2,0.05,90.83,200.16,Electronics,400.32,20.02,380.3,181.66,6.07,7.73
O508226,2025-06-02,C10187,P2028,2,0.1,49.21,76.08,Beauty,152.16,15.22,136.94,98.42,6.96,2.77
O508227,2025-07-30,C10034,P2043,1,0.15,34.43,56.92,Electronics,56.92,8.54,48.38,34.43,4.87,1.22
O508228,2025-12-25,C10986,P2068,2,0.05,54.46,128.05,Home,256.1,12.81,243.3,108.92,3.42,5.81
O508229,2025-09-29,C10209,P2078,3,0.2,80.99,151.9,Beauty,455.7,91.14,364.56,242.97,4.94,11.34
O508230,2025-01-29,C11074,P2063,1,0.0,107.79,241.07,Sports,241.07,0.0,241.07,107.79,3.42,6.72
O508231,2026-01-29,C11023,P2061,1,0.25,92.46,150.56,Sports,150.56,37.64,112.92,92.46,5.02,2.19
O508232,2025-05-29,C11023,P2001,1,0.1,67.86,159.31,Electronics,159.31,15.93,143.38,67.86,6.57,4.48
O508233,2026-06-26,C10417,P2051,1,0.05,21.09,56.25,Home,56.25,2.81,53.44,21.09,6.59,1.02
O508234,2026-04-27,C10187,P2039,3,0.1,88.55,225.55,Beauty,676.65,67.67,608.99,265.65,5.73,12.73
O508235,2025-06-06,C10142,P2056,1,0.15,12.18,29.13,Home,29.13,4.37,24.76,12.18,4.27,0.75
O508236,2025-04-01,C10994,P2003,1,0.1,103.86,246.21,Sports,246.21,24.62,221.59,103.86,6.68,5.12
O508237,2026-02-14,C10391,P2036,2,0.0,79.57,186.92,Apparel,373.84,0.0,373.84,159.14,6.14,8.09
O508238,2026-03-12,C10123,P2045,2,0.15,54.87,109.92,Sports,219.84,32.98,186.86,109.74,4.6,4.97
O508239,2025-01-06,C10484,P2057,1,0.1,24.55,53.8,Beauty,53.8,5.38,48.42,24.55,4.03,0.96
O508240,2025-10-01,C10725,P2022,2,0.2,39.69,79.46,Beauty,158.92,31.78,127.14,79.38,5.71,2.7
O508241,2025-03-29,C10903,P2077,2,0.1,99.36,190.12,Apparel,380.24,38.02,342.22,198.72,6.18,10.58
O508242,2025-04-27,C11022,P2036,1,0.0,79.57,186.92,Apparel,186.92,0.0,186.92,79.57,4.08,4.6
O508243,2026-03-26,C10461,P2063,3,0.0,107.79,241.07,Sports,723.21,0.0,723.21,323.37,6.65,22.71
O508244,2025-10-25,C10195,P2068,2,0.05,54.46,128.05,Home,256.1,12.81,243.3,108.92,3.77,5.48
O508245,2025-07-29,C11028,P2008,1,0.1,64.11,126.24,Beauty,126.24,12.62,113.62,64.11,5.24,3.16
O508246,2026-06-18,C10635,P2077,2,0.05,99.36,190.12,Apparel,380.24,19.01,361.23,198.72,6.1,11.21
O508247,2025-03-20,C10456,P2069,1,0.05,90.63,175.87,Apparel,175.87,8.79,167.08,90.63,2.5,4.56
O508248,2026-05-18,C11088,P2001,3,0.05,67.86,159.31,Electronics,477.93,23.9,454.03,203.58,4.51,11.13
O508249,2026-03-21,C10303,P2036,1,0.05,79.57,186.92,Apparel,186.92,9.35,177.57,79.57,5.39,4.11
O508250,2026-01-28,C10029,P2028,3,0.2,49.21,76.08,Beauty,228.24,45.65,182.59,147.63,6.73,3.56
O508251,2026-01-16,C10930,P2003,2,0.15,103.86,246.21,Sports,492.42,73.86,418.56,207.72,7.13,11.31
O508252,2026-03-03,C10500,P2014,1,0.05,105.6,279.48,Beauty,279.48,13.97,265.51,105.6,5.13,5.29
O508253,2026-05-10,C10359,P2072,2,0.0,85.85,152.66,Sports,305.32,0.0,305.32,171.7,5.04,6.24
O508254,2025-03-03,C10716,P2030,1,0.05,81.44,160.67,Electronics,160.67,8.03,152.64,81.44,5.47,4.55
O508255,2026-01-09,C10411,P2010,1,0.05,105.58,212.84,Electronics,212.84,10.64,202.2,105.58,6.83,5.18
O508256,2025-06-11,C11061,P2061,1,0.0,92.46,150.56,Sports,150.56,0.0,150.56,92.46,3.15,3.32
O508257,2025-09-24,C10836,P2019,3,0.2,28.46,61.03,Sports,183.09,36.62,146.47,85.38,6.36,4.05
O508258,2026-06-15,C10462,P2021,1,0.1,75.19,147.18,Electronics,147.18,14.72,132.46,75.19,4.65,3.79
O508259,2025-06-29,C10587,P2074,2,0.1,60.53,130.38,Sports,260.76,26.08,234.68,121.06,3.89,7.29
O508260,2025-09-16,C10418,P2066,2,0.05,21.23,45.94,Beauty,91.88,4.59,87.29,42.46,5.02,1.89
O508261,2025-04-20,C10895,P2030,1,0.1,81.44,160.67,Electronics,160.67,16.07,144.6,81.44,5.16,4.46
O508262,2025-11-22,C10804,P2043,2,0.05,34.43,56.92,Electronics,113.84,5.69,108.15,68.86,6.31,2.82
O508263,2025-01-24,C10098,P2034,1,0.15,84.74,206.91,Electronics,206.91,31.04,175.87,84.74,5.65,5.1
O508264,2025-03-17,C11006,P2059,1,0.1,74.58,192.13,Electronics,192.13,19.21,172.92,74.58,4.75,3.29
O508265,2026-06-10,C10139,P2042,3,0.0,21.36,43.17,Sports,129.51,0.0,129.51,64.08,7.47,3.16
O508266,2026-03-14,C10561,P2062,1,0.15,69.71,151.88,Beauty,151.88,22.78,129.1,69.71,4.32,3.57
O508267,2026-03-05,C10686,P2052,1,0.2,85.13,212.17,Beauty,212.17,42.43,169.74,85.13,5.55,4.89
O508268,2025-03-19,C10812,P2053,1,0.0,95.73,175.96,Electronics,175.96,0.0,175.96,95.73,5.83,3.56
O508269,2025-06-29,C10287,P2020,1,0.2,96.28,147.84,Home,147.84,29.57,118.27,96.28,4.53,2.8
O508270,2025-02-14,C10297,P2039,2,0.0,88.55,225.55,Beauty,451.1,0.0,451.1,177.1,5.27,12.19
O508271,2026-03-17,C10033,P2044,1,0.1,96.39,166.51,Electronics,166.51,16.65,149.86,96.39,5.88,4.62
O508272,2025-09-06,C10632,P2062,2,0.1,69.71,151.88,Beauty,303.76,30.38,273.38,139.42,3.43,8.55
O508273,2025-09-08,C10201,P2073,3,0.15,103.53,278.8,Apparel,836.4,125.46,710.94,310.59,3.77,17.18
O508274,2025-07-09,C10966,P2066,1,0.05,21.23,45.94,Beauty,45.94,2.3,43.64,21.23,4.78,1.14
O508275,2026-05-28,C10695,P2041,1,0.15,53.15,104.66,Apparel,104.66,15.7,88.96,53.15,3.81,2.61
O508276,2025-04-23,C10491,P2057,2,0.15,24.55,53.8,Beauty,107.6,16.14,91.46,49.1,6.16,2.81
O508277,2025-03-05,C10715,P2076,2,0.15,94.33,153.36,Apparel,306.72,46.01,260.71,188.66,4.97,5.7
O508278,2025-10-26,C10853,P2022,1,0.0,39.69,79.46,Beauty,79.46,0.0,79.46,39.69,5.85,2.19
O508279,2026-01-01,C10378,P2055,3,0.05,14.94,29.55,Sports,88.65,4.43,84.22,44.82,6.69,1.77
O508280,2025-03-28,C10405,P2071,2,0.0,72.34,202.22,Beauty,404.44,0.0,404.44,144.68,8.49,12.58
O508281,2026-02-22,C10579,P2022,3,0.1,39.69,79.46,Beauty,238.38,23.84,214.54,119.07,6.24,6.8
O508282,2026-06-04,C10527,P2047,1,0.15,23.95,36.37,Sports,36.37,5.46,30.91,23.95,4.3,0.88
O508283,2025-02-10,C10583,P2007,1,0.05,81.19,138.2,Apparel,138.2,6.91,131.29,81.19,5.32,2.67
O508284,2026-06-19,C10602,P2038,2,0.2,61.98,100.85,Sports,201.7,40.34,161.36,123.96,5.65,3.03
O508285,2025-11-25,C10311,P2075,3,0.0,49.49,125.61,Electronics,376.83,0.0,376.83,148.47,5.43,7.53
O508286,2025-08-02,C11156,P2029,2,0.0,30.95,55.54,Apparel,111.08,0.0,111.08,61.9,6.99,3.28
O508287,2025-09-15,C10648,P2044,3,0.1,96.39,166.51,Electronics,499.53,49.95,449.58,289.17,9.0,12.47
O508288,2025-12-18,C10170,P2038,2,0.1,61.98,100.85,Sports,201.7,20.17,181.53,123.96,4.1,4.2
O508289,2026-01-21,C11012,P2035,1,0.0,33.04,85.13,Beauty,85.13,0.0,85.13,33.04,5.1,1.6
O508290,2025-01-28,C10571,P2056,1,0.15,12.18,29.13,Home,29.13,4.37,24.76,12.18,4.9,0.45
O508291,2025-05-06,C10298,P2079,1,0.1,76.11,150.73,Apparel,150.73,15.07,135.66,76.11,7.1,3.68
O508292,2026-03-13,C10559,P2038,1,0.1,61.98,100.85,Sports,100.85,10.09,90.76,61.98,6.07,2.5
O508293,2025-04-01,C11141,P2027,1,0.05,39.51,103.84,Electronics,103.84,5.19,98.65,39.51,3.92,3.09
O508294,2025-03-31,C10275,P2034,1,0.15,84.74,206.91,Electronics,206.91,31.04,175.87,84.74,5.33,3.19
O508295,2025-04-26,C10626,P2018,1,0.15,23.1,60.58,Apparel,60.58,9.09,51.49,23.1,6.35,1.05
O508296,2025-12-19,C10673,P2054,1,0.2,19.42,50.24,Beauty,50.24,10.05,40.19,19.42,4.38,0.77
O508297,2025-03-22,C10979,P2067,1,0.0,89.48,177.38,Sports,177.38,0.0,177.38,89.48,3.4,5.2
O508298,2025-06-28,C10128,P2011,1,0.0,25.59,43.62,Electronics,43.62,0.0,43.62,25.59,5.81,1.35
O508299,2025-06-15,C10021,P2045,1,0.15,54.87,109.92,Sports,109.92,16.49,93.43,54.87,7.78,2.42
O508300,2025-03-01,C10088,P2036,2,0.0,79.57,186.92,Apparel,373.84,0.0,373.84,159.14,2.5,11.04
O508301,2026-02-21,C10505,P2079,2,0.1,76.11,150.73,Apparel,301.46,30.15,271.31,152.22,4.54,6.07
O508302,2025-03-11,C10465,P2071,3,0.15,72.34,202.22,Beauty,606.66,91.0,515.66,217.02,4.2,15.36
O508303,2025-09-18,C10533,P2014,2,0.15,105.6,279.48,Beauty,558.96,83.84,475.12,211.2,4.53,10.62
O508304,2025-12-18,C10188,P2050,2,0.0,47.62,83.27,Beauty,166.54,0.0,166.54,95.24,3.82,5.05
O508305,2025-01-07,C11069,P2008,1,0.15,64.11,126.24,Beauty,126.24,18.94,107.3,64.11,4.7,3.1
O508306,2025-07-19,C10335,P2008,1,0.0,64.11,126.24,Beauty,126.24,0.0,126.24,64.11,5.07,2.61
O508307,2025-09-18,C10849,P2001,1,0.1,67.86,159.31,Electronics,159.31,15.93,143.38,67.86,4.73,3.77
O508308,2025-05-13,C10141,P2002,2,0.1,36.16,61.12,Beauty,122.24,12.22,110.02,72.32,6.58,3.3
O508309,2026-06-18,C10459,P2049,1,0.1,75.64,173.14,Apparel,173.14,17.31,155.83,75.64,9.12,4.3
O508310,2025-09-23,C11122,P2004,1,0.1,82.13,229.05,Sports,229.05,22.9,206.14,82.13,7.41,3.96
O508311,2025-05-03,C10896,P2074,1,0.15,60.53,130.38,Sports,130.38,19.56,110.82,60.53,7.5,2.52
O508312,2025-12-29,C10061,P2013,1,0.0,14.91,32.18,Beauty,32.18,0.0,32.18,14.91,4.46,0.97
O508313,2025-01-07,C10978,P2032,1,0.1,83.59,176.17,Apparel,176.17,17.62,158.55,83.59,2.95,4.08
O508314,2025-03-20,C10942,P2077,3,0.1,99.36,190.12,Apparel,570.36,57.04,513.32,298.08,6.52,14.34
O508315,2025-01-08,C10538,P2009,3,0.1,89.03,195.13,Home,585.39,58.54,526.85,267.09,5.85,12.63
O508316,2025-12-20,C10899,P2003,1,0.0,103.86,246.21,Sports,246.21,0.0,246.21,103.86,5.54,4.97
O508317,2025-11-13,C11097,P2054,1,0.1,19.42,50.24,Beauty,50.24,5.02,45.22,19.42,4.08,1.17
O508318,2026-01-28,C10193,P2052,2,0.15,85.13,212.17,Beauty,424.34,63.65,360.69,170.26,4.03,9.08
O508319,2025-04-10,C11158,P2008,1,0.1,64.11,126.24,Beauty,126.24,12.62,113.62,64.11,3.23,2.61
O508320,2025-09-13,C10403,P2024,2,0.1,38.64,85.56,Electronics,171.12,17.11,154.01,77.28,6.23,3.99
O508321,2026-03-19,C10266,P2061,1,0.05,92.46,150.56,Sports,150.56,7.53,143.03,92.46,4.71,4.47
O508322,2025-11-01,C10139,P2071,1,0.15,72.34,202.22,Beauty,202.22,30.33,171.89,72.34,5.17,4.22
O508323,2026-01-01,C10701,P2075,1,0.1,49.49,125.61,Electronics,125.61,12.56,113.05,49.49,4.97,2.49
O508324,2025-11-30,C10728,P2045,1,0.05,54.87,109.92,Sports,109.92,5.5,104.42,54.87,4.17,2.3
O508325,2025-10-23,C10425,P2000,2,0.0,20.01,46.3,Beauty,92.6,0.0,92.6,40.02,6.79,2.67
O508326,2025-01-12,C10177,P2001,1,0.05,67.86,159.31,Electronics,159.31,7.97,151.34,67.86,5.44,2.89
O508327,2026-03-15,C10901,P2071,1,0.2,72.34,202.22,Beauty,202.22,40.44,161.78,72.34,3.44,4.91
O508328,2025-05-28,C10093,P2000,2,0.1,20.01,46.3,Beauty,92.6,9.26,83.34,40.02,5.98,2.13
O508329,2025-10-25,C10685,P2027,2,0.15,39.51,103.84,Electronics,207.68,31.15,176.53,79.02,4.49,4.93
O508330,2026-06-05,C10482,P2067,1,0.0,89.48,177.38,Sports,177.38,0.0,177.38,89.48,6.36,4.56
O508331,2026-03-15,C10365,P2016,1,0.1,23.99,66.65,Electronics,66.65,6.67,59.99,23.99,4.79,1.12
O508332,2025-08-15,C10856,P2016,1,0.1,23.99,66.65,Electronics,66.65,6.67,59.99,23.99,7.07,1.78
O508333,2026-01-03,C10895,P2064,2,0.05,92.82,194.3,Sports,388.6,19.43,369.17,185.64,6.69,9.75
O508334,2025-07-05,C10818,P2000,1,0.0,20.01,46.3,Beauty,46.3,0.0,46.3,20.01,5.47,1.46
O508335,2026-04-12,C10244,P2027,1,0.25,39.51,103.84,Electronics,103.84,25.96,77.88,39.51,3.56,2.13
O508336,2025-02-28,C10688,P2051,1,0.1,21.09,56.25,Home,56.25,5.62,50.62,21.09,4.51,1.01
O508337,2025-05-28,C10940,P2076,2,0.05,94.33,153.36,Apparel,306.72,15.34,291.38,188.66,5.14,7.16
O508338,2026-02-04,C11019,P2050,2,0.0,47.62,83.27,Beauty,166.54,0.0,166.54,95.24,3.68,4.91
O508339,2026-05-11,C10647,P2078,3,0.1,80.99,151.9,Beauty,455.7,45.57,410.13,242.97,2.5,8.84
O508340,2025-02-21,C10769,P2017,1,0.2,42.64,69.06,Apparel,69.06,13.81,55.25,42.64,5.46,1.05
O508341,2026-06-16,C11083,P2064,2,0.05,92.82,194.3,Sports,388.6,19.43,369.17,185.64,4.67,8.28
O508342,2025-01-12,C10730,P2038,1,0.0,61.98,100.85,Sports,100.85,0.0,100.85,61.98,3.39,2.24
O508343,2026-04-26,C10400,P2056,1,0.1,12.18,29.13,Home,29.13,2.91,26.22,12.18,4.45,0.83
O508344,2026-05-04,C10746,P2002,1,0.1,36.16,61.12,Beauty,61.12,6.11,55.01,36.16,3.64,1.41
O508345,2025-07-27,C11093,P2074,2,0.25,60.53,130.38,Sports,260.76,65.19,195.57,121.06,5.5,6.01
O508346,2026-05-27,C11073,P2074,1,0.1,60.53,130.38,Sports,130.38,13.04,117.34,60.53,2.5,2.26
O508347,2025-02-18,C10739,P2027,1,0.15,39.51,103.84,Electronics,103.84,15.58,88.26,39.51,5.17,2.79
O508348,2025-07-18,C10664,P2002,2,0.2,36.16,61.12,Beauty,122.24,24.45,97.79,72.32,5.16,2.2
O508349,2025-03-29,C10487,P2011,1,0.1,25.59,43.62,Electronics,43.62,4.36,39.26,25.59,2.6,1.09
O508350,2026-04-06,C10400,P2021,2,0.1,75.19,147.18,Electronics,294.36,29.44,264.92,150.38,3.54,6.6
O508351,2025-06-14,C10317,P2030,2,0.0,81.44,160.67,Electronics,321.34,0.0,321.34,162.88,7.09,5.94
O508352,2025-02-16,C10099,P2047,1,0.0,23.95,36.37,Sports,36.37,0.0,36.37,23.95,5.16,0.85
O508353,2026-01-13,C10329,P2076,1,0.1,94.33,153.36,Apparel,153.36,15.34,138.02,94.33,4.2,3.28
O508354,2026-01-13,C10131,P2077,1,0.15,99.36,190.12,Apparel,190.12,28.52,161.6,99.36,4.58,5.1
O508355,2025-06-17,C10984,P2018,3,0.05,23.1,60.58,Apparel,181.74,9.09,172.65,69.3,5.36,3.86
O508356,2025-02-27,C11106,P2011,3,0.05,25.59,43.62,Electronics,130.86,6.54,124.32,76.77,2.5,3.88
O508357,2025-05-22,C10957,P2075,2,0.15,49.49,125.61,Electronics,251.22,37.68,213.54,98.98,5.97,6.5
O508358,2026-05-06,C10686,P2050,1,0.1,47.62,83.27,Beauty,83.27,8.33,74.94,47.62,2.92,2.34
O508359,2025-07-25,C10938,P2041,1,0.0,53.15,104.66,Apparel,104.66,0.0,104.66,53.15,5.83,2.11
O508360,2026-01-03,C10962,P2026,3,0.25,25.88,63.53,Beauty,190.59,47.65,142.94,77.64,3.14,3.97
O508361,2026-06-20,C10640,P2073,1,0.05,103.53,278.8,Apparel,278.8,13.94,264.86,103.53,5.75,6.06
O508362,2025-04-13,C10763,P2009,2,0.05,89.03,195.13,Home,390.26,19.51,370.75,178.06,3.91,11.51
O508363,2026-02-11,C10821,P2077,2,0.2,99.36,190.12,Apparel,380.24,76.05,304.19,198.72,3.22,9.21
O508364,2025-04-28,C10488,P2071,2,0.15,72.34,202.22,Beauty,404.44,60.67,343.77,144.68,4.77,6.47
O508365,2025-02-05,C11004,P2065,1,0.0,74.22,160.54,Electronics,160.54,0.0,160.54,74.22,3.61,3.86
O508366,2025-05-11,C11003,P2017,2,0.05,42.64,69.06,Apparel,138.12,6.91,131.21,85.28,3.87,3.65
O508367,2025-12-02,C10998,P2011,1,0.0,25.59,43.62,Electronics,43.62,0.0,43.62,25.59,5.11,1.21
O508368,2026-06-01,C10498,P2043,1,0.1,34.43,56.92,Electronics,56.92,5.69,51.23,34.43,5.54,1.56
O508369,2026-06-17,C10205,P2033,3,0.1,102.58,280.83,Apparel,842.49,84.25,758.24,307.74,8.42,23.24
O508370,2026-03-18,C10451,P2024,1,0.0,38.64,85.56,Electronics,85.56,0.0,85.56,38.64,4.06,2.3
O508371,2025-09-10,C10149,P2041,1,0.0,53.15,104.66,Apparel,104.66,0.0,104.66,53.15,6.67,2.73
O508372,2025-08-22,C10750,P2048,1,0.1,26.01,65.12,Home,65.12,6.51,58.61,26.01,4.03,1.72
O508373,2025-08-15,C10684,P2050,1,0.15,47.62,83.27,Beauty,83.27,12.49,70.78,47.62,5.79,1.59
O508374,2025-08-30,C10215,P2039,1,0.05,88.55,225.55,Beauty,225.55,11.28,214.27,88.55,5.26,5.92
O508375,2026-03-02,C11083,P2013,2,0.1,14.91,32.18,Beauty,64.36,6.44,57.92,29.82,3.68,1.16
O508376,2025-10-30,C10895,P2076,2,0.1,94.33,153.36,Apparel,306.72,30.67,276.05,188.66,2.5,6.33
O508377,2025-07-01,C10423,P2015,2,0.05,32.67,56.68,Home,113.36,5.67,107.69,65.34,6.47,2.52
O508378,2025-12-18,C10914,P2050,1,0.1,47.62,83.27,Beauty,83.27,8.33,74.94,47.62,4.43,2.08
O508379,2025-09-05,C10023,P2011,3,0.1,25.59,43.62,Electronics,130.86,13.09,117.77,76.77,6.85,2.6
O508380,2025-04-09,C10464,P2022,2,0.1,39.69,79.46,Beauty,158.92,15.89,143.03,79.38,4.64,2.9
O508381,2025-02-21,C10788,P2003,2,0.2,103.86,246.21,Sports,492.42,98.48,393.94,207.72,2.5,8.31
O508382,2026-02-22,C11139,P2046,3,0.0,41.9,79.58,Sports,238.74,0.0,238.74,125.7,2.5,4.65
O508383,2026-03-18,C10802,P2067,1,0.0,89.48,177.38,Sports,177.38,0.0,177.38,89.48,6.93,5.31
O508384,2026-04-18,C11135,P2004,2,0.15,82.13,229.05,Sports,458.1,68.72,389.38,164.26,3.1,11.11
O508385,2025-10-29,C10206,P2020,2,0.1,96.28,147.84,Home,295.68,29.57,266.11,192.56,3.01,4.94
O508386,2025-06-04,C10044,P2040,3,0.0,46.24,112.16,Electronics,336.48,0.0,336.48,138.72,3.73,8.54
O508387,2026-05-14,C10890,P2053,3,0.1,95.73,175.96,Electronics,527.88,52.79,475.09,287.19,5.72,11.68
O508388,2025-11-06,C10310,P2044,2,0.25,96.39,166.51,Electronics,333.02,83.26,249.76,192.78,4.87,7.58
O508389,2025-09-11,C10861,P2017,1,0.05,42.64,69.06,Apparel,69.06,3.45,65.61,42.64,5.43,1.72
O508390,2026-06-23,C10846,P2013,2,0.1,14.91,32.18,Beauty,64.36,6.44,57.92,29.82,6.78,1.81
O508391,2026-02-12,C10851,P2029,1,0.25,30.95,55.54,Apparel,55.54,13.88,41.66,30.95,7.99,0.98
O508392,2025-11-15,C11174,P2030,1,0.15,81.44,160.67,Electronics,160.67,24.1,136.57,81.44,3.91,3.62
O508393,2025-05-08,C10090,P2069,1,0.15,90.63,175.87,Apparel,175.87,26.38,149.49,90.63,6.91,4.52
O508394,2025-05-12,C10256,P2059,1,0.05,74.58,192.13,Electronics,192.13,9.61,182.52,74.58,5.73,5.8
O508395,2025-01-26,C10316,P2026,3,0.05,25.88,63.53,Beauty,190.59,9.53,181.06,77.64,3.26,4.7
O508396,2025-10-17,C10514,P2000,1,0.05,20.01,46.3,Beauty,46.3,2.32,43.98,20.01,3.33,1.33
O508397,2025-09-10,C10966,P2016,1,0.25,23.99,66.65,Electronics,66.65,16.66,49.99,23.99,5.47,1.52
O508398,2025-10-15,C10523,P2041,2,0.05,53.15,104.66,Apparel,209.32,10.47,198.85,106.3,5.05,6.35
O508399,2025-01-27,C11174,P2070,1,0.1,80.41,185.88,Sports,185.88,18.59,167.29,80.41,5.94,4.07
O508400,2025-12-13,C10125,P2055,3,0.1,14.94,29.55,Sports,88.65,8.86,79.79,44.82,4.7,1.79
O508401,2025-03-31,C10012,P2011,3,0.1,25.59,43.62,Electronics,130.86,13.09,117.77,76.77,3.52,2.32
O508402,2025-02-15,C10295,P2072,2,0.0,85.85,152.66,Sports,305.32,0.0,305.32,171.7,2.66,9.56
O508403,2025-05-24,C10681,P2067,2,0.1,89.48,177.38,Sports,354.76,35.48,319.28,178.96,5.14,6.57
O508404,2026-01-23,C10675,P2010,1,0.05,105.58,212.84,Electronics,212.84,10.64,202.2,105.58,3.87,6.37
O508405,2025-07-13,C10750,P2038,1,0.1,61.98,100.85,Sports,100.85,10.09,90.76,61.98,6.94,1.86
O508406,2025-06-23,C10313,P2000,1,0.0,20.01,46.3,Beauty,46.3,0.0,46.3,20.01,4.34,1.38
O508407,2026-01-30,C10040,P2012,1,0.1,91.5,250.58,Home,250.58,25.06,225.52,91.5,3.85,6.32
O508408,2025-07-27,C10492,P2076,3,0.0,94.33,153.36,Apparel,460.08,0.0,460.08,282.99,2.5,11.74
O508409,2026-05-30,C11085,P2051,2,0.05,21.09,56.25,Home,112.5,5.62,106.88,42.18,3.57,3.05
O508410,2026-04-10,C10505,P2053,3,0.1,95.73,175.96,Electronics,527.88,52.79,475.09,287.19,6.48,11.86
O508411,2026-04-22,C11159,P2075,1,0.25,49.49,125.61,Electronics,125.61,31.4,94.21,49.49,3.01,2.69
O508412,2025-02-14,C10017,P2067,1,0.1,89.48,177.38,Sports,177.38,17.74,159.64,89.48,5.75,5.1
O508413,2026-01-31,C10662,P2067,2,0.0,89.48,177.38,Sports,354.76,0.0,354.76,178.96,4.3,6.92
O508414,2025-09-12,C10853,P2028,1,0.15,49.21,76.08,Beauty,76.08,11.41,64.67,49.21,6.04,1.2
O508415,2025-05-15,C10263,P2038,2,0.0,61.98,100.85,Sports,201.7,0.0,201.7,123.96,5.35,5.3
O508416,2026-02-02,C10715,P2025,1,0.0,59.62,149.3,Electronics,149.3,0.0,149.3,59.62,6.44,3.39
O508417,2025-09-03,C11199,P2042,1,0.0,21.36,43.17,Sports,43.17,0.0,43.17,21.36,5.27,1.01
O508418,2025-08-21,C10503,P2045,2,0.05,54.87,109.92,Sports,219.84,10.99,208.85,109.74,3.51,4.94
O508419,2025-03-26,C11159,P2066,3,0.15,21.23,45.94,Beauty,137.82,20.67,117.15,63.69,4.27,2.25
O508420,2025-03-18,C10469,P2079,1,0.2,76.11,150.73,Apparel,150.73,30.15,120.58,76.11,6.58,2.43
O508421,2025-08-08,C10943,P2018,1,0.2,23.1,60.58,Apparel,60.58,12.12,48.46,23.1,5.13,1.55
O508422,2025-05-18,C10021,P2036,3,0.1,79.57,186.92,Apparel,560.76,56.08,504.68,238.71,6.18,11.84
O508423,2025-04-27,C10452,P2004,2,0.1,82.13,229.05,Sports,458.1,45.81,412.29,164.26,2.53,11.6
O508424,2025-01-25,C10034,P2004,1,0.15,82.13,229.05,Sports,229.05,34.36,194.69,82.13,3.99,4.54
O508425,2025-01-11,C10615,P2006,2,0.0,90.83,200.16,Electronics,400.32,0.0,400.32,181.66,4.97,11.67
O508426,2025-07-15,C10628,P2001,1,0.15,67.86,159.31,Electronics,159.31,23.9,135.41,67.86,6.18,3.03
O508427,2025-12-08,C10928,P2027,2,0.05,39.51,103.84,Electronics,207.68,10.38,197.3,79.02,4.29,4.16
O508428,2026-02-24,C11192,P2058,3,0.05,56.31,124.87,Electronics,374.61,18.73,355.88,168.93,6.14,8.63
O508429,2025-09-17,C10667,P2041,2,0.25,53.15,104.66,Apparel,209.32,52.33,156.99,106.3,4.44,4.77
O508430,2026-05-12,C10337,P2000,2,0.05,20.01,46.3,Beauty,92.6,4.63,87.97,40.02,5.17,2.35
O508431,2025-05-17,C10252,P2024,2,0.2,38.64,85.56,Electronics,171.12,34.22,136.9,77.28,7.82,2.76
O508432,2025-10-04,C10585,P2058,1,0.1,56.31,124.87,Electronics,124.87,12.49,112.38,56.31,6.71,2.93
O508433,2026-04-03,C10834,P2048,1,0.2,26.01,65.12,Home,65.12,13.02,52.1,26.01,6.43,1.24
O508434,2025-04-17,C10777,P2021,1,0.2,75.19,147.18,Electronics,147.18,29.44,117.74,75.19,2.5,2.89
O508435,2025-12-27,C10925,P2062,2,0.05,69.71,151.88,Beauty,303.76,15.19,288.57,139.42,5.05,5.44
O508436,2025-03-22,C11083,P2025,1,0.1,59.62,149.3,Electronics,149.3,14.93,134.37,59.62,5.46,2.75
O508437,2026-03-31,C10023,P2064,2,0.05,92.82,194.3,Sports,388.6,19.43,369.17,185.64,6.76,7.35
O508438,2025-05-29,C10060,P2075,1,0.0,49.49,125.61,Electronics,125.61,0.0,125.61,49.49,6.55,3.25
O508439,2025-12-13,C10576,P2055,1,0.2,14.94,29.55,Sports,29.55,5.91,23.64,14.94,3.71,0.6
O508440,2026-01-20,C10648,P2057,2,0.15,24.55,53.8,Beauty,107.6,16.14,91.46,49.1,4.72,1.71
O508441,2025-06-01,C10674,P2041,2,0.0,53.15,104.66,Apparel,209.32,0.0,209.32,106.3,3.37,4.34
O508442,2026-02-12,C10565,P2016,1,0.0,23.99,66.65,Electronics,66.65,0.0,66.65,23.99,6.47,1.57
O508443,2025-09-26,C10225,P2035,1,0.05,33.04,85.13,Beauty,85.13,4.26,80.87,33.04,5.08,2.01
O508444,2025-03-31,C10717,P2055,1,0.05,14.94,29.55,Sports,29.55,1.48,28.07,14.94,5.72,0.82
O508445,2025-09-19,C10508,P2045,2,0.1,54.87,109.92,Sports,219.84,21.98,197.86,109.74,5.01,5.65
O508446,2025-11-07,C10770,P2047,1,0.0,23.95,36.37,Sports,36.37,0.0,36.37,23.95,6.33,0.84
O508447,2026-01-20,C11006,P2046,1,0.05,41.9,79.58,Sports,79.58,3.98,75.6,41.9,3.98,1.4
O508448,2025-03-06,C10103,P2038,1,0.1,61.98,100.85,Sports,100.85,10.09,90.76,61.98,4.21,2.79
O508449,2025-08-09,C11192,P2062,2,0.1,69.71,151.88,Beauty,303.76,30.38,273.38,139.42,3.43,5.54
O508450,2026-03-02,C11127,P2008,1,0.15,64.11,126.24,Beauty,126.24,18.94,107.3,64.11,4.5,3.04
O508451,2026-06-08,C10685,P2010,1,0.15,105.58,212.84,Electronics,212.84,31.93,180.91,105.58,5.15,5.22
O508452,2025-03-03,C11125,P2020,2,0.0,96.28,147.84,Home,295.68,0.0,295.68,192.56,6.45,5.53
O508453,2026-04-23,C10862,P2052,1,0.1,85.13,212.17,Beauty,212.17,21.22,190.95,85.13,4.2,4.72
O508454,2025-04-08,C10444,P2014,3,0.05,105.6,279.48,Beauty,838.44,41.92,796.52,316.8,4.15,14.49
O508455,2026-03-20,C11042,P2047,2,0.1,23.95,36.37,Sports,72.74,7.27,65.47,47.9,5.29,1.98
O508456,2025-02-26,C10891,P2009,1,0.1,89.03,195.13,Home,195.13,19.51,175.62,89.03,5.46,4.42
O508457,2026-03-22,C10668,P2076,3,0.05,94.33,153.36,Apparel,460.08,23.0,437.08,282.99,4.79,9.53
O508458,2025-04-12,C10986,P2053,1,0.15,95.73,175.96,Electronics,175.96,26.39,149.57,95.73,4.76,3.7
O508459,2025-07-14,C10753,P2079,2,0.05,76.11,150.73,Apparel,301.46,15.07,286.39,152.22,4.23,8.76
O508460,2026-01-29,C10307,P2018,1,0.15,23.1,60.58,Apparel,60.58,9.09,51.49,23.1,4.35,1.55
O508461,2025-06-09,C11045,P2033,3,0.25,102.58,280.83,Apparel,842.49,210.62,631.87,307.74,5.76,17.38
O508462,2026-04-27,C10693,P2071,1,0.1,72.34,202.22,Beauty,202.22,20.22,182.0,72.34,4.73,4.06
O508463,2025-07-04,C11145,P2062,1,0.1,69.71,151.88,Beauty,151.88,15.19,136.69,69.71,6.24,3.65
O508464,2025-02-09,C10175,P2014,3,0.15,105.6,279.48,Beauty,838.44,125.77,712.67,316.8,6.15,22.38
O508465,2025-06-27,C10708,P2063,1,0.15,107.79,241.07,Sports,241.07,36.16,204.91,107.79,6.09,4.41
O508466,2025-03-29,C10221,P2036,1,0.1,79.57,186.92,Apparel,186.92,18.69,168.23,79.57,4.3,5.03
O508467,2026-05-05,C10757,P2036,1,0.05,79.57,186.92,Apparel,186.92,9.35,177.57,79.57,3.19,3.64
O508468,2025-07-03,C10310,P2042,1,0.05,21.36,43.17,Sports,43.17,2.16,41.01,21.36,4.49,0.95
O508469,2025-10-10,C11045,P2062,1,0.25,69.71,151.88,Beauty,151.88,37.97,113.91,69.71,5.67,3.61
O508470,2026-03-30,C10290,P2005,3,0.15,21.42,39.38,Sports,118.14,17.72,100.42,64.26,4.91,3.02
O508471,2025-09-03,C10659,P2046,1,0.0,41.9,79.58,Sports,79.58,0.0,79.58,41.9,5.76,2.36
O508472,2025-01-25,C10828,P2021,1,0.05,75.19,147.18,Electronics,147.18,7.36,139.82,75.19,7.72,2.82
O508473,2025-09-09,C10410,P2056,1,0.0,12.18,29.13,Home,29.13,0.0,29.13,12.18,6.49,0.66
O508474,2025-05-15,C10199,P2040,2,0.1,46.24,112.16,Electronics,224.32,22.43,201.89,92.48,6.74,4.33
O508475,2025-01-02,C11033,P2002,1,0.15,36.16,61.12,Beauty,61.12,9.17,51.95,36.16,6.7,1.45
O508476,2025-09-08,C10352,P2029,3,0.2,30.95,55.54,Apparel,166.62,33.32,133.3,92.85,5.6,2.57
O508477,2026-02-11,C10594,P2018,2,0.15,23.1,60.58,Apparel,121.16,18.17,102.99,46.2,4.85,2.22
O508478,2026-05-13,C10406,P2073,3,0.1,103.53,278.8,Apparel,836.4,83.64,752.76,310.59,4.4,17.9
O508479,2026-02-25,C10181,P2035,2,0.2,33.04,85.13,Beauty,170.26,34.05,136.21,66.08,2.5,3.35
O508480,2025-07-22,C10300,P2071,1,0.0,72.34,202.22,Beauty,202.22,0.0,202.22,72.34,3.09,5.07
O508481,2026-05-03,C10054,P2047,3,0.0,23.95,36.37,Sports,109.11,0.0,109.11,71.85,4.01,2.51
O508482,2026-02-02,C10597,P2038,1,0.25,61.98,100.85,Sports,100.85,25.21,75.64,61.98,3.03,2.3
O508483,2025-09-23,C11093,P2036,3,0.0,79.57,186.92,Apparel,560.76,0.0,560.76,238.71,2.89,16.64
O508484,2025-06-28,C11030,P2033,3,0.05,102.58,280.83,Apparel,842.49,42.12,800.37,307.74,2.5,21.88
O508485,2025-11-04,C11178,P2043,1,0.0,34.43,56.92,Electronics,56.92,0.0,56.92,34.43,5.09,1.56
O508486,2026-02-27,C10051,P2025,1,0.15,59.62,149.3,Electronics,149.3,22.4,126.91,59.62,4.74,3.93
O508487,2025-04-04,C11089,P2012,1,0.2,91.5,250.58,Home,250.58,50.12,200.46,91.5,4.9,3.68
O508488,2026-06-20,C10314,P2006,1,0.15,90.83,200.16,Electronics,200.16,30.02,170.14,90.83,4.33,5.19
O508489,2026-01-06,C10264,P2020,1,0.0,96.28,147.84,Home,147.84,0.0,147.84,96.28,4.28,3.4
O508490,2025-01-29,C10459,P2060,2,0.1,91.93,225.41,Sports,450.82,45.08,405.74,183.86,5.39,12.13
O508491,2026-01-19,C10386,P2047,1,0.05,23.95,36.37,Sports,36.37,1.82,34.55,23.95,3.72,0.93
O508492,2025-01-24,C10738,P2064,1,0.15,92.82,194.3,Sports,194.3,29.14,165.16,92.82,6.0,3.36
O508493,2025-02-28,C10901,P2029,2,0.15,30.95,55.54,Apparel,111.08,16.66,94.42,61.9,4.69,2.51
O508494,2026-06-12,C10963,P2005,1,0.1,21.42,39.38,Sports,39.38,3.94,35.44,21.42,4.87,0.99
O508495,2025-12-09,C10592,P2031,1,0.1,54.53,117.07,Sports,117.07,11.71,105.36,54.53,7.63,2.98
O508496,2025-10-21,C10950,P2013,1,0.05,14.91,32.18,Beauty,32.18,1.61,30.57,14.91,2.77,0.96
O508497,2025-12-18,C10577,P2053,2,0.05,95.73,175.96,Electronics,351.92,17.6,334.32,191.46,6.13,7.51
O508498,2026-01-21,C10816,P2038,1,0.0,61.98,100.85,Sports,100.85,0.0,100.85,61.98,7.22,3.17
O508499,2025-12-16,C10255,P2078,1,0.1,80.99,151.9,Beauty,151.9,15.19,136.71,80.99,3.81,4.33
O508500,2025-04-12,C10002,P2026,1,0.1,25.88,63.53,Beauty,63.53,6.35,57.18,25.88,4.56,1.61
O508501,2026-04-21,C10421,P2038,1,0.05,61.98,100.85,Sports,100.85,5.04,95.81,61.98,5.64,2.55
O508502,2025-11-26,C11038,P2013,2,0.0,14.91,32.18,Beauty,64.36,0.0,64.36,29.82,5.51,1.76
O508503,2025-08-03,C10238,P2070,2,0.15,80.41,185.88,Sports,371.76,55.76,316.0,160.82,6.07,9.64
O508504,2025-04-16,C10594,P2052,2,0.1,85.13,212.17,Beauty,424.34,42.43,381.91,170.26,5.5,11.64
O508505,2025-06-26,C11174,P2071,1,0.05,72.34,202.22,Beauty,202.22,10.11,192.11,72.34,4.73,5.61
O508506,2025-12-12,C11135,P2070,1,0.1,80.41,185.88,Sports,185.88,18.59,167.29,80.41,5.4,3.72
O508507,2025-03-21,C11109,P2042,1,0.15,21.36,43.17,Sports,43.17,6.48,36.69,21.36,5.29,1.15
O508508,2026-04-23,C10524,P2074,1,0.05,60.53,130.38,Sports,130.38,6.52,123.86,60.53,6.66,2.94
O508509,2025-07-26,C10629,P2017,2,0.0,42.64,69.06,Apparel,138.12,0.0,138.12,85.28,2.56,2.83
O508510,2025-02-18,C10539,P2037,2,0.1,19.43,42.14,Home,84.28,8.43,75.85,38.86,4.46,1.56
O508511,2025-07-02,C10055,P2069,1,0.05,90.63,175.87,Apparel,175.87,8.79,167.08,90.63,2.99,3.8
O508512,2025-07-18,C10020,P2039,2,0.2,88.55,225.55,Beauty,451.1,90.22,360.88,177.1,5.62,8.2
O508513,2025-11-03,C10062,P2072,2,0.15,85.85,152.66,Sports,305.32,45.8,259.52,171.7,2.5,6.37
O508514,2025-02-23,C10860,P2042,3,0.1,21.36,43.17,Sports,129.51,12.95,116.56,64.08,2.7,3.12
O508515,2025-09-27,C10288,P2050,1,0.1,47.62,83.27,Beauty,83.27,8.33,74.94,47.62,3.49,1.96
O508516,2026-01-30,C10915,P2051,2,0.15,21.09,56.25,Home,112.5,16.88,95.62,42.18,6.21,2.55
O508517,2025-08-29,C10384,P2058,3,0.0,56.31,124.87,Electronics,374.61,0.0,374.61,168.93,9.72,11.3
O508518,2025-09-20,C10266,P2065,1,0.05,74.22,160.54,Electronics,160.54,8.03,152.51,74.22,4.41,4.28
O508519,2026-03-10,C10160,P2044,1,0.1,96.39,166.51,Electronics,166.51,16.65,149.86,96.39,5.72,3.38
O508520,2025-12-23,C11145,P2070,2,0.0,80.41,185.88,Sports,371.76,0.0,371.76,160.82,7.23,11.87
O508521,2025-02-24,C10239,P2035,3,0.0,33.04,85.13,Beauty,255.39,0.0,255.39,99.12,8.02,6.99
O508522,2026-02-06,C11065,P2006,2,0.15,90.83,200.16,Electronics,400.32,60.05,340.27,181.66,3.29,7.32
O508523,2025-08-13,C10648,P2075,1,0.0,49.49,125.61,Electronics,125.61,0.0,125.61,49.49,3.41,2.81
O508524,2025-12-12,C10028,P2070,1,0.0,80.41,185.88,Sports,185.88,0.0,185.88,80.41,5.93,4.07
O508525,2025-08-06,C11136,P2034,1,0.05,84.74,206.91,Electronics,206.91,10.35,196.56,84.74,4.72,5.37
O508526,2025-01-12,C10273,P2054,2,0.15,19.42,50.24,Beauty,100.48,15.07,85.41,38.84,6.18,2.65
O508527,2025-01-14,C10451,P2069,3,0.05,90.63,175.87,Apparel,527.61,26.38,501.23,271.89,4.88,11.76
O508528,2026-06-23,C10830,P2025,1,0.1,59.62,149.3,Electronics,149.3,14.93,134.37,59.62,3.81,4.07
O508529,2025-11-24,C11173,P2077,1,0.1,99.36,190.12,Apparel,190.12,19.01,171.11,99.36,5.59,3.97
O508530,2025-04-07,C10286,P2059,2,0.1,74.58,192.13,Electronics,384.26,38.43,345.83,149.16,4.17,10.83
O508531,2026-02-04,C10897,P2078,1,0.1,80.99,151.9,Beauty,151.9,15.19,136.71,80.99,7.57,3.88
O508532,2025-03-09,C10713,P2075,1,0.05,49.49,125.61,Electronics,125.61,6.28,119.33,49.49,4.12,2.74
O508533,2025-09-10,C10450,P2050,1,0.0,47.62,83.27,Beauty,83.27,0.0,83.27,47.62,7.06,2.18
O508534,2025-01-28,C10072,P2049,1,0.25,75.64,173.14,Apparel,173.14,43.28,129.85,75.64,5.01,2.73
O508535,2026-03-11,C10603,P2068,1,0.1,54.46,128.05,Home,128.05,12.81,115.24,54.46,3.37,2.51
O508536,2026-04-25,C10166,P2019,1,0.1,28.46,61.03,Sports,61.03,6.1,54.93,28.46,5.74,1.34
O508537,2025-10-22,C10561,P2004,2,0.05,82.13,229.05,Sports,458.1,22.9,435.2,164.26,4.82,11.82
O508538,2025-02-08,C10749,P2036,1,0.05,79.57,186.92,Apparel,186.92,9.35,177.57,79.57,4.08,4.82
O508539,2025-10-24,C11111,P2070,1,0.0,80.41,185.88,Sports,185.88,0.0,185.88,80.41,2.74,4.99
O508540,2025-05-21,C10256,P2066,3,0.1,21.23,45.94,Beauty,137.82,13.78,124.04,63.69,6.6,2.6
O508541,2026-05-11,C10723,P2062,2,0.05,69.71,151.88,Beauty,303.76,15.19,288.57,139.42,4.27,6.52
O508542,2026-06-02,C10399,P2036,2,0.1,79.57,186.92,Apparel,373.84,37.38,336.46,159.14,3.69,8.89
O508543,2026-02-20,C10331,P2009,1,0.0,89.03,195.13,Home,195.13,0.0,195.13,89.03,5.06,5.62
O508544,2025-02-10,C10549,P2039,2,0.2,88.55,225.55,Beauty,451.1,90.22,360.88,177.1,5.23,10.45
O508545,2026-02-08,C10545,P2009,1,0.1,89.03,195.13,Home,195.13,19.51,175.62,89.03,5.52,3.76
O508546,2025-02-22,C10655,P2002,1,0.1,36.16,61.12,Beauty,61.12,6.11,55.01,36.16,4.84,1.31
O508547,2026-05-28,C10944,P2031,2,0.1,54.53,117.07,Sports,234.14,23.41,210.73,109.06,5.19,5.77
O508548,2026-02-08,C10271,P2014,1,0.0,105.6,279.48,Beauty,279.48,0.0,279.48,105.6,5.36,7.71
O508549,2026-03-12,C10803,P2057,1,0.0,24.55,53.8,Beauty,53.8,0.0,53.8,24.55,5.66,1.64
O508550,2025-05-23,C11006,P2033,1,0.0,102.58,280.83,Apparel,280.83,0.0,280.83,102.58,5.95,8.81
O508551,2026-01-04,C11124,P2013,2,0.1,14.91,32.18,Beauty,64.36,6.44,57.92,29.82,5.22,1.81
O508552,2025-12-13,C11062,P2058,3,0.1,56.31,124.87,Electronics,374.61,37.46,337.15,168.93,4.6,8.87
O508553,2025-04-30,C10906,P2041,2,0.15,53.15,104.66,Apparel,209.32,31.4,177.92,106.3,2.5,5.66
O508554,2025-02-02,C11136,P2057,1,0.05,24.55,53.8,Beauty,53.8,2.69,51.11,24.55,4.79,1.6
O508555,2025-07-22,C11180,P2043,2,0.05,34.43,56.92,Electronics,113.84,5.69,108.15,68.86,4.98,2.32
O508556,2025-05-06,C10260,P2078,1,0.05,80.99,151.9,Beauty,151.9,7.6,144.3,80.99,3.66,4.24
O508557,2025-10-14,C11161,P2074,2,0.05,60.53,130.38,Sports,260.76,13.04,247.72,121.06,5.33,5.87
O508558,2025-10-29,C10384,P2025,1,0.0,59.62,149.3,Electronics,149.3,0.0,149.3,59.62,3.46,4.3
O508559,2025-03-08,C10268,P2052,1,0.0,85.13,212.17,Beauty,212.17,0.0,212.17,85.13,4.84,4.89
O508560,2026-02-08,C10608,P2045,3,0.0,54.87,109.92,Sports,329.76,0.0,329.76,164.61,5.12,8.21
O508561,2025-03-02,C10200,P2021,3,0.1,75.19,147.18,Electronics,441.54,44.15,397.39,225.57,5.69,8.94
O508562,2025-09-03,C10107,P2007,2,0.15,81.19,138.2,Apparel,276.4,41.46,234.94,162.38,4.9,6.56
O508563,2025-10-14,C11020,P2043,3,0.0,34.43,56.92,Electronics,170.76,0.0,170.76,103.29,4.78,3.4
O508564,2025-05-04,C10240,P2008,1,0.1,64.11,126.24,Beauty,126.24,12.62,113.62,64.11,5.6,3.63
O508565,2026-04-09,C11181,P2031,3,0.0,54.53,117.07,Sports,351.21,0.0,351.21,163.59,3.65,11.02
O508566,2025-08-20,C10078,P2075,1,0.1,49.49,125.61,Electronics,125.61,12.56,113.05,49.49,3.97,2.65
O508567,2026-04-02,C10466,P2038,2,0.05,61.98,100.85,Sports,201.7,10.09,191.61,123.96,6.78,3.67
O508568,2025-10-08,C10432,P2032,2,0.05,83.59,176.17,Apparel,352.34,17.62,334.72,167.18,5.62,7.88
O508569,2025-01-27,C10054,P2075,2,0.05,49.49,125.61,Electronics,251.22,12.56,238.66,98.98,4.21,7.59
O508570,2026-03-11,C10455,P2005,2,0.0,21.42,39.38,Sports,78.76,0.0,78.76,42.84,2.98,2.35
O508571,2025-06-25,C11127,P2033,1,0.1,102.58,280.83,Apparel,280.83,28.08,252.75,102.58,7.31,5.03
O508572,2025-01-12,C10404,P2046,1,0.15,41.9,79.58,Sports,79.58,11.94,67.64,41.9,4.33,1.5
O508573,2025-04-02,C11128,P2028,2,0.1,49.21,76.08,Beauty,152.16,15.22,136.94,98.42,3.11,3.54
O508574,2025-07-19,C10153,P2043,2,0.0,34.43,56.92,Electronics,113.84,0.0,113.84,68.86,5.53,2.67
O508575,2025-11-24,C11024,P2076,2,0.0,94.33,153.36,Apparel,306.72,0.0,306.72,188.66,8.4,8.06
O508576,2025-07-02,C11168,P2077,1,0.2,99.36,190.12,Apparel,190.12,38.02,152.1,99.36,8.43,3.69
O508577,2026-06-22,C10603,P2036,2,0.25,79.57,186.92,Apparel,373.84,93.46,280.38,159.14,5.19,8.01
O508578,2026-03-12,C10740,P2033,1,0.2,102.58,280.83,Apparel,280.83,56.17,224.66,102.58,6.42,5.49
O508579,2025-11-18,C10429,P2002,3,0.1,36.16,61.12,Beauty,183.36,18.34,165.02,108.48,4.22,3.96
O508580,2025-05-06,C11095,P2051,1,0.2,21.09,56.25,Home,56.25,11.25,45.0,21.09,5.04,1.02
O508581,2025-01-18,C10227,P2012,1,0.05,91.5,250.58,Home,250.58,12.53,238.05,91.5,4.21,5.6
O508582,2025-06-29,C10949,P2012,3,0.2,91.5,250.58,Home,751.74,150.35,601.39,274.5,4.07,11.63
O508583,2026-01-10,C10189,P2036,1,0.0,79.57,186.92,Apparel,186.92,0.0,186.92,79.57,5.37,3.89
O508584,2025-08-15,C10007,P2048,3,0.15,26.01,65.12,Home,195.36,29.3,166.06,78.03,2.6,3.78
O508585,2026-02-23,C10065,P2037,2,0.1,19.43,42.14,Home,84.28,8.43,75.85,38.86,8.53,1.78
O508586,2026-04-05,C10005,P2000,2,0.0,20.01,46.3,Beauty,92.6,0.0,92.6,40.02,5.76,1.97
O508587,2025-05-06,C11085,P2073,2,0.2,103.53,278.8,Apparel,557.6,111.52,446.08,207.06,4.16,13.1
O508588,2025-03-05,C10958,P2033,3,0.15,102.58,280.83,Apparel,842.49,126.37,716.12,307.74,3.79,14.45
O508589,2025-11-15,C10526,P2038,2,0.05,61.98,100.85,Sports,201.7,10.09,191.61,123.96,5.88,4.88
O508590,2025-07-09,C10413,P2044,1,0.1,96.39,166.51,Electronics,166.51,16.65,149.86,96.39,5.82,4.61
O508591,2026-01-22,C10998,P2039,2,0.1,88.55,225.55,Beauty,451.1,45.11,405.99,177.1,3.7,10.41
O508592,2025-09-24,C10695,P2072,2,0.2,85.85,152.66,Sports,305.32,61.06,244.26,171.7,3.99,7.12
O508593,2025-06-08,C10122,P2073,2,0.0,103.53,278.8,Apparel,557.6,0.0,557.6,207.06,4.32,11.36
O508594,2025-01-10,C10257,P2069,2,0.2,90.63,175.87,Apparel,351.74,70.35,281.39,181.26,4.09,6.13
O508595,2025-12-31,C10058,P2004,3,0.1,82.13,229.05,Sports,687.15,68.72,618.44,246.39,7.19,14.96
O508596,2025-10-10,C10773,P2023,1,0.0,99.43,207.17,Apparel,207.17,0.0,207.17,99.43,7.51,6.23
O508597,2025-04-05,C10472,P2059,2,0.0,74.58,192.13,Electronics,384.26,0.0,384.26,149.16,5.98,8.71
O508598,2026-04-10,C10755,P2052,2,0.1,85.13,212.17,Beauty,424.34,42.43,381.91,170.26,3.43,9.07
O508599,2026-01-29,C10909,P2058,1,0.05,56.31,124.87,Electronics,124.87,6.24,118.63,56.31,5.12,2.98
O508600,2025-04-23,C10544,P2015,3,0.2,32.67,56.68,Home,170.04,34.01,136.03,98.01,6.94,3.54
O508601,2026-04-04,C10696,P2062,2,0.1,69.71,151.88,Beauty,303.76,30.38,273.38,139.42,3.86,8.64
O508602,2026-03-26,C10045,P2035,2,0.1,33.04,85.13,Beauty,170.26,17.03,153.23,66.08,6.53,3.74
O508603,2025-07-01,C10695,P2009,3,0.1,89.03,195.13,Home,585.39,58.54,526.85,267.09,6.5,13.12
O508604,2025-06-24,C10968,P2026,1,0.15,25.88,63.53,Beauty,63.53,9.53,54.0,25.88,3.19,1.15
O508605,2025-06-10,C10406,P2079,1,0.15,76.11,150.73,Apparel,150.73,22.61,128.12,76.11,7.0,3.58
O508606,2025-03-04,C11000,P2022,3,0.05,39.69,79.46,Beauty,238.38,11.92,226.46,119.07,5.96,6.17
O508607,2025-05-10,C10305,P2033,2,0.0,102.58,280.83,Apparel,561.66,0.0,561.66,205.16,5.63,13.47
O508608,2025-08-14,C10487,P2030,1,0.0,81.44,160.67,Electronics,160.67,0.0,160.67,81.44,4.59,4.67
O508609,2026-05-05,C11054,P2019,3,0.2,28.46,61.03,Sports,183.09,36.62,146.47,85.38,4.43,3.44
O508610,2025-09-03,C10879,P2031,3,0.05,54.53,117.07,Sports,351.21,17.56,333.65,163.59,5.74,7.88
O508611,2025-08-09,C10901,P2062,1,0.1,69.71,151.88,Beauty,151.88,15.19,136.69,69.71,4.96,2.81
O508612,2025-01-31,C10886,P2066,1,0.1,21.23,45.94,Beauty,45.94,4.59,41.35,21.23,2.62,0.96
O508613,2025-12-03,C10525,P2068,3,0.1,54.46,128.05,Home,384.15,38.42,345.74,163.38,3.98,8.14
O508614,2025-05-29,C10505,P2045,1,0.15,54.87,109.92,Sports,109.92,16.49,93.43,54.87,3.94,1.99
O508615,2025-08-16,C10746,P2063,1,0.1,107.79,241.07,Sports,241.07,24.11,216.96,107.79,3.76,6.87
O508616,2026-06-24,C10373,P2058,1,0.0,56.31,124.87,Electronics,124.87,0.0,124.87,56.31,2.5,3.67
O508617,2026-04-04,C11040,P2019,2,0.2,28.46,61.03,Sports,122.06,24.41,97.65,56.92,2.51,2.61
O508618,2026-02-25,C11099,P2066,1,0.0,21.23,45.94,Beauty,45.94,0.0,45.94,21.23,5.67,0.9
O508619,2026-02-13,C10183,P2008,3,0.1,64.11,126.24,Beauty,378.72,37.87,340.85,192.33,4.66,6.59
O508620,2025-08-24,C10107,P2036,3,0.1,79.57,186.92,Apparel,560.76,56.08,504.68,238.71,6.24,13.23
O508621,2025-01-18,C10125,P2035,1,0.0,33.04,85.13,Beauty,85.13,0.0,85.13,33.04,5.78,1.7
O508622,2025-03-09,C10059,P2010,2,0.25,105.58,212.84,Electronics,425.68,106.42,319.26,211.16,4.56,9.44
O508623,2026-05-01,C10046,P2055,3,0.05,14.94,29.55,Sports,88.65,4.43,84.22,44.82,6.15,2.28
O508624,2026-02-08,C10691,P2033,3,0.0,102.58,280.83,Apparel,842.49,0.0,842.49,307.74,3.09,21.01
O508625,2026-05-24,C10989,P2033,3,0.0,102.58,280.83,Apparel,842.49,0.0,842.49,307.74,5.36,15.39
O508626,2026-04-20,C10879,P2067,3,0.1,89.48,177.38,Sports,532.14,53.21,478.93,268.44,6.4,11.25
O508627,2025-07-05,C10861,P2039,1,0.1,88.55,225.55,Beauty,225.55,22.56,203.0,88.55,6.61,4.42
O508628,2026-03-22,C11193,P2077,3,0.1,99.36,190.12,Apparel,570.36,57.04,513.32,298.08,5.26,13.01
O508629,2025-03-05,C10478,P2008,3,0.05,64.11,126.24,Beauty,378.72,18.94,359.78,192.33,5.11,10.36
O508630,2025-10-04,C10537,P2022,2,0.1,39.69,79.46,Beauty,158.92,15.89,143.03,79.38,6.39,4.08
O508631,2025-08-27,C10709,P2069,1,0.1,90.63,175.87,Apparel,175.87,17.59,158.28,90.63,4.69,4.22
O508632,2026-06-17,C10490,P2009,1,0.0,89.03,195.13,Home,195.13,0.0,195.13,89.03,5.82,5.95
O508633,2025-12-24,C10455,P2009,2,0.1,89.03,195.13,Home,390.26,39.03,351.23,178.06,5.51,7.35
O508634,2025-12-20,C10805,P2050,1,0.1,47.62,83.27,Beauty,83.27,8.33,74.94,47.62,5.84,2.06
O508635,2025-10-19,C10323,P2067,1,0.25,89.48,177.38,Sports,177.38,44.34,133.04,89.48,2.5,3.76
O508636,2025-02-10,C10905,P2005,2,0.05,21.42,39.38,Sports,78.76,3.94,74.82,42.84,4.8,2.18
O508637,2026-02-07,C10006,P2069,1,0.1,90.63,175.87,Apparel,175.87,17.59,158.28,90.63,6.45,4.86
O508638,2025-01-02,C10577,P2020,1,0.15,96.28,147.84,Home,147.84,22.18,125.66,96.28,2.5,3.51
O508639,2025-04-22,C10644,P2076,2,0.25,94.33,153.36,Apparel,306.72,76.68,230.04,188.66,5.97,4.31
O508640,2025-04-27,C10056,P2068,1,0.0,54.46,128.05,Home,128.05,0.0,128.05,54.46,5.28,3.41
O508641,2025-05-11,C11064,P2073,1,0.15,103.53,278.8,Apparel,278.8,41.82,236.98,103.53,3.59,6.77
O508642,2026-01-27,C10932,P2018,2,0.1,23.1,60.58,Apparel,121.16,12.12,109.04,46.2,9.6,2.28
O508643,2025-03-27,C10914,P2003,1,0.05,103.86,246.21,Sports,246.21,12.31,233.9,103.86,2.5,6.17
O508644,2026-05-31,C10558,P2069,2,0.0,90.63,175.87,Apparel,351.74,0.0,351.74,181.26,5.01,10.26
O508645,2025-12-10,C10078,P2056,2,0.0,12.18,29.13,Home,58.26,0.0,58.26,24.36,6.13,1.78
O508646,2025-09-25,C10007,P2068,2,0.05,54.46,128.05,Home,256.1,12.81,243.3,108.92,6.17,7.45
O508647,2026-02-16,C10496,P2014,1,0.15,105.6,279.48,Beauty,279.48,41.92,237.56,105.6,3.61,5.79
O508648,2025-07-21,C10365,P2006,2,0.2,90.83,200.16,Electronics,400.32,80.06,320.26,181.66,2.82,8.84
O508649,2025-11-19,C10256,P2072,2,0.1,85.85,152.66,Sports,305.32,30.53,274.79,171.7,5.77,5.2
O508650,2026-02-15,C11098,P2058,2,0.1,56.31,124.87,Electronics,249.74,24.97,224.77,112.62,2.8,4.71
O508651,2026-03-16,C10001,P2036,1,0.0,79.57,186.92,Apparel,186.92,0.0,186.92,79.57,4.98,5.96
O508652,2026-02-03,C10819,P2057,2,0.05,24.55,53.8,Beauty,107.6,5.38,102.22,49.1,7.16,2.05
O508653,2025-11-19,C10599,P2011,3,0.05,25.59,43.62,Electronics,130.86,6.54,124.32,76.77,5.67,3.39
O508654,2025-03-18,C10305,P2052,2,0.1,85.13,212.17,Beauty,424.34,42.43,381.91,170.26,5.44,7.29
O508655,2025-12-07,C10764,P2071,1,0.0,72.34,202.22,Beauty,202.22,0.0,202.22,72.34,3.88,5.74
O508656,2026-01-28,C10919,P2077,1,0.1,99.36,190.12,Apparel,190.12,19.01,171.11,99.36,4.06,3.93
O508657,2025-07-31,C10360,P2058,1,0.1,56.31,124.87,Electronics,124.87,12.49,112.38,56.31,2.5,3.33
O508658,2025-08-12,C10974,P2028,1,0.05,49.21,76.08,Beauty,76.08,3.8,72.28,49.21,6.7,1.99
O508659,2026-02-07,C10511,P2017,2,0.15,42.64,69.06,Apparel,138.12,20.72,117.4,85.28,6.64,2.33
O508660,2026-04-17,C10159,P2059,1,0.2,74.58,192.13,Electronics,192.13,38.43,153.7,74.58,6.66,3.16
O508661,2025-06-14,C11104,P2042,1,0.25,21.36,43.17,Sports,43.17,10.79,32.38,21.36,5.47,0.91
O508662,2025-02-06,C10574,P2013,1,0.15,14.91,32.18,Beauty,32.18,4.83,27.35,14.91,7.12,0.63
O508663,2026-03-15,C10349,P2047,2,0.05,23.95,36.37,Sports,72.74,3.64,69.1,47.9,5.29,1.76
O508664,2025-01-28,C10700,P2064,1,0.2,92.82,194.3,Sports,194.3,38.86,155.44,92.82,5.24,3.99
O508665,2025-06-17,C10359,P2019,2,0.2,28.46,61.03,Sports,122.06,24.41,97.65,56.92,2.5,3.0
O508666,2025-03-13,C10818,P2065,2,0.15,74.22,160.54,Electronics,321.08,48.16,272.92,148.44,5.67,7.16
O508667,2025-03-01,C10022,P2064,2,0.0,92.82,194.3,Sports,388.6,0.0,388.6,185.64,4.42,7.22
O508668,2025-11-21,C10705,P2009,1,0.0,89.03,195.13,Home,195.13,0.0,195.13,89.03,5.46,4.38
O508669,2026-06-24,C10810,P2040,2,0.0,46.24,112.16,Electronics,224.32,0.0,224.32,92.48,4.16,5.35
O508670,2026-03-22,C10773,P2020,3,0.0,96.28,147.84,Home,443.52,0.0,443.52,288.84,6.01,9.86
O508671,2025-07-15,C10917,P2030,3,0.1,81.44,160.67,Electronics,482.01,48.2,433.81,244.32,5.2,9.2
O508672,2025-07-21,C11140,P2045,1,0.25,54.87,109.92,Sports,109.92,27.48,82.44,54.87,4.14,1.77
O508673,2025-08-25,C10851,P2020,2,0.1,96.28,147.84,Home,295.68,29.57,266.11,192.56,5.85,5.22
O508674,2026-01-18,C10999,P2071,1,0.0,72.34,202.22,Beauty,202.22,0.0,202.22,72.34,3.38,4.85
O508675,2025-03-10,C10140,P2048,3,0.0,26.01,65.12,Home,195.36,0.0,195.36,78.03,5.37,5.67
O508676,2025-06-28,C10914,P2033,1,0.1,102.58,280.83,Apparel,280.83,28.08,252.75,102.58,5.48,4.82
O508677,2026-06-17,C10816,P2018,2,0.25,23.1,60.58,Apparel,121.16,30.29,90.87,46.2,8.09,2.9
O508678,2025-04-14,C10013,P2013,1,0.0,14.91,32.18,Beauty,32.18,0.0,32.18,14.91,4.19,0.91
O508679,2026-02-20,C10174,P2005,1,0.25,21.42,39.38,Sports,39.38,9.85,29.54,21.42,4.88,0.79
O508680,2026-05-16,C10612,P2049,1,0.25,75.64,173.14,Apparel,173.14,43.28,129.85,75.64,4.39,4.14
O508681,2025-06-09,C10681,P2059,3,0.15,74.58,192.13,Electronics,576.39,86.46,489.93,223.74,3.08,9.79
O508682,2025-10-26,C11148,P2068,2,0.1,54.46,128.05,Home,256.1,25.61,230.49,108.92,6.54,5.27
O508683,2025-07-05,C10436,P2040,1,0.2,46.24,112.16,Electronics,112.16,22.43,89.73,46.24,5.48,2.0
O508684,2025-06-08,C11093,P2042,2,0.1,21.36,43.17,Sports,86.34,8.63,77.71,42.72,5.9,1.65
O508685,2026-06-21,C10560,P2035,2,0.05,33.04,85.13,Beauty,170.26,8.51,161.75,66.08,3.8,5.1
O508686,2026-01-12,C10897,P2077,2,0.0,99.36,190.12,Apparel,380.24,0.0,380.24,198.72,5.44,11.38
O508687,2026-03-08,C10198,P2022,1,0.0,39.69,79.46,Beauty,79.46,0.0,79.46,39.69,4.55,2.42
O508688,2026-01-19,C10834,P2028,2,0.15,49.21,76.08,Beauty,152.16,22.82,129.34,98.42,3.57,2.54
O508689,2026-06-15,C10390,P2069,2,0.2,90.63,175.87,Apparel,351.74,70.35,281.39,181.26,5.12,5.75
O508690,2026-02-01,C10446,P2023,3,0.15,99.43,207.17,Apparel,621.51,93.23,528.28,298.29,5.34,11.44
O508691,2025-01-08,C10200,P2024,2,0.0,38.64,85.56,Electronics,171.12,0.0,171.12,77.28,2.5,5.16
O508692,2025-03-02,C10323,P2031,2,0.0,54.53,117.07,Sports,234.14,0.0,234.14,109.06,5.11,5.51
O508693,2025-04-16,C11058,P2061,3,0.0,92.46,150.56,Sports,451.68,0.0,451.68,277.38,6.56,13.36
O508694,2025-02-24,C10891,P2072,3,0.1,85.85,152.66,Sports,457.98,45.8,412.18,257.55,2.94,9.46
O508695,2026-03-13,C10674,P2014,1,0.2,105.6,279.48,Beauty,279.48,55.9,223.58,105.6,4.45,4.97
O508696,2025-08-06,C10982,P2071,2,0.05,72.34,202.22,Beauty,404.44,20.22,384.22,144.68,5.19,8.28
O508697,2025-10-25,C10039,P2046,1,0.15,41.9,79.58,Sports,79.58,11.94,67.64,41.9,2.5,1.35
O508698,2025-03-14,C10556,P2024,2,0.0,38.64,85.56,Electronics,171.12,0.0,171.12,77.28,6.69,4.53
O508699,2026-05-12,C10274,P2063,3,0.05,107.79,241.07,Sports,723.21,36.16,687.05,323.37,3.2,12.92
O508700,2026-02-25,C11190,P2045,2,0.15,54.87,109.92,Sports,219.84,32.98,186.86,109.74,6.46,4.6
O508701,2026-04-03,C11024,P2059,1,0.2,74.58,192.13,Electronics,192.13,38.43,153.7,74.58,4.01,3.46
O508702,2025-03-14,C10369,P2076,3,0.1,94.33,153.36,Apparel,460.08,46.01,414.07,282.99,5.3,8.93
O508703,2025-03-30,C10660,P2041,3,0.05,53.15,104.66,Apparel,313.98,15.7,298.28,159.45,7.45,8.38
O508704,2025-05-24,C10769,P2052,1,0.1,85.13,212.17,Beauty,212.17,21.22,190.95,85.13,3.7,3.44
O508705,2026-02-01,C10631,P2039,1,0.0,88.55,225.55,Beauty,225.55,0.0,225.55,88.55,8.07,6.61
O508706,2025-06-29,C10015,P2010,1,0.25,105.58,212.84,Electronics,212.84,53.21,159.63,105.58,7.39,2.97
O508707,2026-06-27,C10677,P2039,1,0.05,88.55,225.55,Beauty,225.55,11.28,214.27,88.55,2.76,4.71
O508708,2025-02-08,C10813,P2073,2,0.05,103.53,278.8,Apparel,557.6,27.88,529.72,207.06,5.0,14.32
O508709,2025-02-16,C10116,P2004,1,0.0,82.13,229.05,Sports,229.05,0.0,229.05,82.13,3.93,5.19
O508710,2026-03-20,C10158,P2052,1,0.1,85.13,212.17,Beauty,212.17,21.22,190.95,85.13,3.09,5.51
O508711,2025-10-23,C10496,P2015,1,0.0,32.67,56.68,Home,56.68,0.0,56.68,32.67,2.91,1.59
O508712,2025-04-20,C10927,P2056,2,0.0,12.18,29.13,Home,58.26,0.0,58.26,24.36,4.87,1.12
O508713,2026-04-28,C10105,P2013,3,0.0,14.91,32.18,Beauty,96.54,0.0,96.54,44.73,4.37,2.07
O508714,2025-04-16,C10672,P2017,2,0.15,42.64,69.06,Apparel,138.12,20.72,117.4,85.28,5.34,3.2
O508715,2025-03-05,C10132,P2076,3,0.2,94.33,153.36,Apparel,460.08,92.02,368.06,282.99,2.5,7.68
O508716,2026-01-11,C11131,P2031,1,0.0,54.53,117.07,Sports,117.07,0.0,117.07,54.53,6.55,3.23
O508717,2025-06-03,C11022,P2070,2,0.0,80.41,185.88,Sports,371.76,0.0,371.76,160.82,4.61,9.69
O508718,2025-09-24,C10866,P2027,1,0.1,39.51,103.84,Electronics,103.84,10.38,93.46,39.51,5.35,2.1
O508719,2025-08-23,C11186,P2008,1,0.05,64.11,126.24,Beauty,126.24,6.31,119.93,64.11,6.68,2.35
O508720,2025-06-08,C10954,P2023,1,0.0,99.43,207.17,Apparel,207.17,0.0,207.17,99.43,5.24,4.6
O508721,2026-03-27,C10025,P2028,3,0.0,49.21,76.08,Beauty,228.24,0.0,228.24,147.63,7.37,6.67
O508722,2025-03-01,C10935,P2079,1,0.25,76.11,150.73,Apparel,150.73,37.68,113.05,76.11,5.14,2.36
O508723,2025-07-17,C10654,P2028,2,0.25,49.21,76.08,Beauty,152.16,38.04,114.12,98.42,5.11,2.54
O508724,2025-03-01,C11167,P2031,2,0.0,54.53,117.07,Sports,234.14,0.0,234.14,109.06,5.48,5.43
O508725,2026-06-27,C10764,P2063,2,0.2,107.79,241.07,Sports,482.14,96.43,385.71,215.58,6.62,9.67
O508726,2025-11-14,C10962,P2011,1,0.1,25.59,43.62,Electronics,43.62,4.36,39.26,25.59,5.8,1.1
O508727,2025-03-20,C11156,P2011,1,0.1,25.59,43.62,Electronics,43.62,4.36,39.26,25.59,6.31,1.06
O508728,2026-01-10,C10546,P2070,1,0.1,80.41,185.88,Sports,185.88,18.59,167.29,80.41,2.52,3.32
O508729,2025-07-03,C10552,P2012,1,0.05,91.5,250.58,Home,250.58,12.53,238.05,91.5,5.61,6.68
O508730,2025-06-29,C10293,P2073,2,0.0,103.53,278.8,Apparel,557.6,0.0,557.6,207.06,7.27,14.61
O508731,2025-01-21,C10471,P2062,1,0.1,69.71,151.88,Beauty,151.88,15.19,136.69,69.71,4.91,3.08
O508732,2025-02-21,C10921,P2045,2,0.0,54.87,109.92,Sports,219.84,0.0,219.84,109.74,6.22,6.24
O508733,2025-07-22,C11160,P2054,1,0.1,19.42,50.24,Beauty,50.24,5.02,45.22,19.42,2.99,0.85
O508734,2025-05-10,C10576,P2026,2,0.15,25.88,63.53,Beauty,127.06,19.06,108.0,51.76,3.29,2.51
O508735,2026-06-20,C10107,P2015,2,0.05,32.67,56.68,Home,113.36,5.67,107.69,65.34,4.38,2.26
O508736,2025-10-16,C10305,P2008,2,0.1,64.11,126.24,Beauty,252.48,25.25,227.23,128.22,5.14,5.62
O508737,2025-08-14,C10368,P2002,1,0.1,36.16,61.12,Beauty,61.12,6.11,55.01,36.16,7.87,1.25
O508738,2026-05-20,C10444,P2018,1,0.05,23.1,60.58,Apparel,60.58,3.03,57.55,23.1,5.57,1.5
O508739,2025-05-17,C10309,P2016,2,0.1,23.99,66.65,Electronics,133.3,13.33,119.97,47.98,2.5,2.87
O508740,2025-07-08,C10212,P2036,1,0.05,79.57,186.92,Apparel,186.92,9.35,177.57,79.57,5.29,3.8
O508741,2025-09-23,C10143,P2014,1,0.0,105.6,279.48,Beauty,279.48,0.0,279.48,105.6,3.93,5.41
O508742,2025-11-03,C10723,P2000,3,0.0,20.01,46.3,Beauty,138.9,0.0,138.9,60.03,7.15,2.58
O508743,2026-06-11,C10806,P2070,3,0.0,80.41,185.88,Sports,557.64,0.0,557.64,241.23,6.05,17.11
O508744,2025-11-14,C10372,P2067,2,0.0,89.48,177.38,Sports,354.76,0.0,354.76,178.96,5.57,8.06
O508745,2026-05-16,C10191,P2063,2,0.05,107.79,241.07,Sports,482.14,24.11,458.03,215.58,7.31,13.94
O508746,2026-03-15,C10828,P2044,2,0.15,96.39,166.51,Electronics,333.02,49.95,283.07,192.78,3.14,8.72
O508747,2025-11-22,C10450,P2034,1,0.1,84.74,206.91,Electronics,206.91,20.69,186.22,84.74,3.97,4.5
O508748,2026-02-02,C11176,P2058,2,0.15,56.31,124.87,Electronics,249.74,37.46,212.28,112.62,4.97,6.78
O508749,2025-08-20,C10529,P2057,1,0.0,24.55,53.8,Beauty,53.8,0.0,53.8,24.55,6.53,1.02
O508750,2025-05-09,C10186,P2012,1,0.05,91.5,250.58,Home,250.58,12.53,238.05,91.5,4.49,4.55
O508751,2026-01-16,C10348,P2070,2,0.05,80.41,185.88,Sports,371.76,18.59,353.17,160.82,5.12,7.08
O508752,2025-05-16,C10535,P2041,2,0.05,53.15,104.66,Apparel,209.32,10.47,198.85,106.3,4.08,5.11
O508753,2025-09-16,C11132,P2078,3,0.2,80.99,151.9,Beauty,455.7,91.14,364.56,242.97,5.9,10.56
O508754,2025-10-03,C10667,P2048,3,0.2,26.01,65.12,Home,195.36,39.07,156.29,78.03,6.02,3.27
O508755,2025-07-01,C10997,P2044,1,0.1,96.39,166.51,Electronics,166.51,16.65,149.86,96.39,4.79,3.26
O508756,2026-03-07,C10388,P2029,2,0.1,30.95,55.54,Apparel,111.08,11.11,99.97,61.9,4.58,2.98
O508757,2025-02-20,C10570,P2033,1,0.1,102.58,280.83,Apparel,280.83,28.08,252.75,102.58,6.29,6.47
O508758,2026-06-27,C11045,P2045,3,0.15,54.87,109.92,Sports,329.76,49.46,280.3,164.61,7.0,8.61
O508759,2025-04-02,C10763,P2025,3,0.2,59.62,149.3,Electronics,447.9,89.58,358.32,178.86,4.37,8.52
O508760,2025-11-08,C10716,P2004,1,0.1,82.13,229.05,Sports,229.05,22.9,206.14,82.13,5.34,4.29
O508761,2026-01-03,C10394,P2046,1,0.1,41.9,79.58,Sports,79.58,7.96,71.62,41.9,2.5,1.8
O508762,2025-10-03,C10019,P2002,1,0.1,36.16,61.12,Beauty,61.12,6.11,55.01,36.16,5.61,1.72
O508763,2025-11-20,C10650,P2053,2,0.1,95.73,175.96,Electronics,351.92,35.19,316.73,191.46,5.32,5.79
O508764,2026-01-10,C10108,P2019,1,0.05,28.46,61.03,Sports,61.03,3.05,57.98,28.46,5.25,1.66
O508765,2025-01-19,C10802,P2025,1,0.1,59.62,149.3,Electronics,149.3,14.93,134.37,59.62,2.5,3.55
O508766,2025-07-16,C11062,P2011,1,0.1,25.59,43.62,Electronics,43.62,4.36,39.26,25.59,6.26,0.74
O508767,2025-01-24,C10593,P2035,1,0.15,33.04,85.13,Beauty,85.13,12.77,72.36,33.04,4.41,1.48
O508768,2025-10-25,C10074,P2045,3,0.0,54.87,109.92,Sports,329.76,0.0,329.76,164.61,5.97,7.12
O508769,2026-04-09,C10027,P2043,3,0.1,34.43,56.92,Electronics,170.76,17.08,153.68,103.29,5.36,3.09
O508770,2025-09-08,C10900,P2078,3,0.1,80.99,151.9,Beauty,455.7,45.57,410.13,242.97,5.15,9.11
O508771,2026-06-30,C10839,P2029,1,0.0,30.95,55.54,Apparel,55.54,0.0,55.54,30.95,7.16,1.61
O508772,2026-01-14,C10587,P2049,2,0.0,75.64,173.14,Apparel,346.28,0.0,346.28,151.28,6.24,10.75
O508773,2025-02-09,C10472,P2050,2,0.2,47.62,83.27,Beauty,166.54,33.31,133.23,95.24,4.27,3.33
O508774,2025-11-03,C10117,P2000,2,0.05,20.01,46.3,Beauty,92.6,4.63,87.97,40.02,3.94,1.7
O508775,2026-03-03,C10834,P2023,3,0.0,99.43,207.17,Apparel,621.51,0.0,621.51,298.29,7.24,14.14
O508776,2025-12-05,C10359,P2002,1,0.05,36.16,61.12,Beauty,61.12,3.06,58.06,36.16,5.27,1.16
O508777,2025-03-18,C10971,P2029,2,0.2,30.95,55.54,Apparel,111.08,22.22,88.86,61.9,6.38,2.08
O508778,2026-04-02,C10267,P2028,1,0.05,49.21,76.08,Beauty,76.08,3.8,72.28,49.21,4.27,1.35
O508779,2026-02-19,C10736,P2005,2,0.15,21.42,39.38,Sports,78.76,11.81,66.95,42.84,3.62,2.14
O508780,2025-10-16,C10786,P2044,2,0.15,96.39,166.51,Electronics,333.02,49.95,283.07,192.78,6.68,5.7
O508781,2026-01-14,C10217,P2003,3,0.05,103.86,246.21,Sports,738.63,36.93,701.7,311.58,2.63,17.56
O508782,2025-09-05,C10429,P2056,1,0.15,12.18,29.13,Home,29.13,4.37,24.76,12.18,3.22,0.46
O508783,2026-01-18,C10590,P2057,2,0.0,24.55,53.8,Beauty,107.6,0.0,107.6,49.1,3.41,1.95
O508784,2026-05-06,C10950,P2072,1,0.0,85.85,152.66,Sports,152.66,0.0,152.66,85.85,3.52,3.24
O508785,2025-05-02,C10720,P2025,1,0.0,59.62,149.3,Electronics,149.3,0.0,149.3,59.62,6.49,3.75
O508786,2026-02-04,C10420,P2075,1,0.0,49.49,125.61,Electronics,125.61,0.0,125.61,49.49,8.52,3.0
O508787,2025-08-08,C11014,P2076,1,0.15,94.33,153.36,Apparel,153.36,23.0,130.36,94.33,7.37,3.17
O508788,2025-10-24,C10196,P2008,2,0.15,64.11,126.24,Beauty,252.48,37.87,214.61,128.22,5.6,4.68
O508789,2026-06-27,C10077,P2054,2,0.0,19.42,50.24,Beauty,100.48,0.0,100.48,38.84,4.71,2.4
O508790,2025-10-30,C10967,P2019,2,0.1,28.46,61.03,Sports,122.06,12.21,109.85,56.92,5.4,2.99
O508791,2026-03-25,C10432,P2046,1,0.2,41.9,79.58,Sports,79.58,15.92,63.66,41.9,7.69,1.75
O508792,2025-04-07,C10105,P2019,1,0.15,28.46,61.03,Sports,61.03,9.15,51.88,28.46,7.22,1.43
O508793,2026-02-05,C10463,P2018,2,0.15,23.1,60.58,Apparel,121.16,18.17,102.99,46.2,3.65,3.24
O508794,2026-03-22,C10853,P2012,1,0.1,91.5,250.58,Home,250.58,25.06,225.52,91.5,4.41,4.69
O508795,2025-07-19,C10282,P2014,3,0.05,105.6,279.48,Beauty,838.44,41.92,796.52,316.8,6.81,16.05
O508796,2025-03-19,C10029,P2005,1,0.1,21.42,39.38,Sports,39.38,3.94,35.44,21.42,3.14,0.77
O508797,2025-12-24,C10041,P2056,1,0.2,12.18,29.13,Home,29.13,5.83,23.3,12.18,4.89,0.5
O508798,2025-09-29,C10310,P2022,3,0.1,39.69,79.46,Beauty,238.38,23.84,214.54,119.07,4.0,4.55
O508799,2026-03-29,C10371,P2028,2,0.0,49.21,76.08,Beauty,152.16,0.0,152.16,98.42,6.81,3.59
O508800,2025-04-19,C11199,P2005,2,0.05,21.42,39.38,Sports,78.76,3.94,74.82,42.84,4.71,1.75
O508801,2026-02-24,C10505,P2076,1,0.0,94.33,153.36,Apparel,153.36,0.0,153.36,94.33,3.92,3.12
O508802,2025-04-04,C10167,P2022,2,0.05,39.69,79.46,Beauty,158.92,7.95,150.97,79.38,4.55,3.12
O508803,2025-11-30,C10210,P2063,1,0.0,107.79,241.07,Sports,241.07,0.0,241.07,107.79,4.88,5.62
O508804,2025-01-27,C11068,P2000,1,0.0,20.01,46.3,Beauty,46.3,0.0,46.3,20.01,6.7,1.47
O508805,2025-09-26,C10744,P2026,1,0.0,25.88,63.53,Beauty,63.53,0.0,63.53,25.88,6.67,1.19
O508806,2026-02-27,C11044,P2012,1,0.1,91.5,250.58,Home,250.58,25.06,225.52,91.5,4.69,4.51
O508807,2026-06-24,C11049,P2010,3,0.1,105.58,212.84,Electronics,638.52,63.85,574.67,316.74,4.96,16.02
O508808,2025-10-27,C10439,P2040,3,0.15,46.24,112.16,Electronics,336.48,50.47,286.01,138.72,6.14,8.43
O508809,2025-07-17,C10270,P2045,1,0.0,54.87,109.92,Sports,109.92,0.0,109.92,54.87,2.99,2.43
O508810,2025-01-29,C11005,P2027,2,0.05,39.51,103.84,Electronics,207.68,10.38,197.3,79.02,5.52,4.49
O508811,2025-09-11,C11162,P2017,1,0.15,42.64,69.06,Apparel,69.06,10.36,58.7,42.64,3.79,1.35
O508812,2025-06-07,C10699,P2050,1,0.0,47.62,83.27,Beauty,83.27,0.0,83.27,47.62,7.72,1.95
O508813,2026-04-26,C10078,P2051,1,0.05,21.09,56.25,Home,56.25,2.81,53.44,21.09,6.12,1.11
O508814,2026-01-30,C10645,P2016,3,0.15,23.99,66.65,Electronics,199.95,29.99,169.96,71.97,3.94,4.8
O508815,2026-02-03,C10049,P2075,1,0.0,49.49,125.61,Electronics,125.61,0.0,125.61,49.49,4.4,3.09
O508816,2025-03-03,C11061,P2015,1,0.15,32.67,56.68,Home,56.68,8.5,48.18,32.67,4.0,1.33
O508817,2025-07-10,C10256,P2033,2,0.15,102.58,280.83,Apparel,561.66,84.25,477.41,205.16,2.58,13.13
O508818,2025-03-12,C11122,P2077,2,0.0,99.36,190.12,Apparel,380.24,0.0,380.24,198.72,3.21,10.95
O508819,2025-09-01,C10810,P2034,1,0.0,84.74,206.91,Electronics,206.91,0.0,206.91,84.74,5.46,5.48
O508820,2025-05-31,C10522,P2027,1,0.25,39.51,103.84,Electronics,103.84,25.96,77.88,39.51,3.72,1.56
O508821,2026-03-18,C10140,P2065,2,0.2,74.22,160.54,Electronics,321.08,64.22,256.86,148.44,6.9,7.86
O508822,2025-11-27,C10270,P2045,2,0.0,54.87,109.92,Sports,219.84,0.0,219.84,109.74,7.67,4.95
O508823,2026-04-20,C10975,P2016,1,0.05,23.99,66.65,Electronics,66.65,3.33,63.32,23.99,5.62,1.28
O508824,2025-01-17,C10929,P2054,1,0.1,19.42,50.24,Beauty,50.24,5.02,45.22,19.42,5.17,0.87
O508825,2025-05-04,C10395,P2009,2,0.2,89.03,195.13,Home,390.26,78.05,312.21,178.06,4.72,7.86
O508826,2025-01-29,C10375,P2047,1,0.05,23.95,36.37,Sports,36.37,1.82,34.55,23.95,4.97,0.97
O508827,2025-04-21,C10470,P2014,2,0.1,105.6,279.48,Beauty,558.96,55.9,503.06,211.2,3.54,10.79
O508828,2025-04-30,C10851,P2074,3,0.15,60.53,130.38,Sports,391.14,58.67,332.47,181.59,4.27,8.55
O508829,2026-05-22,C10188,P2064,2,0.05,92.82,194.3,Sports,388.6,19.43,369.17,185.64,4.13,10.84
O508830,2025-05-02,C11071,P2070,2,0.05,80.41,185.88,Sports,371.76,18.59,353.17,160.82,3.7,10.25
O508831,2025-12-14,C10137,P2009,1,0.05,89.03,195.13,Home,195.13,9.76,185.37,89.03,4.49,3.72
O508832,2025-06-25,C10769,P2008,3,0.05,64.11,126.24,Beauty,378.72,18.94,359.78,192.33,2.5,10.68
O508833,2026-03-25,C10680,P2025,2,0.2,59.62,149.3,Electronics,298.6,59.72,238.88,119.24,4.6,4.51
O508834,2025-03-31,C10535,P2078,3,0.25,80.99,151.9,Beauty,455.7,113.93,341.78,242.97,4.94,6.37
O508835,2026-01-17,C10500,P2065,3,0.05,74.22,160.54,Electronics,481.62,24.08,457.54,222.66,6.66,10.55
O508836,2026-04-09,C10476,P2018,1,0.0,23.1,60.58,Apparel,60.58,0.0,60.58,23.1,5.94,1.47
O508837,2026-05-29,C10572,P2051,2,0.15,21.09,56.25,Home,112.5,16.88,95.62,42.18,2.71,2.6
O508838,2026-04-29,C10150,P2037,2,0.0,19.43,42.14,Home,84.28,0.0,84.28,38.86,4.91,2.05
O508839,2025-08-04,C10132,P2066,2,0.05,21.23,45.94,Beauty,91.88,4.59,87.29,42.46,7.6,2.63
O508840,2026-01-27,C10324,P2015,1,0.1,32.67,56.68,Home,56.68,5.67,51.01,32.67,3.51,1.44
O508841,2025-10-25,C10351,P2063,1,0.1,107.79,241.07,Sports,241.07,24.11,216.96,107.79,5.86,4.7
O508842,2025-05-01,C10105,P2053,3,0.15,95.73,175.96,Electronics,527.88,79.18,448.7,287.19,4.89,12.24
O508843,2025-09-23,C10239,P2036,1,0.05,79.57,186.92,Apparel,186.92,9.35,177.57,79.57,4.3,3.99
O508844,2025-03-23,C10540,P2009,1,0.1,89.03,195.13,Home,195.13,19.51,175.62,89.03,4.72,3.89
O508845,2025-05-19,C10619,P2061,1,0.1,92.46,150.56,Sports,150.56,15.06,135.5,92.46,5.33,2.89
O508846,2026-05-03,C10499,P2013,1,0.0,14.91,32.18,Beauty,32.18,0.0,32.18,14.91,5.14,0.77
O508847,2026-01-03,C11039,P2075,2,0.0,49.49,125.61,Electronics,251.22,0.0,251.22,98.98,6.95,5.86
O508848,2025-04-25,C11068,P2063,1,0.05,107.79,241.07,Sports,241.07,12.05,229.02,107.79,5.72,5.49
O508849,2025-07-28,C10085,P2052,3,0.0,85.13,212.17,Beauty,636.51,0.0,636.51,255.39,4.71,13.42
O508850,2025-12-24,C10765,P2026,3,0.15,25.88,63.53,Beauty,190.59,28.59,162.0,77.64,2.5,4.24
O508851,2025-04-23,C11092,P2042,2,0.0,21.36,43.17,Sports,86.34,0.0,86.34,42.72,6.09,2.24
O508852,2025-05-20,C10806,P2002,1,0.0,36.16,61.12,Beauty,61.12,0.0,61.12,36.16,3.16,1.55
O508853,2025-06-07,C11136,P2026,2,0.2,25.88,63.53,Beauty,127.06,25.41,101.65,51.76,7.59,2.51
O508854,2025-07-14,C10068,P2061,3,0.0,92.46,150.56,Sports,451.68,0.0,451.68,277.38,2.65,9.27
O508855,2025-04-22,C10136,P2022,1,0.1,39.69,79.46,Beauty,79.46,7.95,71.51,39.69,3.98,1.83
O508856,2026-04-23,C10917,P2013,1,0.1,14.91,32.18,Beauty,32.18,3.22,28.96,14.91,6.3,0.71
O508857,2025-11-06,C10937,P2068,2,0.15,54.46,128.05,Home,256.1,38.42,217.69,108.92,6.04,6.54
O508858,2025-12-03,C10706,P2050,1,0.2,47.62,83.27,Beauty,83.27,16.65,66.62,47.62,4.0,1.35
O508859,2025-02-25,C10753,P2000,2,0.15,20.01,46.3,Beauty,92.6,13.89,78.71,40.02,7.23,1.49
O508860,2025-11-15,C10957,P2039,1,0.0,88.55,225.55,Beauty,225.55,0.0,225.55,88.55,4.76,5.54
O508861,2025-10-29,C10212,P2051,1,0.0,21.09,56.25,Home,56.25,0.0,56.25,21.09,5.55,1.43
O508862,2025-08-31,C10607,P2031,1,0.05,54.53,117.07,Sports,117.07,5.85,111.22,54.53,7.51,2.51
O508863,2026-02-01,C10367,P2060,2,0.0,91.93,225.41,Sports,450.82,0.0,450.82,183.86,6.53,10.01
O508864,2026-06-22,C11022,P2009,2,0.2,89.03,195.13,Home,390.26,78.05,312.21,178.06,6.17,7.15
O508865,2026-05-29,C10009,P2059,1,0.2,74.58,192.13,Electronics,192.13,38.43,153.7,74.58,4.2,3.07
O508866,2025-10-26,C11145,P2075,1,0.15,49.49,125.61,Electronics,125.61,18.84,106.77,49.49,6.56,2.41
O508867,2025-05-21,C10609,P2027,1,0.15,39.51,103.84,Electronics,103.84,15.58,88.26,39.51,6.26,2.45
O508868,2025-01-04,C10610,P2035,2,0.0,33.04,85.13,Beauty,170.26,0.0,170.26,66.08,3.06,3.46
O508869,2025-05-23,C10177,P2071,1,0.05,72.34,202.22,Beauty,202.22,10.11,192.11,72.34,5.21,5.49
O508870,2026-05-04,C10473,P2014,3,0.0,105.6,279.48,Beauty,838.44,0.0,838.44,316.8,4.06,25.08
O508871,2025-09-10,C10615,P2067,1,0.05,89.48,177.38,Sports,177.38,8.87,168.51,89.48,4.19,4.45
O508872,2025-10-20,C10413,P2011,1,0.2,25.59,43.62,Electronics,43.62,8.72,34.9,25.59,6.06,0.67
O508873,2026-04-10,C10689,P2066,2,0.05,21.23,45.94,Beauty,91.88,4.59,87.29,42.46,5.38,1.73
O508874,2026-06-28,C10644,P2013,2,0.15,14.91,32.18,Beauty,64.36,9.65,54.71,29.82,5.02,1.61
O508875,2025-10-11,C11142,P2004,1,0.15,82.13,229.05,Sports,229.05,34.36,194.69,82.13,6.63,4.78
O508876,2025-12-25,C11097,P2045,1,0.1,54.87,109.92,Sports,109.92,10.99,98.93,54.87,5.94,2.93
O508877,2025-05-08,C11048,P2005,1,0.15,21.42,39.38,Sports,39.38,5.91,33.47,21.42,3.72,0.71
O508878,2026-05-31,C10068,P2067,1,0.0,89.48,177.38,Sports,177.38,0.0,177.38,89.48,3.73,5.4
O508879,2026-04-13,C10011,P2001,1,0.2,67.86,159.31,Electronics,159.31,31.86,127.45,67.86,4.66,3.4
O508880,2025-03-22,C10012,P2010,2,0.1,105.58,212.84,Electronics,425.68,42.57,383.11,211.16,6.8,10.88
O508881,2026-01-23,C10801,P2004,1,0.0,82.13,229.05,Sports,229.05,0.0,229.05,82.13,6.95,6.51
O508882,2025-12-29,C10912,P2037,3,0.1,19.43,42.14,Home,126.42,12.64,113.78,58.29,3.26,3.17
O508883,2025-02-17,C10627,P2051,3,0.15,21.09,56.25,Home,168.75,25.31,143.44,63.27,5.36,4.02
O508884,2025-06-19,C10443,P2029,3,0.1,30.95,55.54,Apparel,166.62,16.66,149.96,92.85,4.59,3.96
O508885,2025-05-11,C10522,P2042,2,0.0,21.36,43.17,Sports,86.34,0.0,86.34,42.72,5.73,2.68
O508886,2025-06-05,C10982,P2040,2,0.0,46.24,112.16,Electronics,224.32,0.0,224.32,92.48,4.45,5.49
O508887,2025-05-18,C11077,P2024,1,0.05,38.64,85.56,Electronics,85.56,4.28,81.28,38.64,5.25,2.01
O508888,2026-01-15,C10093,P2063,1,0.05,107.79,241.07,Sports,241.07,12.05,229.02,107.79,5.9,5.75
O508889,2025-05-07,C10466,P2011,1,0.05,25.59,43.62,Electronics,43.62,2.18,41.44,25.59,3.64,1.19
O508890,2025-12-31,C10432,P2005,1,0.0,21.42,39.38,Sports,39.38,0.0,39.38,21.42,3.28,0.94
O508891,2026-05-17,C10719,P2059,2,0.0,74.58,192.13,Electronics,384.26,0.0,384.26,149.16,4.76,9.67
O508892,2025-04-04,C11187,P2060,2,0.1,91.93,225.41,Sports,450.82,45.08,405.74,183.86,5.58,10.07
O508893,2025-04-11,C10603,P2054,1,0.15,19.42,50.24,Beauty,50.24,7.54,42.7,19.42,6.31,0.99
O508894,2026-03-24,C10843,P2049,2,0.1,75.64,173.14,Apparel,346.28,34.63,311.65,151.28,2.5,7.49
O508895,2025-09-09,C10930,P2007,3,0.2,81.19,138.2,Apparel,414.6,82.92,331.68,243.57,4.91,8.59
O508896,2025-08-30,C10605,P2077,2,0.0,99.36,190.12,Apparel,380.24,0.0,380.24,198.72,5.16,11.25
O508897,2026-06-12,C10108,P2079,2,0.0,76.11,150.73,Apparel,301.46,0.0,301.46,152.22,4.08,7.86
O508898,2025-08-18,C10749,P2005,2,0.15,21.42,39.38,Sports,78.76,11.81,66.95,42.84,8.33,1.47
O508899,2025-04-17,C10947,P2026,1,0.05,25.88,63.53,Beauty,63.53,3.18,60.35,25.88,6.4,1.86
O508900,2026-06-06,C10928,P2073,3,0.05,103.53,278.8,Apparel,836.4,41.82,794.58,310.59,3.98,15.15
O508901,2025-06-18,C10726,P2007,2,0.1,81.19,138.2,Apparel,276.4,27.64,248.76,162.38,2.5,4.96
O508902,2026-06-12,C10184,P2013,1,0.25,14.91,32.18,Beauty,32.18,8.04,24.14,14.91,5.05,0.58
O508903,2026-03-03,C10862,P2012,2,0.25,91.5,250.58,Home,501.16,125.29,375.87,183.0,6.77,11.93
O508904,2025-03-16,C10016,P2072,2,0.05,85.85,152.66,Sports,305.32,15.27,290.05,171.7,4.18,8.85
O508905,2026-06-03,C10785,P2052,2,0.0,85.13,212.17,Beauty,424.34,0.0,424.34,170.26,3.94,13.3
O508906,2025-12-03,C10096,P2074,2,0.0,60.53,130.38,Sports,260.76,0.0,260.76,121.06,4.95,5.98
O508907,2026-06-11,C10773,P2042,3,0.1,21.36,43.17,Sports,129.51,12.95,116.56,64.08,4.98,2.47
O508908,2026-02-02,C10603,P2072,3,0.15,85.85,152.66,Sports,457.98,68.7,389.28,257.55,2.92,10.32
O508909,2025-08-22,C10496,P2066,1,0.1,21.23,45.94,Beauty,45.94,4.59,41.35,21.23,3.7,1.0
O508910,2026-03-25,C11171,P2020,2,0.05,96.28,147.84,Home,295.68,14.78,280.9,192.56,3.04,7.04
O508911,2025-11-27,C10344,P2031,1,0.15,54.53,117.07,Sports,117.07,17.56,99.51,54.53,7.31,1.91
O508912,2025-03-26,C11132,P2026,2,0.05,25.88,63.53,Beauty,127.06,6.35,120.71,51.76,5.5,3.02
O508913,2025-05-31,C11118,P2029,1,0.1,30.95,55.54,Apparel,55.54,5.55,49.99,30.95,6.58,1.12
O508914,2025-01-30,C11194,P2016,2,0.15,23.99,66.65,Electronics,133.3,20.0,113.3,47.98,3.71,3.35
O508915,2025-01-19,C10494,P2018,2,0.05,23.1,60.58,Apparel,121.16,6.06,115.1,46.2,2.5,2.68
O508916,2026-05-03,C10654,P2000,1,0.15,20.01,46.3,Beauty,46.3,6.94,39.35,20.01,3.95,0.95
O508917,2025-10-18,C10793,P2030,1,0.1,81.44,160.67,Electronics,160.67,16.07,144.6,81.44,4.63,4.07
O508918,2025-04-28,C10527,P2076,2,0.1,94.33,153.36,Apparel,306.72,30.67,276.05,188.66,5.16,8.6
O508919,2025-03-18,C10182,P2076,3,0.0,94.33,153.36,Apparel,460.08,0.0,460.08,282.99,5.27,9.94
O508920,2025-09-30,C10797,P2003,1,0.2,103.86,246.21,Sports,246.21,49.24,196.97,103.86,5.92,5.93
O508921,2025-07-30,C10165,P2014,1,0.2,105.6,279.48,Beauty,279.48,55.9,223.58,105.6,5.51,6.93
O508922,2025-02-04,C10031,P2006,3,0.0,90.83,200.16,Electronics,600.48,0.0,600.48,272.49,4.62,14.05
O508923,2025-03-10,C10276,P2008,1,0.15,64.11,126.24,Beauty,126.24,18.94,107.3,64.11,4.06,2.29
O508924,2026-04-04,C10753,P2023,1,0.2,99.43,207.17,Apparel,207.17,41.43,165.74,99.43,2.87,4.88
O508925,2026-05-01,C10013,P2010,3,0.1,105.58,212.84,Electronics,638.52,63.85,574.67,316.74,8.02,16.75
O508926,2025-02-11,C10314,P2052,1,0.15,85.13,212.17,Beauty,212.17,31.83,180.34,85.13,5.37,5.35
O508927,2025-02-19,C10416,P2079,2,0.15,76.11,150.73,Apparel,301.46,45.22,256.24,152.22,4.54,7.23
O508928,2025-01-02,C10344,P2028,1,0.1,49.21,76.08,Beauty,76.08,7.61,68.47,49.21,2.77,1.86
O508929,2025-01-18,C11095,P2005,1,0.1,21.42,39.38,Sports,39.38,3.94,35.44,21.42,4.71,0.85
O508930,2026-02-01,C10170,P2052,3,0.15,85.13,212.17,Beauty,636.51,95.48,541.03,255.39,4.67,10.09
O508931,2025-05-23,C10733,P2061,1,0.0,92.46,150.56,Sports,150.56,0.0,150.56,92.46,5.91,4.73
O508932,2026-03-04,C10758,P2023,1,0.15,99.43,207.17,Apparel,207.17,31.08,176.09,99.43,5.03,4.68
O508933,2025-11-23,C10550,P2046,1,0.0,41.9,79.58,Sports,79.58,0.0,79.58,41.9,4.66,1.91
O508934,2026-04-26,C10528,P2051,1,0.2,21.09,56.25,Home,56.25,11.25,45.0,21.09,4.44,0.92
O508935,2025-04-29,C10303,P2077,2,0.05,99.36,190.12,Apparel,380.24,19.01,361.23,198.72,3.25,10.02
O508936,2025-12-08,C10211,P2075,1,0.2,49.49,125.61,Electronics,125.61,25.12,100.49,49.49,4.17,2.2
O508937,2025-04-10,C10370,P2028,1,0.05,49.21,76.08,Beauty,76.08,3.8,72.28,49.21,6.14,2.05
O508938,2026-04-07,C10481,P2029,1,0.1,30.95,55.54,Apparel,55.54,5.55,49.99,30.95,4.55,1.42
O508939,2026-04-26,C10612,P2039,1,0.1,88.55,225.55,Beauty,225.55,22.56,203.0,88.55,4.38,6.04
O508940,2025-12-12,C10441,P2073,2,0.0,103.53,278.8,Apparel,557.6,0.0,557.6,207.06,5.0,15.26
O508941,2026-04-18,C10871,P2060,1,0.1,91.93,225.41,Sports,225.41,22.54,202.87,91.93,4.73,5.63
O508942,2025-04-09,C10659,P2007,1,0.0,81.19,138.2,Apparel,138.2,0.0,138.2,81.19,6.33,3.15
O508943,2025-02-19,C10293,P2002,1,0.05,36.16,61.12,Beauty,61.12,3.06,58.06,36.16,2.95,1.06
O508944,2025-06-30,C10678,P2039,2,0.0,88.55,225.55,Beauty,451.1,0.0,451.1,177.1,4.71,14.04
O508945,2025-06-20,C10031,P2011,1,0.15,25.59,43.62,Electronics,43.62,6.54,37.08,25.59,2.69,1.18
O508946,2025-06-03,C10169,P2023,1,0.2,99.43,207.17,Apparel,207.17,41.43,165.74,99.43,7.1,3.6
O508947,2025-02-20,C10600,P2006,1,0.15,90.83,200.16,Electronics,200.16,30.02,170.14,90.83,4.06,3.69
O508948,2025-07-14,C10001,P2043,3,0.0,34.43,56.92,Electronics,170.76,0.0,170.76,103.29,6.75,4.32
O508949,2026-06-10,C10322,P2050,2,0.0,47.62,83.27,Beauty,166.54,0.0,166.54,95.24,5.11,5.31
O508950,2025-04-02,C11053,P2061,1,0.1,92.46,150.56,Sports,150.56,15.06,135.5,92.46,6.05,3.31
O508951,2025-04-13,C10063,P2049,3,0.0,75.64,173.14,Apparel,519.42,0.0,519.42,226.92,4.54,9.36
O508952,2025-09-21,C10593,P2048,3,0.05,26.01,65.12,Home,195.36,9.77,185.59,78.03,4.61,3.42
O508953,2025-01-30,C10369,P2021,2,0.0,75.19,147.18,Electronics,294.36,0.0,294.36,150.38,6.51,8.17
O508954,2026-03-13,C10620,P2065,2,0.1,74.22,160.54,Electronics,321.08,32.11,288.97,148.44,4.82,8.42
O508955,2025-05-29,C10279,P2049,3,0.2,75.64,173.14,Apparel,519.42,103.88,415.54,226.92,3.49,12.11
O508956,2026-06-10,C11166,P2042,1,0.25,21.36,43.17,Sports,43.17,10.79,32.38,21.36,6.26,0.87
O508957,2025-03-29,C10656,P2059,2,0.05,74.58,192.13,Electronics,384.26,19.21,365.05,149.16,4.48,10.44
O508958,2025-09-09,C11021,P2057,1,0.1,24.55,53.8,Beauty,53.8,5.38,48.42,24.55,3.83,1.46
O508959,2025-07-10,C10450,P2021,2,0.05,75.19,147.18,Electronics,294.36,14.72,279.64,150.38,2.5,6.89
O508960,2026-04-04,C10030,P2012,1,0.1,91.5,250.58,Home,250.58,25.06,225.52,91.5,4.48,5.8
O508961,2025-06-23,C11031,P2051,2,0.0,21.09,56.25,Home,112.5,0.0,112.5,42.18,5.53,2.39
O508962,2025-10-05,C10671,P2016,3,0.05,23.99,66.65,Electronics,199.95,10.0,189.95,71.97,2.5,4.43
O508963,2025-03-01,C10422,P2060,2,0.15,91.93,225.41,Sports,450.82,67.62,383.2,183.86,6.26,8.99
O508964,2026-01-24,C10888,P2006,1,0.05,90.83,200.16,Electronics,200.16,10.01,190.15,90.83,4.74,4.67
O508965,2026-05-29,C10688,P2021,1,0.1,75.19,147.18,Electronics,147.18,14.72,132.46,75.19,8.16,3.79
O508966,2025-05-02,C11088,P2078,1,0.05,80.99,151.9,Beauty,151.9,7.6,144.3,80.99,7.81,3.93
O508967,2026-05-17,C10521,P2030,2,0.15,81.44,160.67,Electronics,321.34,48.2,273.14,162.88,4.69,6.04
O508968,2025-07-14,C10793,P2033,1,0.2,102.58,280.83,Apparel,280.83,56.17,224.66,102.58,4.26,6.05
O508969,2026-03-25,C10793,P2055,2,0.05,14.94,29.55,Sports,59.1,2.96,56.14,29.88,2.5,1.45
O508970,2025-01-11,C11042,P2074,2,0.1,60.53,130.38,Sports,260.76,26.08,234.68,121.06,5.03,5.12
O508971,2025-07-11,C10619,P2019,1,0.15,28.46,61.03,Sports,61.03,9.15,51.88,28.46,7.22,0.95
O508972,2025-08-14,C10173,P2071,1,0.0,72.34,202.22,Beauty,202.22,0.0,202.22,72.34,6.27,5.79
O508973,2025-07-27,C10867,P2048,2,0.05,26.01,65.12,Home,130.24,6.51,123.73,52.02,5.37,3.88
O508974,2026-02-11,C10320,P2006,2,0.1,90.83,200.16,Electronics,400.32,40.03,360.29,181.66,6.1,7.51
O508975,2025-07-20,C10831,P2013,1,0.2,14.91,32.18,Beauty,32.18,6.44,25.74,14.91,5.18,0.79
O508976,2025-07-10,C10671,P2004,2,0.0,82.13,229.05,Sports,458.1,0.0,458.1,164.26,5.77,9.55
O508977,2025-06-03,C10198,P2075,1,0.2,49.49,125.61,Electronics,125.61,25.12,100.49,49.49,6.85,2.15
O508978,2025-10-28,C10447,P2035,1,0.1,33.04,85.13,Beauty,85.13,8.51,76.62,33.04,5.26,1.9
O508979,2025-08-23,C10751,P2014,1,0.0,105.6,279.48,Beauty,279.48,0.0,279.48,105.6,4.71,8.81
O508980,2025-11-23,C11105,P2052,1,0.2,85.13,212.17,Beauty,212.17,42.43,169.74,85.13,4.51,3.9
O508981,2025-03-21,C10344,P2024,2,0.15,38.64,85.56,Electronics,171.12,25.67,145.45,77.28,6.23,2.74
O508982,2025-03-28,C10602,P2077,2,0.1,99.36,190.12,Apparel,380.24,38.02,342.22,198.72,2.5,6.77
O508983,2025-07-13,C10295,P2027,1,0.25,39.51,103.84,Electronics,103.84,25.96,77.88,39.51,2.5,1.87
O508984,2025-06-04,C10895,P2070,1,0.25,80.41,185.88,Sports,185.88,46.47,139.41,80.41,3.58,4.4
O508985,2025-03-04,C10316,P2075,1,0.1,49.49,125.61,Electronics,125.61,12.56,113.05,49.49,5.44,3.1
O508986,2025-12-01,C11050,P2025,2,0.2,59.62,149.3,Electronics,298.6,59.72,238.88,119.24,3.26,5.53
O508987,2025-06-03,C10392,P2018,2,0.1,23.1,60.58,Apparel,121.16,12.12,109.04,46.2,4.58,2.84
O508988,2025-09-04,C10088,P2001,1,0.05,67.86,159.31,Electronics,159.31,7.97,151.34,67.86,3.65,4.13
O508989,2025-02-15,C10150,P2066,1,0.05,21.23,45.94,Beauty,45.94,2.3,43.64,21.23,5.57,0.8
O508990,2026-02-25,C10756,P2060,1,0.0,91.93,225.41,Sports,225.41,0.0,225.41,91.93,3.06,5.78
O508991,2025-03-03,C10287,P2021,1,0.1,75.19,147.18,Electronics,147.18,14.72,132.46,75.19,7.09,3.63
O508992,2026-04-10,C10880,P2009,1,0.15,89.03,195.13,Home,195.13,29.27,165.86,89.03,6.8,4.35
O508993,2025-01-10,C10096,P2066,1,0.1,21.23,45.94,Beauty,45.94,4.59,41.35,21.23,5.45,1.01
O508994,2026-06-05,C10392,P2049,2,0.05,75.64,173.14,Apparel,346.28,17.31,328.97,151.28,4.37,9.12
O508995,2025-06-04,C10651,P2006,1,0.05,90.83,200.16,Electronics,200.16,10.01,190.15,90.83,8.98,5.72
O508996,2025-09-01,C10307,P2042,3,0.0,21.36,43.17,Sports,129.51,0.0,129.51,64.08,5.76,2.43
O508997,2026-03-30,C10204,P2041,1,0.15,53.15,104.66,Apparel,104.66,15.7,88.96,53.15,3.77,2.62
O508998,2026-05-31,C10086,P2027,1,0.05,39.51,103.84,Electronics,103.84,5.19,98.65,39.51,5.73,2.76
O508999,2025-12-01,C10588,P2039,1,0.05,88.55,225.55,Beauty,225.55,11.28,214.27,88.55,3.52,6.71
O509000,2025-03-29,C10174,P2057,1,0.2,24.55,53.8,Beauty,53.8,10.76,43.04,24.55,5.11,1.23
O509001,2025-10-06,C10961,P2008,3,0.1,64.11,126.24,Beauty,378.72,37.87,340.85,192.33,4.8,10.15
O509002,2025-01-15,C10640,P2029,2,0.25,30.95,55.54,Apparel,111.08,27.77,83.31,61.9,5.07,2.41
O509003,2026-05-09,C10375,P2001,1,0.1,67.86,159.31,Electronics,159.31,15.93,143.38,67.86,5.06,4.26
O509004,2025-12-14,C10423,P2057,1,0.2,24.55,53.8,Beauty,53.8,10.76,43.04,24.55,5.8,1.29
O509005,2025-04-23,C10882,P2006,2,0.25,90.83,200.16,Electronics,400.32,100.08,300.24,181.66,4.79,9.19
O509006,2026-05-16,C11006,P2015,2,0.2,32.67,56.68,Home,113.36,22.67,90.69,65.34,5.01,2.67
O509007,2026-04-25,C11125,P2077,2,0.0,99.36,190.12,Apparel,380.24,0.0,380.24,198.72,7.18,7.21
O509008,2025-03-18,C10896,P2045,1,0.0,54.87,109.92,Sports,109.92,0.0,109.92,54.87,3.89,2.89
O509009,2026-02-20,C10743,P2005,1,0.05,21.42,39.38,Sports,39.38,1.97,37.41,21.42,3.77,1.07
O509010,2025-04-09,C10700,P2065,2,0.05,74.22,160.54,Electronics,321.08,16.05,305.03,148.44,4.53,6.24
O509011,2025-01-30,C10692,P2005,1,0.1,21.42,39.38,Sports,39.38,3.94,35.44,21.42,5.35,0.81
O509012,2025-07-15,C10916,P2054,2,0.05,19.42,50.24,Beauty,100.48,5.02,95.46,38.84,6.03,2.39
O509013,2025-12-07,C10298,P2003,3,0.15,103.86,246.21,Sports,738.63,110.79,627.84,311.58,6.74,19.59
O509014,2025-08-10,C10815,P2000,2,0.0,20.01,46.3,Beauty,92.6,0.0,92.6,40.02,3.78,2.79
O509015,2025-01-05,C10130,P2050,1,0.1,47.62,83.27,Beauty,83.27,8.33,74.94,47.62,5.24,1.63
O509016,2026-01-03,C10698,P2052,1,0.2,85.13,212.17,Beauty,212.17,42.43,169.74,85.13,6.98,3.13
O509017,2026-06-18,C10494,P2040,1,0.25,46.24,112.16,Electronics,112.16,28.04,84.12,46.24,5.21,2.68
O509018,2025-10-28,C10652,P2028,1,0.2,49.21,76.08,Beauty,76.08,15.22,60.86,49.21,6.14,1.57
O509019,2025-01-24,C10693,P2055,2,0.25,14.94,29.55,Sports,59.1,14.78,44.32,29.88,3.06,1.3
O509020,2025-06-02,C10740,P2029,3,0.0,30.95,55.54,Apparel,166.62,0.0,166.62,92.85,3.71,4.77
O509021,2025-09-13,C10238,P2057,3,0.0,24.55,53.8,Beauty,161.4,0.0,161.4,73.65,6.66,3.48
O509022,2026-02-07,C11125,P2063,1,0.15,107.79,241.07,Sports,241.07,36.16,204.91,107.79,5.06,5.6
O509023,2026-01-12,C10312,P2055,1,0.15,14.94,29.55,Sports,29.55,4.43,25.12,14.94,5.31,0.7
O509024,2026-05-20,C10550,P2025,2,0.05,59.62,149.3,Electronics,298.6,14.93,283.67,119.24,5.29,7.34
O509025,2025-06-06,C10566,P2032,1,0.0,83.59,176.17,Apparel,176.17,0.0,176.17,83.59,2.5,3.89
O509026,2025-07-07,C10226,P2048,1,0.15,26.01,65.12,Home,65.12,9.77,55.35,26.01,5.63,1.64
O509027,2026-01-22,C10990,P2014,1,0.05,105.6,279.48,Beauty,279.48,13.97,265.51,105.6,4.51,6.8
O509028,2025-07-05,C10881,P2052,1,0.05,85.13,212.17,Beauty,212.17,10.61,201.56,85.13,7.13,4.7
O509029,2025-11-05,C10441,P2066,3,0.25,21.23,45.94,Beauty,137.82,34.46,103.36,63.69,4.93,3.0
O509030,2025-12-22,C10582,P2005,1,0.0,21.42,39.38,Sports,39.38,0.0,39.38,21.42,2.5,0.75
O509031,2026-02-13,C11107,P2047,1,0.05,23.95,36.37,Sports,36.37,1.82,34.55,23.95,7.58,0.75
O509032,2025-12-05,C10557,P2045,1,0.05,54.87,109.92,Sports,109.92,5.5,104.42,54.87,5.44,2.9
O509033,2026-06-29,C10995,P2030,1,0.15,81.44,160.67,Electronics,160.67,24.1,136.57,81.44,8.53,3.21
O509034,2026-02-24,C10756,P2026,1,0.05,25.88,63.53,Beauty,63.53,3.18,60.35,25.88,2.5,1.79
O509035,2025-09-08,C11122,P2006,3,0.0,90.83,200.16,Electronics,600.48,0.0,600.48,272.49,4.52,18.76
O509036,2025-02-11,C11191,P2017,2,0.05,42.64,69.06,Apparel,138.12,6.91,131.21,85.28,5.68,2.48
O509037,2026-04-19,C10022,P2063,3,0.1,107.79,241.07,Sports,723.21,72.32,650.89,323.37,2.6,11.95
O509038,2025-07-14,C10153,P2012,2,0.0,91.5,250.58,Home,501.16,0.0,501.16,183.0,4.89,11.93
O509039,2025-05-02,C11112,P2031,1,0.0,54.53,117.07,Sports,117.07,0.0,117.07,54.53,4.57,3.12
O509040,2025-01-06,C10447,P2056,1,0.15,12.18,29.13,Home,29.13,4.37,24.76,12.18,5.59,0.46
O509041,2025-12-10,C11128,P2016,3,0.1,23.99,66.65,Electronics,199.95,20.0,179.96,71.97,5.99,4.75
O509042,2025-01-28,C10879,P2073,1,0.15,103.53,278.8,Apparel,278.8,41.82,236.98,103.53,3.08,5.41
O509043,2025-05-14,C10013,P2014,2,0.1,105.6,279.48,Beauty,558.96,55.9,503.06,211.2,5.52,15.64
O509044,2026-02-24,C10803,P2043,2,0.05,34.43,56.92,Electronics,113.84,5.69,108.15,68.86,7.54,2.3
O509045,2025-09-19,C10434,P2068,2,0.1,54.46,128.05,Home,256.1,25.61,230.49,108.92,5.73,5.61
O509046,2025-09-10,C10988,P2010,1,0.1,105.58,212.84,Electronics,212.84,21.28,191.56,105.58,3.88,4.96
O509047,2025-05-28,C10165,P2014,1,0.05,105.6,279.48,Beauty,279.48,13.97,265.51,105.6,4.75,6.29
O509048,2025-11-18,C10584,P2074,1,0.05,60.53,130.38,Sports,130.38,6.52,123.86,60.53,2.78,3.2
O509049,2026-04-29,C10074,P2023,1,0.0,99.43,207.17,Apparel,207.17,0.0,207.17,99.43,5.26,4.81
O509050,2025-09-17,C10336,P2010,3,0.0,105.58,212.84,Electronics,638.52,0.0,638.52,316.74,6.29,12.93
O509051,2026-06-21,C10858,P2047,2,0.15,23.95,36.37,Sports,72.74,10.91,61.83,47.9,5.8,1.56
O509052,2025-03-28,C10514,P2013,1,0.05,14.91,32.18,Beauty,32.18,1.61,30.57,14.91,8.79,0.78
O509053,2025-12-05,C11035,P2047,1,0.2,23.95,36.37,Sports,36.37,7.27,29.1,23.95,3.22,0.86
O509054,2025-08-31,C11042,P2054,1,0.0,19.42,50.24,Beauty,50.24,0.0,50.24,19.42,5.55,1.24
O509055,2025-08-09,C11108,P2060,3,0.2,91.93,225.41,Sports,676.23,135.25,540.98,275.79,5.36,11.27
O509056,2025-05-28,C10116,P2055,1,0.2,14.94,29.55,Sports,29.55,5.91,23.64,14.94,4.46,0.69
O509057,2025-04-29,C10709,P2043,2,0.15,34.43,56.92,Electronics,113.84,17.08,96.76,68.86,7.15,2.05
O509058,2026-01-12,C10149,P2046,3,0.0,41.9,79.58,Sports,238.74,0.0,238.74,125.7,5.52,7.06
O509059,2026-01-13,C11179,P2016,1,0.2,23.99,66.65,Electronics,66.65,13.33,53.32,23.99,5.64,1.07
O509060,2026-01-18,C10891,P2048,1,0.1,26.01,65.12,Home,65.12,6.51,58.61,26.01,3.58,1.45
O509061,2025-05-15,C10704,P2043,2,0.0,34.43,56.92,Electronics,113.84,0.0,113.84,68.86,4.81,3.64
O509062,2025-03-19,C11110,P2072,2,0.1,85.85,152.66,Sports,305.32,30.53,274.79,171.7,4.45,8.04
O509063,2025-02-01,C10494,P2063,1,0.05,107.79,241.07,Sports,241.07,12.05,229.02,107.79,6.39,5.12
O509064,2025-02-04,C10650,P2061,1,0.2,92.46,150.56,Sports,150.56,30.11,120.45,92.46,7.11,2.26
O509065,2025-07-13,C10863,P2050,1,0.05,47.62,83.27,Beauty,83.27,4.16,79.11,47.62,4.73,2.12
O509066,2025-04-14,C10314,P2005,1,0.1,21.42,39.38,Sports,39.38,3.94,35.44,21.42,2.8,0.94
O509067,2025-07-19,C10564,P2011,1,0.05,25.59,43.62,Electronics,43.62,2.18,41.44,25.59,7.06,0.88
O509068,2026-05-29,C10117,P2068,3,0.05,54.46,128.05,Home,384.15,19.21,364.94,163.38,2.5,7.48
O509069,2025-01-14,C10384,P2010,1,0.0,105.58,212.84,Electronics,212.84,0.0,212.84,105.58,5.24,5.31
O509070,2026-03-03,C11174,P2037,2,0.0,19.43,42.14,Home,84.28,0.0,84.28,38.86,7.68,1.62
O509071,2025-01-20,C10931,P2078,3,0.1,80.99,151.9,Beauty,455.7,45.57,410.13,242.97,5.38,9.12
O509072,2025-01-23,C10638,P2075,1,0.15,49.49,125.61,Electronics,125.61,18.84,106.77,49.49,4.9,2.2
O509073,2025-12-20,C11190,P2062,1,0.1,69.71,151.88,Beauty,151.88,15.19,136.69,69.71,4.42,4.19
O509074,2026-05-25,C10048,P2066,1,0.1,21.23,45.94,Beauty,45.94,4.59,41.35,21.23,6.59,1.18
O509075,2025-04-13,C10673,P2039,1,0.2,88.55,225.55,Beauty,225.55,45.11,180.44,88.55,5.04,4.1
O509076,2025-08-02,C10152,P2048,3,0.0,26.01,65.12,Home,195.36,0.0,195.36,78.03,5.57,6.11
O509077,2026-03-14,C11022,P2074,1,0.25,60.53,130.38,Sports,130.38,32.6,97.78,60.53,5.71,2.07
O509078,2025-03-07,C10788,P2000,1,0.1,20.01,46.3,Beauty,46.3,4.63,41.67,20.01,4.45,0.87
O509079,2025-09-04,C10556,P2052,2,0.15,85.13,212.17,Beauty,424.34,63.65,360.69,170.26,6.72,8.03
O509080,2026-04-26,C10954,P2003,1,0.25,103.86,246.21,Sports,246.21,61.55,184.66,103.86,5.9,5.72
O509081,2025-08-30,C11186,P2059,2,0.1,74.58,192.13,Electronics,384.26,38.43,345.83,149.16,4.52,10.93
O509082,2026-06-30,C10760,P2008,3,0.2,64.11,126.24,Beauty,378.72,75.74,302.98,192.33,6.87,5.54
O509083,2026-01-28,C10600,P2061,2,0.1,92.46,150.56,Sports,301.12,30.11,271.01,184.92,4.39,8.41
O509084,2025-07-22,C10536,P2035,1,0.2,33.04,85.13,Beauty,85.13,17.03,68.1,33.04,6.83,1.88
O509085,2025-12-11,C10536,P2064,2,0.15,92.82,194.3,Sports,388.6,58.29,330.31,185.64,5.31,7.09
O509086,2026-04-29,C10158,P2019,1,0.1,28.46,61.03,Sports,61.03,6.1,54.93,28.46,3.62,1.67
O509087,2025-04-02,C10466,P2070,2,0.0,80.41,185.88,Sports,371.76,0.0,371.76,160.82,7.97,8.32
O509088,2025-03-12,C10824,P2042,2,0.0,21.36,43.17,Sports,86.34,0.0,86.34,42.72,7.09,1.84
O509089,2026-03-17,C11128,P2063,1,0.05,107.79,241.07,Sports,241.07,12.05,229.02,107.79,3.99,5.95
O509090,2025-02-14,C11078,P2031,3,0.0,54.53,117.07,Sports,351.21,0.0,351.21,163.59,7.12,10.47
O509091,2026-05-15,C10802,P2042,2,0.05,21.36,43.17,Sports,86.34,4.32,82.02,42.72,2.5,1.64
O509092,2025-02-02,C10163,P2012,2,0.15,91.5,250.58,Home,501.16,75.17,425.99,183.0,5.1,8.91
O509093,2025-07-13,C10811,P2060,1,0.0,91.93,225.41,Sports,225.41,0.0,225.41,91.93,4.58,5.36
O509094,2025-05-04,C10001,P2027,1,0.0,39.51,103.84,Electronics,103.84,0.0,103.84,39.51,4.93,2.61
O509095,2025-03-05,C10103,P2008,1,0.15,64.11,126.24,Beauty,126.24,18.94,107.3,64.11,5.43,3.03
O509096,2025-04-15,C10726,P2059,1,0.2,74.58,192.13,Electronics,192.13,38.43,153.7,74.58,2.5,3.18
O509097,2026-03-04,C10022,P2003,1,0.0,103.86,246.21,Sports,246.21,0.0,246.21,103.86,6.91,7.11
O509098,2025-06-10,C11153,P2043,2,0.05,34.43,56.92,Electronics,113.84,5.69,108.15,68.86,8.41,2.23
O509099,2025-05-12,C10666,P2010,2,0.05,105.58,212.84,Electronics,425.68,21.28,404.4,211.16,5.26,8.66
O509100,2026-02-15,C10193,P2052,2,0.15,85.13,212.17,Beauty,424.34,63.65,360.69,170.26,6.57,7.28
O509101,2025-09-21,C10285,P2027,1,0.25,39.51,103.84,Electronics,103.84,25.96,77.88,39.51,4.22,1.63
O509102,2025-03-13,C11196,P2055,1,0.0,14.94,29.55,Sports,29.55,0.0,29.55,14.94,5.92,0.87
O509103,2025-11-21,C10745,P2036,1,0.25,79.57,186.92,Apparel,186.92,46.73,140.19,79.57,5.94,3.37
O509104,2026-06-02,C10745,P2075,1,0.1,49.49,125.61,Electronics,125.61,12.56,113.05,49.49,5.47,3.06
O509105,2025-07-22,C10632,P2012,2,0.0,91.5,250.58,Home,501.16,0.0,501.16,183.0,6.65,13.85
O509106,2025-12-21,C10285,P2068,1,0.1,54.46,128.05,Home,128.05,12.81,115.24,54.46,6.0,3.35
O509107,2025-08-27,C10365,P2022,1,0.0,39.69,79.46,Beauty,79.46,0.0,79.46,39.69,5.2,1.95
O509108,2025-12-22,C10513,P2049,3,0.0,75.64,173.14,Apparel,519.42,0.0,519.42,226.92,7.03,12.13
O509109,2025-05-14,C11139,P2008,2,0.15,64.11,126.24,Beauty,252.48,37.87,214.61,128.22,4.7,5.58
O509110,2025-12-01,C10520,P2047,2,0.05,23.95,36.37,Sports,72.74,3.64,69.1,47.9,4.48,1.53
O509111,2026-05-24,C10158,P2051,3,0.0,21.09,56.25,Home,168.75,0.0,168.75,63.27,8.06,3.19
O509112,2025-08-19,C10423,P2035,1,0.1,33.04,85.13,Beauty,85.13,8.51,76.62,33.04,4.91,1.88
O509113,2025-07-04,C10893,P2071,1,0.0,72.34,202.22,Beauty,202.22,0.0,202.22,72.34,4.13,5.31
O509114,2025-03-19,C10524,P2021,2,0.0,75.19,147.18,Electronics,294.36,0.0,294.36,150.38,5.05,5.42
O509115,2026-01-23,C10523,P2043,1,0.05,34.43,56.92,Electronics,56.92,2.85,54.07,34.43,6.65,1.13
O509116,2025-09-09,C10072,P2017,3,0.0,42.64,69.06,Apparel,207.18,0.0,207.18,127.92,3.77,5.17
O509117,2025-03-24,C10168,P2071,2,0.0,72.34,202.22,Beauty,404.44,0.0,404.44,144.68,4.11,9.85
O509118,2025-12-05,C10947,P2034,1,0.15,84.74,206.91,Electronics,206.91,31.04,175.87,84.74,6.39,3.54
O509119,2026-05-23,C10221,P2010,2,0.0,105.58,212.84,Electronics,425.68,0.0,425.68,211.16,3.04,9.45
O509120,2025-08-05,C10306,P2002,2,0.15,36.16,61.12,Beauty,122.24,18.34,103.9,72.32,6.89,2.65
O509121,2025-09-07,C10823,P2020,1,0.05,96.28,147.84,Home,147.84,7.39,140.45,96.28,5.64,4.46
O509122,2025-07-30,C10978,P2079,1,0.15,76.11,150.73,Apparel,150.73,22.61,128.12,76.11,4.45,2.61
O509123,2025-06-21,C11157,P2045,1,0.2,54.87,109.92,Sports,109.92,21.98,87.94,54.87,6.04,1.62
O509124,2025-12-30,C11155,P2062,1,0.05,69.71,151.88,Beauty,151.88,7.59,144.29,69.71,5.03,4.4
O509125,2025-03-03,C10102,P2014,2,0.1,105.6,279.48,Beauty,558.96,55.9,503.06,211.2,5.58,13.12
O509126,2026-06-15,C10292,P2003,1,0.05,103.86,246.21,Sports,246.21,12.31,233.9,103.86,3.33,7.16
O509127,2025-10-04,C10428,P2074,2,0.0,60.53,130.38,Sports,260.76,0.0,260.76,121.06,6.75,4.94
O509128,2026-04-12,C10486,P2007,3,0.0,81.19,138.2,Apparel,414.6,0.0,414.6,243.57,6.99,11.32
O509129,2025-09-18,C10953,P2029,2,0.0,30.95,55.54,Apparel,111.08,0.0,111.08,61.9,6.04,2.73
O509130,2026-04-28,C10526,P2020,2,0.0,96.28,147.84,Home,295.68,0.0,295.68,192.56,5.34,7.74
O509131,2025-05-16,C11039,P2004,1,0.2,82.13,229.05,Sports,229.05,45.81,183.24,82.13,3.89,3.69
O509132,2025-07-29,C10327,P2074,1,0.2,60.53,130.38,Sports,130.38,26.08,104.3,60.53,5.09,3.28
O509133,2026-02-22,C10253,P2043,2,0.0,34.43,56.92,Electronics,113.84,0.0,113.84,68.86,3.02,3.18
O509134,2025-10-25,C10777,P2003,1,0.0,103.86,246.21,Sports,246.21,0.0,246.21,103.86,4.72,4.49
O509135,2026-05-31,C10426,P2058,1,0.15,56.31,124.87,Electronics,124.87,18.73,106.14,56.31,6.04,3.21
O509136,2026-01-26,C10931,P2064,3,0.1,92.82,194.3,Sports,582.9,58.29,524.61,278.46,6.77,14.79
O509137,2026-04-15,C10395,P2036,1,0.15,79.57,186.92,Apparel,186.92,28.04,158.88,79.57,3.6,5.07
O509138,2026-04-03,C10022,P2052,3,0.05,85.13,212.17,Beauty,636.51,31.83,604.68,255.39,4.28,18.04
O509139,2025-11-24,C10608,P2042,2,0.1,21.36,43.17,Sports,86.34,8.63,77.71,42.72,5.13,2.2
O509140,2026-01-17,C10333,P2026,2,0.2,25.88,63.53,Beauty,127.06,25.41,101.65,51.76,5.42,2.79
O509141,2025-03-27,C10181,P2072,2,0.1,85.85,152.66,Sports,305.32,30.53,274.79,171.7,5.57,8.51
O509142,2025-03-02,C10209,P2021,1,0.05,75.19,147.18,Electronics,147.18,7.36,139.82,75.19,4.65,3.26
O509143,2025-12-10,C10432,P2004,2,0.0,82.13,229.05,Sports,458.1,0.0,458.1,164.26,6.52,13.22
O509144,2026-06-08,C10019,P2002,2,0.15,36.16,61.12,Beauty,122.24,18.34,103.9,72.32,5.7,3.3
O509145,2025-05-26,C10676,P2072,2,0.1,85.85,152.66,Sports,305.32,30.53,274.79,171.7,4.81,7.39
O509146,2026-02-22,C10786,P2076,1,0.05,94.33,153.36,Apparel,153.36,7.67,145.69,94.33,4.5,2.63
O509147,2025-08-05,C10482,P2031,1,0.05,54.53,117.07,Sports,117.07,5.85,111.22,54.53,4.85,3.45
O509148,2025-09-25,C10000,P2056,2,0.1,12.18,29.13,Home,58.26,5.83,52.43,24.36,5.4,1.64
O509149,2025-06-29,C10547,P2016,1,0.1,23.99,66.65,Electronics,66.65,6.67,59.99,23.99,3.77,1.42
O509150,2025-08-15,C10042,P2047,2,0.0,23.95,36.37,Sports,72.74,0.0,72.74,47.9,5.59,1.56
O509151,2025-08-29,C10370,P2071,1,0.1,72.34,202.22,Beauty,202.22,20.22,182.0,72.34,2.91,3.51
O509152,2025-03-07,C10275,P2065,1,0.2,74.22,160.54,Electronics,160.54,32.11,128.43,74.22,3.56,3.76
O509153,2026-02-26,C10533,P2076,2,0.05,94.33,153.36,Apparel,306.72,15.34,291.38,188.66,7.01,5.32
O509154,2025-10-03,C10180,P2043,1,0.05,34.43,56.92,Electronics,56.92,2.85,54.07,34.43,5.84,1.05
O509155,2025-10-14,C10194,P2034,3,0.0,84.74,206.91,Electronics,620.73,0.0,620.73,254.22,5.4,16.11
O509156,2025-09-01,C10980,P2005,1,0.0,21.42,39.38,Sports,39.38,0.0,39.38,21.42,4.43,0.81
O509157,2025-03-24,C11121,P2023,1,0.05,99.43,207.17,Apparel,207.17,10.36,196.81,99.43,7.53,4.94
O509158,2025-07-21,C10837,P2071,1,0.15,72.34,202.22,Beauty,202.22,30.33,171.89,72.34,3.5,3.39
O509159,2026-01-19,C11034,P2054,1,0.1,19.42,50.24,Beauty,50.24,5.02,45.22,19.42,5.42,0.85
O509160,2025-09-21,C10618,P2032,1,0.1,83.59,176.17,Apparel,176.17,17.62,158.55,83.59,5.21,4.01
O509161,2025-09-11,C10284,P2035,2,0.25,33.04,85.13,Beauty,170.26,42.56,127.7,66.08,5.04,2.58
O509162,2025-03-20,C10283,P2029,2,0.0,30.95,55.54,Apparel,111.08,0.0,111.08,61.9,2.5,2.29
O509163,2025-01-08,C11023,P2006,2,0.0,90.83,200.16,Electronics,400.32,0.0,400.32,181.66,3.14,8.39
O509164,2025-02-04,C10461,P2042,1,0.1,21.36,43.17,Sports,43.17,4.32,38.85,21.36,5.16,0.71
O509165,2025-09-24,C11018,P2001,1,0.1,67.86,159.31,Electronics,159.31,15.93,143.38,67.86,4.04,4.33
O509166,2025-10-11,C10087,P2022,1,0.2,39.69,79.46,Beauty,79.46,15.89,63.57,39.69,2.5,1.36
O509167,2026-02-20,C10756,P2038,1,0.2,61.98,100.85,Sports,100.85,20.17,80.68,61.98,3.88,2.57
O509168,2026-05-30,C10521,P2073,1,0.15,103.53,278.8,Apparel,278.8,41.82,236.98,103.53,5.05,5.3
O509169,2026-06-02,C11043,P2039,2,0.15,88.55,225.55,Beauty,451.1,67.67,383.44,177.1,4.3,10.65
O509170,2025-04-08,C10477,P2048,1,0.1,26.01,65.12,Home,65.12,6.51,58.61,26.01,5.34,1.84
O509171,2025-06-22,C10445,P2079,1,0.0,76.11,150.73,Apparel,150.73,0.0,150.73,76.11,6.92,3.13
O509172,2025-05-20,C10613,P2054,3,0.2,19.42,50.24,Beauty,150.72,30.14,120.58,58.26,4.03,3.33
O509173,2025-10-07,C10999,P2071,3,0.1,72.34,202.22,Beauty,606.66,60.67,545.99,217.02,6.76,13.05
O509174,2026-01-21,C11139,P2034,1,0.2,84.74,206.91,Electronics,206.91,41.38,165.53,84.74,4.15,3.98
O509175,2025-01-26,C10477,P2042,2,0.15,21.36,43.17,Sports,86.34,12.95,73.39,42.72,5.43,2.04
O509176,2026-05-03,C10901,P2054,1,0.1,19.42,50.24,Beauty,50.24,5.02,45.22,19.42,5.37,1.26
O509177,2026-03-26,C10365,P2028,2,0.1,49.21,76.08,Beauty,152.16,15.22,136.94,98.42,3.9,2.53
O509178,2025-12-17,C10663,P2022,2,0.2,39.69,79.46,Beauty,158.92,31.78,127.14,79.38,3.61,3.4
O509179,2026-03-06,C10163,P2079,3,0.05,76.11,150.73,Apparel,452.19,22.61,429.58,228.33,5.46,9.98
O509180,2026-02-16,C10992,P2054,3,0.15,19.42,50.24,Beauty,150.72,22.61,128.11,58.26,6.66,3.03
O509181,2025-07-23,C10030,P2005,1,0.25,21.42,39.38,Sports,39.38,9.85,29.54,21.42,6.98,0.65
O509182,2026-01-04,C10510,P2033,3,0.15,102.58,280.83,Apparel,842.49,126.37,716.12,307.74,5.25,17.03
O509183,2025-09-15,C11139,P2039,1,0.0,88.55,225.55,Beauty,225.55,0.0,225.55,88.55,5.36,5.81
O509184,2026-05-02,C10656,P2010,2,0.05,105.58,212.84,Electronics,425.68,21.28,404.4,211.16,6.91,10.61
O509185,2026-02-11,C10600,P2068,1,0.2,54.46,128.05,Home,128.05,25.61,102.44,54.46,4.36,2.93
O509186,2026-01-19,C10204,P2048,2,0.0,26.01,65.12,Home,130.24,0.0,130.24,52.02,5.29,3.95
O509187,2025-12-02,C11098,P2075,1,0.1,49.49,125.61,Electronics,125.61,12.56,113.05,49.49,2.68,3.31
O509188,2026-02-03,C10292,P2036,2,0.25,79.57,186.92,Apparel,373.84,93.46,280.38,159.14,6.14,8.88
O509189,2026-02-20,C11150,P2032,2,0.2,83.59,176.17,Apparel,352.34,70.47,281.87,167.18,4.28,6.33
O509190,2025-12-29,C10235,P2042,2,0.0,21.36,43.17,Sports,86.34,0.0,86.34,42.72,3.94,2.5
O509191,2025-06-23,C11107,P2061,1,0.1,92.46,150.56,Sports,150.56,15.06,135.5,92.46,6.19,3.87
O509192,2026-06-15,C10227,P2020,1,0.15,96.28,147.84,Home,147.84,22.18,125.66,96.28,4.96,2.71
O509193,2026-03-04,C10068,P2013,3,0.1,14.91,32.18,Beauty,96.54,9.65,86.89,44.73,6.3,1.72
O509194,2026-06-05,C10822,P2051,1,0.05,21.09,56.25,Home,56.25,2.81,53.44,21.09,3.4,1.53
O509195,2025-12-26,C10719,P2071,2,0.2,72.34,202.22,Beauty,404.44,80.89,323.55,144.68,4.09,6.55
O509196,2025-04-27,C11022,P2011,3,0.05,25.59,43.62,Electronics,130.86,6.54,124.32,76.77,3.3,2.8
O509197,2025-01-09,C10661,P2068,2,0.15,54.46,128.05,Home,256.1,38.42,217.69,108.92,2.5,5.0
O509198,2025-01-19,C10729,P2006,1,0.0,90.83,200.16,Electronics,200.16,0.0,200.16,90.83,5.96,3.88
O509199,2026-01-08,C10633,P2051,1,0.1,21.09,56.25,Home,56.25,5.62,50.62,21.09,5.52,1.16
O509200,2025-03-31,C10536,P2013,1,0.0,14.91,32.18,Beauty,32.18,0.0,32.18,14.91,4.95,0.66
O509201,2026-02-07,C10620,P2059,1,0.0,74.58,192.13,Electronics,192.13,0.0,192.13,74.58,8.18,4.48
O509202,2025-06-23,C10529,P2075,3,0.1,49.49,125.61,Electronics,376.83,37.68,339.15,148.47,5.71,7.37
O509203,2026-01-14,C10042,P2014,3,0.0,105.6,279.48,Beauty,838.44,0.0,838.44,316.8,7.2,18.8
O509204,2025-05-27,C10835,P2050,2,0.05,47.62,83.27,Beauty,166.54,8.33,158.21,95.24,5.77,4.32
O509205,2025-04-29,C10148,P2007,2,0.05,81.19,138.2,Apparel,276.4,13.82,262.58,162.38,6.33,4.83
O509206,2025-06-07,C11122,P2064,2,0.0,92.82,194.3,Sports,388.6,0.0,388.6,185.64,3.66,11.48
O509207,2025-02-25,C10475,P2077,3,0.25,99.36,190.12,Apparel,570.36,142.59,427.77,298.08,5.65,7.84
O509208,2025-04-19,C10236,P2068,2,0.2,54.46,128.05,Home,256.1,51.22,204.88,108.92,6.88,6.45
O509209,2025-02-24,C10092,P2010,2,0.1,105.58,212.84,Electronics,425.68,42.57,383.11,211.16,5.78,7.81
O509210,2025-10-27,C10613,P2076,1,0.05,94.33,153.36,Apparel,153.36,7.67,145.69,94.33,3.28,4.59
O509211,2025-02-25,C11092,P2069,2,0.1,90.63,175.87,Apparel,351.74,35.17,316.57,181.26,3.27,9.79
O509212,2026-03-28,C10448,P2074,1,0.05,60.53,130.38,Sports,130.38,6.52,123.86,60.53,4.91,2.44
O509213,2025-10-01,C10872,P2076,3,0.0,94.33,153.36,Apparel,460.08,0.0,460.08,282.99,5.3,9.77
O509214,2025-05-21,C10604,P2051,1,0.0,21.09,56.25,Home,56.25,0.0,56.25,21.09,8.13,1.57
O509215,2025-04-12,C10237,P2047,1,0.0,23.95,36.37,Sports,36.37,0.0,36.37,23.95,4.45,1.05
O509216,2025-02-05,C11021,P2013,3,0.1,14.91,32.18,Beauty,96.54,9.65,86.89,44.73,4.06,2.11
O509217,2025-09-14,C10493,P2010,1,0.15,105.58,212.84,Electronics,212.84,31.93,180.91,105.58,8.36,4.17
O509218,2026-04-28,C10429,P2019,3,0.15,28.46,61.03,Sports,183.09,27.46,155.63,85.38,2.5,3.42
O509219,2025-04-20,C11020,P2069,1,0.0,90.63,175.87,Apparel,175.87,0.0,175.87,90.63,3.88,5.05
O509220,2025-07-21,C10942,P2063,1,0.2,107.79,241.07,Sports,241.07,48.21,192.86,107.79,5.34,5.09
O509221,2025-09-27,C10389,P2047,3,0.0,23.95,36.37,Sports,109.11,0.0,109.11,71.85,4.96,2.27
O509222,2026-05-31,C11032,P2063,1,0.25,107.79,241.07,Sports,241.07,60.27,180.8,107.79,5.54,5.19
O509223,2025-02-10,C11093,P2064,2,0.05,92.82,194.3,Sports,388.6,19.43,369.17,185.64,2.5,10.17
O509224,2025-05-19,C10138,P2014,1,0.2,105.6,279.48,Beauty,279.48,55.9,223.58,105.6,3.83,5.65
O509225,2025-02-19,C10944,P2014,1,0.1,105.6,279.48,Beauty,279.48,27.95,251.53,105.6,2.5,6.7
O509226,2025-01-18,C10842,P2025,2,0.05,59.62,149.3,Electronics,298.6,14.93,283.67,119.24,5.27,8.9
O509227,2025-01-20,C10392,P2024,1,0.0,38.64,85.56,Electronics,85.56,0.0,85.56,38.64,2.5,1.85
O509228,2025-04-28,C11119,P2072,1,0.05,85.85,152.66,Sports,152.66,7.63,145.03,85.85,4.51,3.82
O509229,2026-04-09,C10244,P2073,1,0.05,103.53,278.8,Apparel,278.8,13.94,264.86,103.53,7.91,8.2
O509230,2026-05-28,C10750,P2074,2,0.1,60.53,130.38,Sports,260.76,26.08,234.68,121.06,4.72,5.22
O509231,2026-04-29,C10224,P2009,1,0.05,89.03,195.13,Home,195.13,9.76,185.37,89.03,8.26,4.32
O509232,2025-02-15,C10957,P2028,1,0.05,49.21,76.08,Beauty,76.08,3.8,72.28,49.21,2.5,1.83
O509233,2026-05-29,C10800,P2058,2,0.0,56.31,124.87,Electronics,249.74,0.0,249.74,112.62,4.56,5.25
O509234,2025-10-28,C10362,P2001,3,0.0,67.86,159.31,Electronics,477.93,0.0,477.93,203.58,6.96,11.83
O509235,2026-04-19,C11087,P2002,1,0.2,36.16,61.12,Beauty,61.12,12.22,48.9,36.16,4.28,1.37
O509236,2026-02-28,C10598,P2026,2,0.1,25.88,63.53,Beauty,127.06,12.71,114.35,51.76,4.76,3.01
O509237,2025-04-30,C10046,P2068,3,0.05,54.46,128.05,Home,384.15,19.21,364.94,163.38,7.09,6.97
O509238,2025-06-19,C10932,P2062,1,0.05,69.71,151.88,Beauty,151.88,7.59,144.29,69.71,3.98,3.78
O509239,2025-05-20,C10130,P2057,2,0.2,24.55,53.8,Beauty,107.6,21.52,86.08,49.1,7.17,2.02
O509240,2025-06-12,C10752,P2014,1,0.25,105.6,279.48,Beauty,279.48,69.87,209.61,105.6,5.17,4.8
O509241,2025-12-05,C10247,P2053,2,0.15,95.73,175.96,Electronics,351.92,52.79,299.13,191.46,3.1,8.91
O509242,2026-04-25,C11097,P2020,1,0.25,96.28,147.84,Home,147.84,36.96,110.88,96.28,4.19,3.08
O509243,2025-11-09,C11091,P2049,2,0.0,75.64,173.14,Apparel,346.28,0.0,346.28,151.28,5.32,9.78
O509244,2025-02-24,C10213,P2030,2,0.05,81.44,160.67,Electronics,321.34,16.07,305.27,162.88,5.82,5.79
O509245,2026-05-24,C10591,P2004,1,0.1,82.13,229.05,Sports,229.05,22.9,206.14,82.13,5.33,6.58
O509246,2025-11-23,C10831,P2003,3,0.05,103.86,246.21,Sports,738.63,36.93,701.7,311.58,4.99,19.5
O509247,2026-01-18,C10847,P2051,1,0.25,21.09,56.25,Home,56.25,14.06,42.19,21.09,5.78,0.89
O509248,2026-05-19,C10400,P2054,2,0.05,19.42,50.24,Beauty,100.48,5.02,95.46,38.84,5.7,2.24
O509249,2026-02-25,C10631,P2050,3,0.2,47.62,83.27,Beauty,249.81,49.96,199.85,142.86,4.37,5.36
O509250,2026-02-23,C10520,P2002,2,0.1,36.16,61.12,Beauty,122.24,12.22,110.02,72.32,7.71,3.11
O509251,2026-05-07,C10261,P2077,3,0.15,99.36,190.12,Apparel,570.36,85.55,484.81,298.08,2.73,13.8
O509252,2025-02-06,C10791,P2026,2,0.15,25.88,63.53,Beauty,127.06,19.06,108.0,51.76,6.05,2.08
O509253,2026-06-17,C10359,P2052,3,0.0,85.13,212.17,Beauty,636.51,0.0,636.51,255.39,6.35,18.81
O509254,2026-01-23,C10791,P2057,1,0.0,24.55,53.8,Beauty,53.8,0.0,53.8,24.55,6.09,1.69
O509255,2025-09-18,C10113,P2010,1,0.25,105.58,212.84,Electronics,212.84,53.21,159.63,105.58,5.69,5.03
O509256,2025-05-30,C10131,P2057,1,0.15,24.55,53.8,Beauty,53.8,8.07,45.73,24.55,3.6,0.96
O509257,2026-03-10,C10169,P2046,1,0.25,41.9,79.58,Sports,79.58,19.9,59.68,41.9,7.29,1.77
O509258,2025-06-11,C10663,P2034,1,0.05,84.74,206.91,Electronics,206.91,10.35,196.56,84.74,6.22,4.61
O509259,2025-12-31,C11021,P2054,2,0.1,19.42,50.24,Beauty,100.48,10.05,90.43,38.84,2.5,2.36
O509260,2026-06-16,C10662,P2078,1,0.0,80.99,151.9,Beauty,151.9,0.0,151.9,80.99,3.16,3.95
O509261,2026-01-09,C10509,P2051,2,0.05,21.09,56.25,Home,112.5,5.62,106.88,42.18,6.62,2.52
O509262,2025-06-16,C11065,P2019,3,0.2,28.46,61.03,Sports,183.09,36.62,146.47,85.38,5.28,3.2
O509263,2026-01-30,C10818,P2035,2,0.05,33.04,85.13,Beauty,170.26,8.51,161.75,66.08,4.25,3.94
O509264,2025-07-20,C10564,P2046,1,0.1,41.9,79.58,Sports,79.58,7.96,71.62,41.9,4.36,1.56
O509265,2025-01-25,C10506,P2076,3,0.25,94.33,153.36,Apparel,460.08,115.02,345.06,282.99,4.81,8.68
O509266,2026-06-27,C11022,P2009,2,0.1,89.03,195.13,Home,390.26,39.03,351.23,178.06,9.38,6.43
O509267,2025-07-29,C11006,P2007,2,0.1,81.19,138.2,Apparel,276.4,27.64,248.76,162.38,2.88,6.81
O509268,2025-10-26,C11151,P2025,1,0.1,59.62,149.3,Electronics,149.3,14.93,134.37,59.62,3.93,2.83
O509269,2026-05-01,C10787,P2030,3,0.2,81.44,160.67,Electronics,482.01,96.4,385.61,244.32,5.79,8.55
O509270,2026-04-17,C10585,P2038,1,0.15,61.98,100.85,Sports,100.85,15.13,85.72,61.98,7.09,1.76
O509271,2025-09-17,C10484,P2043,1,0.0,34.43,56.92,Electronics,56.92,0.0,56.92,34.43,3.72,1.68
O509272,2026-04-28,C10208,P2008,1,0.25,64.11,126.24,Beauty,126.24,31.56,94.68,64.11,3.51,2.4
O509273,2026-05-11,C10474,P2038,1,0.15,61.98,100.85,Sports,100.85,15.13,85.72,61.98,6.28,2.7
O509274,2025-09-20,C10531,P2073,1,0.0,103.53,278.8,Apparel,278.8,0.0,278.8,103.53,5.01,5.09
O509275,2026-04-23,C10499,P2039,1,0.05,88.55,225.55,Beauty,225.55,11.28,214.27,88.55,8.91,6.36
O509276,2025-10-21,C10737,P2068,3,0.15,54.46,128.05,Home,384.15,57.62,326.53,163.38,4.95,9.88
O509277,2025-05-15,C10895,P2077,3,0.2,99.36,190.12,Apparel,570.36,114.07,456.29,298.08,4.27,8.48
O509278,2026-05-09,C10779,P2024,2,0.2,38.64,85.56,Electronics,171.12,34.22,136.9,77.28,4.39,3.12
O509279,2025-03-14,C10894,P2062,3,0.1,69.71,151.88,Beauty,455.64,45.56,410.08,209.13,2.55,11.84
O509280,2025-05-12,C10971,P2015,1,0.15,32.67,56.68,Home,56.68,8.5,48.18,32.67,6.41,1.06
O509281,2025-05-27,C10844,P2029,3,0.05,30.95,55.54,Apparel,166.62,8.33,158.29,92.85,7.06,3.88
O509282,2025-07-17,C10501,P2046,1,0.0,41.9,79.58,Sports,79.58,0.0,79.58,41.9,5.99,1.87
O509283,2025-01-27,C11100,P2024,2,0.15,38.64,85.56,Electronics,171.12,25.67,145.45,77.28,3.97,4.49
O509284,2026-05-03,C10700,P2079,3,0.0,76.11,150.73,Apparel,452.19,0.0,452.19,228.33,2.9,13.54
O509285,2025-10-16,C10834,P2065,2,0.15,74.22,160.54,Electronics,321.08,48.16,272.92,148.44,3.36,6.61
O509286,2026-06-02,C10389,P2074,1,0.05,60.53,130.38,Sports,130.38,6.52,123.86,60.53,6.41,3.65
O509287,2025-04-04,C10813,P2018,2,0.05,23.1,60.58,Apparel,121.16,6.06,115.1,46.2,5.47,3.35
O509288,2026-06-21,C10967,P2049,1,0.0,75.64,173.14,Apparel,173.14,0.0,173.14,75.64,3.91,4.38
O509289,2026-01-07,C10556,P2043,1,0.15,34.43,56.92,Electronics,56.92,8.54,48.38,34.43,6.61,1.39
O509290,2025-03-09,C10813,P2063,1,0.2,107.79,241.07,Sports,241.07,48.21,192.86,107.79,5.33,5.07
O509291,2025-03-31,C11184,P2066,1,0.1,21.23,45.94,Beauty,45.94,4.59,41.35,21.23,2.5,1.0
O509292,2025-05-25,C10696,P2015,2,0.2,32.67,56.68,Home,113.36,22.67,90.69,65.34,4.09,2.5
O509293,2026-01-06,C11048,P2008,3,0.0,64.11,126.24,Beauty,378.72,0.0,378.72,192.33,7.43,7.81
O509294,2026-04-05,C10097,P2048,1,0.15,26.01,65.12,Home,65.12,9.77,55.35,26.01,3.77,1.18
O509295,2025-02-03,C10729,P2004,1,0.1,82.13,229.05,Sports,229.05,22.9,206.14,82.13,6.59,5.44
O509296,2025-08-18,C10170,P2034,3,0.05,84.74,206.91,Electronics,620.73,31.04,589.69,254.22,3.8,18.67
O509297,2025-11-10,C10589,P2001,2,0.15,67.86,159.31,Electronics,318.62,47.79,270.83,135.72,6.71,6.78
O509298,2026-01-01,C10888,P2021,1,0.1,75.19,147.18,Electronics,147.18,14.72,132.46,75.19,2.5,3.31
O509299,2026-06-20,C10989,P2067,1,0.1,89.48,177.38,Sports,177.38,17.74,159.64,89.48,5.72,4.99
O509300,2025-04-15,C10297,P2047,1,0.1,23.95,36.37,Sports,36.37,3.64,32.73,23.95,5.82,0.77
O509301,2025-07-08,C10315,P2012,1,0.15,91.5,250.58,Home,250.58,37.59,212.99,91.5,3.23,5.65
O509302,2025-02-23,C10646,P2014,2,0.25,105.6,279.48,Beauty,558.96,139.74,419.22,211.2,5.4,9.89
O509303,2026-06-02,C11056,P2008,2,0.15,64.11,126.24,Beauty,252.48,37.87,214.61,128.22,5.57,5.82
O509304,2026-03-30,C10550,P2025,1,0.05,59.62,149.3,Electronics,149.3,7.47,141.84,59.62,2.98,3.41
O509305,2025-07-14,C10645,P2012,3,0.25,91.5,250.58,Home,751.74,187.94,563.81,274.5,6.19,12.23
O509306,2025-05-15,C11048,P2020,2,0.0,96.28,147.84,Home,295.68,0.0,295.68,192.56,5.5,7.68
O509307,2026-05-31,C10932,P2060,1,0.1,91.93,225.41,Sports,225.41,22.54,202.87,91.93,5.19,4.27
O509308,2025-02-25,C10660,P2013,1,0.05,14.91,32.18,Beauty,32.18,1.61,30.57,14.91,6.31,0.59
O509309,2026-06-24,C10242,P2042,1,0.05,21.36,43.17,Sports,43.17,2.16,41.01,21.36,4.44,1.05
O509310,2025-08-23,C10551,P2011,1,0.1,25.59,43.62,Electronics,43.62,4.36,39.26,25.59,6.36,0.93
O509311,2025-09-30,C10212,P2001,2,0.1,67.86,159.31,Electronics,318.62,31.86,286.76,135.72,2.53,6.1
O509312,2025-01-05,C10577,P2020,3,0.15,96.28,147.84,Home,443.52,66.53,376.99,288.84,5.38,8.91
O509313,2025-09-02,C10974,P2044,1,0.1,96.39,166.51,Electronics,166.51,16.65,149.86,96.39,5.73,4.6
O509314,2025-07-30,C10330,P2050,1,0.0,47.62,83.27,Beauty,83.27,0.0,83.27,47.62,5.46,2.19
O509315,2025-11-14,C10937,P2061,1,0.2,92.46,150.56,Sports,150.56,30.11,120.45,92.46,5.61,2.33
O509316,2025-11-25,C10158,P2024,2,0.2,38.64,85.56,Electronics,171.12,34.22,136.9,77.28,3.64,3.54
O509317,2025-07-14,C10993,P2065,2,0.0,74.22,160.54,Electronics,321.08,0.0,321.08,148.44,4.69,6.91
O509318,2026-02-12,C10392,P2005,1,0.15,21.42,39.38,Sports,39.38,5.91,33.47,21.42,6.7,0.87
O509319,2025-06-17,C10936,P2018,1,0.25,23.1,60.58,Apparel,60.58,15.14,45.44,23.1,4.94,1.16
O509320,2025-12-20,C10924,P2071,3,0.1,72.34,202.22,Beauty,606.66,60.67,545.99,217.02,3.34,11.96
O509321,2025-01-07,C10795,P2052,2,0.2,85.13,212.17,Beauty,424.34,84.87,339.47,170.26,3.14,6.99
O509322,2026-05-28,C11106,P2028,2,0.0,49.21,76.08,Beauty,152.16,0.0,152.16,98.42,5.07,4.05
O509323,2025-10-03,C10825,P2051,1,0.05,21.09,56.25,Home,56.25,2.81,53.44,21.09,5.27,0.98
O509324,2025-10-24,C11004,P2006,1,0.1,90.83,200.16,Electronics,200.16,20.02,180.14,90.83,5.96,4.55
O509325,2026-04-17,C11154,P2054,1,0.25,19.42,50.24,Beauty,50.24,12.56,37.68,19.42,5.0,0.94
O509326,2026-02-09,C10040,P2076,1,0.0,94.33,153.36,Apparel,153.36,0.0,153.36,94.33,7.55,3.25
O509327,2026-03-18,C10545,P2016,2,0.15,23.99,66.65,Electronics,133.3,20.0,113.3,47.98,6.48,3.61
O509328,2025-05-18,C10378,P2024,1,0.1,38.64,85.56,Electronics,85.56,8.56,77.0,38.64,5.36,1.9
O509329,2025-11-29,C10279,P2047,2,0.1,23.95,36.37,Sports,72.74,7.27,65.47,47.9,5.92,1.88
O509330,2026-02-12,C10410,P2075,3,0.1,49.49,125.61,Electronics,376.83,37.68,339.15,148.47,5.03,8.1
O509331,2026-04-05,C11105,P2044,2,0.15,96.39,166.51,Electronics,333.02,49.95,283.07,192.78,6.95,8.07
O509332,2025-02-26,C10863,P2047,2,0.05,23.95,36.37,Sports,72.74,3.64,69.1,47.9,6.93,1.39
O509333,2025-05-16,C10288,P2021,2,0.0,75.19,147.18,Electronics,294.36,0.0,294.36,150.38,3.17,6.58
O509334,2025-02-04,C10079,P2048,2,0.05,26.01,65.12,Home,130.24,6.51,123.73,52.02,4.92,3.75
O509335,2026-05-21,C10087,P2008,2,0.2,64.11,126.24,Beauty,252.48,50.5,201.98,128.22,4.31,5.77
O509336,2026-03-18,C10208,P2043,1,0.2,34.43,56.92,Electronics,56.92,11.38,45.54,34.43,2.5,1.01
O509337,2025-10-02,C11031,P2052,2,0.1,85.13,212.17,Beauty,424.34,42.43,381.91,170.26,5.25,8.89
O509338,2026-04-29,C10679,P2034,2,0.25,84.74,206.91,Electronics,413.82,103.46,310.36,169.48,2.5,8.59
O509339,2025-10-20,C10569,P2038,2,0.0,61.98,100.85,Sports,201.7,0.0,201.7,123.96,5.85,5.0
O509340,2025-03-12,C11047,P2024,1,0.05,38.64,85.56,Electronics,85.56,4.28,81.28,38.64,2.62,2.31
O509341,2026-03-10,C10666,P2063,1,0.25,107.79,241.07,Sports,241.07,60.27,180.8,107.79,4.43,4.28
O509342,2025-09-06,C11127,P2065,2,0.05,74.22,160.54,Electronics,321.08,16.05,305.03,148.44,8.28,6.07
O509343,2025-12-28,C10348,P2036,1,0.1,79.57,186.92,Apparel,186.92,18.69,168.23,79.57,3.1,4.14
O509344,2026-01-18,C11043,P2034,1,0.05,84.74,206.91,Electronics,206.91,10.35,196.56,84.74,6.66,4.3
O509345,2025-10-02,C10850,P2032,3,0.05,83.59,176.17,Apparel,528.51,26.43,502.08,250.77,5.65,10.06
O509346,2026-03-07,C10565,P2071,3,0.1,72.34,202.22,Beauty,606.66,60.67,545.99,217.02,5.14,11.24
O509347,2026-01-19,C10694,P2060,1,0.0,91.93,225.41,Sports,225.41,0.0,225.41,91.93,6.68,4.41
O509348,2025-12-07,C10850,P2026,2,0.1,25.88,63.53,Beauty,127.06,12.71,114.35,51.76,5.69,3.14
O509349,2025-02-15,C11102,P2010,2,0.0,105.58,212.84,Electronics,425.68,0.0,425.68,211.16,4.34,7.77
O509350,2026-04-25,C10173,P2049,2,0.05,75.64,173.14,Apparel,346.28,17.31,328.97,151.28,3.93,6.3
O509351,2025-05-22,C10842,P2007,2,0.05,81.19,138.2,Apparel,276.4,13.82,262.58,162.38,6.56,5.43
O509352,2025-10-04,C10637,P2011,1,0.2,25.59,43.62,Electronics,43.62,8.72,34.9,25.59,3.97,0.7
O509353,2025-12-13,C10541,P2067,1,0.2,89.48,177.38,Sports,177.38,35.48,141.9,89.48,6.33,4.13
O509354,2025-08-24,C10306,P2041,1,0.05,53.15,104.66,Apparel,104.66,5.23,99.43,53.15,3.12,2.29
O509355,2025-04-02,C10027,P2027,2,0.0,39.51,103.84,Electronics,207.68,0.0,207.68,79.02,7.41,3.8
O509356,2025-07-23,C10387,P2058,2,0.1,56.31,124.87,Electronics,249.74,24.97,224.77,112.62,5.02,5.13
O509357,2025-05-08,C11067,P2040,1,0.05,46.24,112.16,Electronics,112.16,5.61,106.55,46.24,5.73,3.31
O509358,2026-05-11,C11122,P2031,1,0.15,54.53,117.07,Sports,117.07,17.56,99.51,54.53,6.95,3.17
O509359,2026-06-11,C11082,P2056,1,0.25,12.18,29.13,Home,29.13,7.28,21.85,12.18,5.05,0.61
O509360,2025-05-02,C11147,P2079,2,0.05,76.11,150.73,Apparel,301.46,15.07,286.39,152.22,8.45,8.1
O509361,2025-06-01,C10128,P2051,1,0.15,21.09,56.25,Home,56.25,8.44,47.81,21.09,5.07,0.89
O509362,2026-01-04,C10187,P2059,1,0.05,74.58,192.13,Electronics,192.13,9.61,182.52,74.58,3.98,3.92
O509363,2025-07-01,C11066,P2027,1,0.15,39.51,103.84,Electronics,103.84,15.58,88.26,39.51,4.64,1.91
O509364,2026-04-27,C10830,P2064,1,0.2,92.82,194.3,Sports,194.3,38.86,155.44,92.82,7.18,3.83
O509365,2026-02-27,C10847,P2022,2,0.0,39.69,79.46,Beauty,158.92,0.0,158.92,79.38,2.82,3.17
O509366,2025-06-06,C10569,P2060,1,0.05,91.93,225.41,Sports,225.41,11.27,214.14,91.93,5.01,5.5
O509367,2025-04-25,C10355,P2040,2,0.0,46.24,112.16,Electronics,224.32,0.0,224.32,92.48,5.22,6.05
O509368,2025-02-11,C10526,P2074,1,0.05,60.53,130.38,Sports,130.38,6.52,123.86,60.53,4.51,3.29
O509369,2025-07-29,C10187,P2002,1,0.2,36.16,61.12,Beauty,61.12,12.22,48.9,36.16,3.0,1.41
O509370,2025-10-22,C10752,P2031,1,0.15,54.53,117.07,Sports,117.07,17.56,99.51,54.53,6.72,2.91
O509371,2025-11-16,C10805,P2065,1,0.1,74.22,160.54,Electronics,160.54,16.05,144.49,74.22,6.07,4.32
O509372,2026-02-01,C10755,P2079,3,0.0,76.11,150.73,Apparel,452.19,0.0,452.19,228.33,4.64,8.73
O509373,2025-12-09,C10415,P2018,3,0.05,23.1,60.58,Apparel,181.74,9.09,172.65,69.3,5.33,4.86
O509374,2025-04-11,C10390,P2079,2,0.15,76.11,150.73,Apparel,301.46,45.22,256.24,152.22,7.08,4.72
O509375,2026-03-11,C11034,P2078,1,0.05,80.99,151.9,Beauty,151.9,7.6,144.3,80.99,4.69,4.5
O509376,2025-12-11,C10631,P2076,3,0.0,94.33,153.36,Apparel,460.08,0.0,460.08,282.99,6.32,11.85
O509377,2026-04-21,C10252,P2000,1,0.0,20.01,46.3,Beauty,46.3,0.0,46.3,20.01,5.1,1.19
O509378,2025-11-24,C10214,P2043,1,0.1,34.43,56.92,Electronics,56.92,5.69,51.23,34.43,5.01,1.62
O509379,2026-01-22,C10821,P2045,2,0.1,54.87,109.92,Sports,219.84,21.98,197.86,109.74,4.45,4.0
O509380,2025-08-10,C10288,P2066,1,0.2,21.23,45.94,Beauty,45.94,9.19,36.75,21.23,7.01,0.67
O509381,2025-07-10,C10879,P2079,2,0.15,76.11,150.73,Apparel,301.46,45.22,256.24,152.22,5.45,5.68
O509382,2025-05-10,C11144,P2057,1,0.0,24.55,53.8,Beauty,53.8,0.0,53.8,24.55,5.25,1.19
O509383,2025-04-06,C10155,P2034,2,0.05,84.74,206.91,Electronics,413.82,20.69,393.13,169.48,5.15,8.79
O509384,2026-04-08,C10808,P2033,2,0.15,102.58,280.83,Apparel,561.66,84.25,477.41,205.16,4.99,11.99
O509385,2026-01-10,C10850,P2064,1,0.05,92.82,194.3,Sports,194.3,9.72,184.58,92.82,5.34,5.89
O509386,2025-09-27,C10434,P2011,1,0.0,25.59,43.62,Electronics,43.62,0.0,43.62,25.59,6.66,1.06
O509387,2025-09-10,C11002,P2059,2,0.2,74.58,192.13,Electronics,384.26,76.85,307.41,149.16,3.92,8.78
O509388,2025-11-20,C10571,P2064,2,0.15,92.82,194.3,Sports,388.6,58.29,330.31,185.64,5.5,9.69
O509389,2026-01-30,C10230,P2035,2,0.1,33.04,85.13,Beauty,170.26,17.03,153.23,66.08,7.43,4.12
O509390,2025-05-22,C10995,P2048,1,0.0,26.01,65.12,Home,65.12,0.0,65.12,26.01,5.34,1.42
O509391,2026-03-25,C10973,P2035,2,0.0,33.04,85.13,Beauty,170.26,0.0,170.26,66.08,2.5,3.49
O509392,2025-03-25,C10162,P2035,1,0.1,33.04,85.13,Beauty,85.13,8.51,76.62,33.04,6.54,2.29
O509393,2026-06-13,C11021,P2069,1,0.15,90.63,175.87,Apparel,175.87,26.38,149.49,90.63,2.5,3.59
O509394,2025-12-06,C10672,P2054,2,0.2,19.42,50.24,Beauty,100.48,20.1,80.38,38.84,5.3,1.74
O509395,2026-05-29,C10187,P2002,2,0.0,36.16,61.12,Beauty,122.24,0.0,122.24,72.32,5.75,3.69
O509396,2025-02-08,C10501,P2011,2,0.0,25.59,43.62,Electronics,87.24,0.0,87.24,51.18,4.71,2.62
O509397,2025-05-03,C10935,P2041,1,0.1,53.15,104.66,Apparel,104.66,10.47,94.19,53.15,4.95,2.51
O509398,2026-04-09,C10239,P2076,1,0.0,94.33,153.36,Apparel,153.36,0.0,153.36,94.33,3.28,4.01
O509399,2025-03-09,C10670,P2015,2,0.15,32.67,56.68,Home,113.36,17.0,96.36,65.34,3.44,3.03
O509400,2025-12-19,C10623,P2016,3,0.2,23.99,66.65,Electronics,199.95,39.99,159.96,71.97,4.39,3.85
O509401,2025-03-12,C10413,P2047,3,0.0,23.95,36.37,Sports,109.11,0.0,109.11,71.85,4.62,2.18
O509402,2025-01-09,C10826,P2017,3,0.0,42.64,69.06,Apparel,207.18,0.0,207.18,127.92,3.77,6.2
O509403,2025-02-14,C10767,P2056,1,0.1,12.18,29.13,Home,29.13,2.91,26.22,12.18,5.65,0.69
O509404,2026-04-21,C10291,P2015,3,0.05,32.67,56.68,Home,170.04,8.5,161.54,98.01,2.5,3.52
O509405,2025-10-02,C10629,P2071,1,0.1,72.34,202.22,Beauty,202.22,20.22,182.0,72.34,4.72,5.03
O509406,2026-03-17,C10360,P2006,1,0.0,90.83,200.16,Electronics,200.16,0.0,200.16,90.83,6.24,4.03
O509407,2026-06-11,C10095,P2003,2,0.0,103.86,246.21,Sports,492.42,0.0,492.42,207.72,5.11,14.13
O509408,2025-02-08,C10391,P2075,2,0.05,49.49,125.61,Electronics,251.22,12.56,238.66,98.98,5.05,5.71
O509409,2026-03-21,C10026,P2052,2,0.15,85.13,212.17,Beauty,424.34,63.65,360.69,170.26,7.06,10.57
O509410,2026-02-26,C10444,P2002,1,0.15,36.16,61.12,Beauty,61.12,9.17,51.95,36.16,5.04,1.45
O509411,2026-04-05,C10977,P2001,2,0.0,67.86,159.31,Electronics,318.62,0.0,318.62,135.72,2.5,7.49
O509412,2025-10-18,C10104,P2049,3,0.0,75.64,173.14,Apparel,519.42,0.0,519.42,226.92,4.4,14.42
O509413,2025-07-01,C10226,P2018,1,0.05,23.1,60.58,Apparel,60.58,3.03,57.55,23.1,4.48,1.27
O509414,2025-01-28,C10584,P2002,2,0.1,36.16,61.12,Beauty,122.24,12.22,110.02,72.32,6.69,2.14
O509415,2025-08-11,C10631,P2023,2,0.2,99.43,207.17,Apparel,414.34,82.87,331.47,198.86,5.18,10.38
O509416,2025-12-26,C10943,P2035,2,0.05,33.04,85.13,Beauty,170.26,8.51,161.75,66.08,5.84,3.77
O509417,2026-06-12,C11119,P2072,2,0.0,85.85,152.66,Sports,305.32,0.0,305.32,171.7,6.06,6.41
O509418,2026-05-07,C10832,P2025,1,0.2,59.62,149.3,Electronics,149.3,29.86,119.44,59.62,7.31,2.4
O509419,2026-06-06,C11147,P2071,2,0.1,72.34,202.22,Beauty,404.44,40.44,364.0,144.68,4.12,7.1
O509420,2025-11-08,C10737,P2052,1,0.1,85.13,212.17,Beauty,212.17,21.22,190.95,85.13,3.19,3.81
O509421,2026-01-15,C10216,P2075,1,0.05,49.49,125.61,Electronics,125.61,6.28,119.33,49.49,8.01,3.51
O509422,2025-01-30,C10696,P2036,1,0.1,79.57,186.92,Apparel,186.92,18.69,168.23,79.57,5.86,4.66
O509423,2026-05-12,C10380,P2042,2,0.05,21.36,43.17,Sports,86.34,4.32,82.02,42.72,2.5,2.21
O509424,2026-05-04,C11179,P2063,2,0.1,107.79,241.07,Sports,482.14,48.21,433.93,215.58,5.48,13.59
O509425,2025-03-01,C10514,P2013,2,0.15,14.91,32.18,Beauty,64.36,9.65,54.71,29.82,7.03,1.74
O509426,2025-06-14,C10911,P2056,1,0.1,12.18,29.13,Home,29.13,2.91,26.22,12.18,6.72,0.67
O509427,2026-05-26,C11033,P2049,1,0.05,75.64,173.14,Apparel,173.14,8.66,164.48,75.64,4.31,5.08
O509428,2026-01-29,C10179,P2028,1,0.1,49.21,76.08,Beauty,76.08,7.61,68.47,49.21,3.67,1.62
O509429,2025-05-20,C10574,P2012,3,0.15,91.5,250.58,Home,751.74,112.76,638.98,274.5,2.83,17.75
O509430,2026-01-03,C10250,P2017,2,0.1,42.64,69.06,Apparel,138.12,13.81,124.31,85.28,4.08,3.31
O509431,2025-06-20,C11149,P2050,1,0.2,47.62,83.27,Beauty,83.27,16.65,66.62,47.62,4.78,1.85
O509432,2026-01-16,C10591,P2041,2,0.1,53.15,104.66,Apparel,209.32,20.93,188.39,106.3,4.09,6.01
O509433,2026-06-02,C10260,P2031,2,0.05,54.53,117.07,Sports,234.14,11.71,222.43,109.06,3.11,6.94
O509434,2025-12-25,C10236,P2045,3,0.1,54.87,109.92,Sports,329.76,32.98,296.78,164.61,4.83,9.45
O509435,2026-05-22,C10684,P2034,1,0.2,84.74,206.91,Electronics,206.91,41.38,165.53,84.74,3.83,4.03
O509436,2025-11-16,C10282,P2034,1,0.1,84.74,206.91,Electronics,206.91,20.69,186.22,84.74,5.89,4.79
O509437,2025-11-03,C10161,P2008,3,0.0,64.11,126.24,Beauty,378.72,0.0,378.72,192.33,7.39,9.91
O509438,2025-09-10,C10461,P2027,1,0.1,39.51,103.84,Electronics,103.84,10.38,93.46,39.51,4.39,2.31
O509439,2025-01-03,C10362,P2064,1,0.1,92.82,194.3,Sports,194.3,19.43,174.87,92.82,5.54,4.08
O509440,2026-05-21,C10272,P2072,1,0.1,85.85,152.66,Sports,152.66,15.27,137.39,85.85,4.53,3.73
O509441,2025-12-31,C10894,P2011,3,0.25,25.59,43.62,Electronics,130.86,32.71,98.14,76.77,4.2,2.58
O509442,2026-01-12,C10657,P2021,1,0.15,75.19,147.18,Electronics,147.18,22.08,125.1,75.19,7.43,2.93
O509443,2026-05-06,C10149,P2035,2,0.1,33.04,85.13,Beauty,170.26,17.03,153.23,66.08,6.8,4.86
O509444,2025-02-24,C10055,P2072,3,0.1,85.85,152.66,Sports,457.98,45.8,412.18,257.55,5.99,10.63
O509445,2026-03-20,C10437,P2064,2,0.0,92.82,194.3,Sports,388.6,0.0,388.6,185.64,6.91,8.89
O509446,2025-01-06,C10136,P2017,1,0.1,42.64,69.06,Apparel,69.06,6.91,62.15,42.64,5.2,1.55
O509447,2025-06-25,C10442,P2010,2,0.15,105.58,212.84,Electronics,425.68,63.85,361.83,211.16,3.28,6.53
O509448,2025-09-16,C10976,P2031,3,0.2,54.53,117.07,Sports,351.21,70.24,280.97,163.59,4.2,7.4
O509449,2025-01-31,C10233,P2026,1,0.25,25.88,63.53,Beauty,63.53,15.88,47.65,25.88,3.1,1.35
O509450,2026-03-14,C10765,P2011,1,0.0,25.59,43.62,Electronics,43.62,0.0,43.62,25.59,6.52,1.27
O509451,2025-02-10,C11096,P2029,3,0.0,30.95,55.54,Apparel,166.62,0.0,166.62,92.85,5.15,3.34
O509452,2025-12-14,C10196,P2001,2,0.05,67.86,159.31,Electronics,318.62,15.93,302.69,135.72,3.66,6.4
O509453,2025-12-27,C10346,P2009,1,0.05,89.03,195.13,Home,195.13,9.76,185.37,89.03,5.9,5.07
O509454,2025-08-06,C10275,P2008,1,0.1,64.11,126.24,Beauty,126.24,12.62,113.62,64.11,7.27,2.81
O509455,2025-07-15,C10719,P2054,1,0.15,19.42,50.24,Beauty,50.24,7.54,42.7,19.42,5.68,1.07
O509456,2025-01-10,C10814,P2030,2,0.2,81.44,160.67,Electronics,321.34,64.27,257.07,162.88,4.39,5.93
O509457,2025-05-18,C10302,P2039,3,0.05,88.55,225.55,Beauty,676.65,33.83,642.82,265.65,6.48,17.27
O509458,2025-12-26,C10092,P2025,1,0.2,59.62,149.3,Electronics,149.3,29.86,119.44,59.62,5.41,3.38
O509459,2025-12-31,C10498,P2013,1,0.2,14.91,32.18,Beauty,32.18,6.44,25.74,14.91,4.75,0.56
O509460,2026-06-23,C10357,P2075,1,0.1,49.49,125.61,Electronics,125.61,12.56,113.05,49.49,4.29,2.41
O509461,2025-11-06,C11016,P2048,2,0.05,26.01,65.12,Home,130.24,6.51,123.73,52.02,2.83,3.42
O509462,2026-05-17,C10075,P2033,1,0.0,102.58,280.83,Apparel,280.83,0.0,280.83,102.58,6.09,5.43
O509463,2025-05-22,C10568,P2072,2,0.0,85.85,152.66,Sports,305.32,0.0,305.32,171.7,4.65,8.31
O509464,2026-01-30,C10126,P2031,3,0.15,54.53,117.07,Sports,351.21,52.68,298.53,163.59,3.54,8.61
O509465,2025-05-15,C10144,P2018,2,0.05,23.1,60.58,Apparel,121.16,6.06,115.1,46.2,7.46,2.12
O509466,2026-06-14,C10625,P2073,2,0.2,103.53,278.8,Apparel,557.6,111.52,446.08,207.06,4.56,12.1
O509467,2025-10-01,C10502,P2032,3,0.1,83.59,176.17,Apparel,528.51,52.85,475.66,250.77,7.5,10.61
O509468,2025-03-02,C11114,P2069,1,0.1,90.63,175.87,Apparel,175.87,17.59,158.28,90.63,3.71,4.51
O509469,2025-10-05,C11141,P2060,2,0.1,91.93,225.41,Sports,450.82,45.08,405.74,183.86,4.16,10.39
O509470,2026-06-30,C10680,P2018,2,0.1,23.1,60.58,Apparel,121.16,12.12,109.04,46.2,5.02,2.74
O509471,2025-12-22,C10221,P2061,1,0.1,92.46,150.56,Sports,150.56,15.06,135.5,92.46,7.59,3.66
O509472,2025-02-12,C10036,P2034,1,0.05,84.74,206.91,Electronics,206.91,10.35,196.56,84.74,4.61,6.1
O509473,2025-11-19,C10352,P2051,1,0.05,21.09,56.25,Home,56.25,2.81,53.44,21.09,4.93,1.22
O509474,2025-05-26,C10010,P2051,1,0.0,21.09,56.25,Home,56.25,0.0,56.25,21.09,3.03,1.65
O509475,2025-12-22,C11179,P2074,1,0.1,60.53,130.38,Sports,130.38,13.04,117.34,60.53,5.12,2.84
O509476,2026-06-09,C10306,P2009,2,0.1,89.03,195.13,Home,390.26,39.03,351.23,178.06,5.97,8.42
O509477,2025-01-20,C10591,P2002,1,0.2,36.16,61.12,Beauty,61.12,12.22,48.9,36.16,6.93,1.4
O509478,2025-06-14,C10774,P2039,1,0.1,88.55,225.55,Beauty,225.55,22.56,203.0,88.55,5.58,5.38
O509479,2026-02-26,C10685,P2044,1,0.15,96.39,166.51,Electronics,166.51,24.98,141.53,96.39,3.75,3.36
O509480,2026-02-12,C10886,P2037,1,0.05,19.43,42.14,Home,42.14,2.11,40.03,19.43,2.92,0.9
O509481,2025-04-12,C10494,P2051,1,0.0,21.09,56.25,Home,56.25,0.0,56.25,21.09,5.54,1.77
O509482,2026-04-16,C11169,P2013,1,0.0,14.91,32.18,Beauty,32.18,0.0,32.18,14.91,4.33,0.76
O509483,2026-03-23,C10255,P2027,1,0.05,39.51,103.84,Electronics,103.84,5.19,98.65,39.51,2.79,2.34
O509484,2026-05-12,C10952,P2068,1,0.1,54.46,128.05,Home,128.05,12.81,115.24,54.46,6.13,2.74
O509485,2026-06-20,C11122,P2022,1,0.1,39.69,79.46,Beauty,79.46,7.95,71.51,39.69,4.45,1.65
O509486,2026-02-21,C10112,P2061,2,0.1,92.46,150.56,Sports,301.12,30.11,271.01,184.92,4.28,4.95
O509487,2026-01-18,C10229,P2029,1,0.0,30.95,55.54,Apparel,55.54,0.0,55.54,30.95,5.62,1.49
O509488,2025-06-18,C10369,P2025,2,0.1,59.62,149.3,Electronics,298.6,29.86,268.74,119.24,5.19,6.35
O509489,2025-04-19,C11060,P2021,1,0.2,75.19,147.18,Electronics,147.18,29.44,117.74,75.19,6.6,2.92
O509490,2026-05-06,C10597,P2042,1,0.1,21.36,43.17,Sports,43.17,4.32,38.85,21.36,4.7,1.15
O509491,2025-09-08,C10635,P2065,3,0.05,74.22,160.54,Electronics,481.62,24.08,457.54,222.66,5.18,11.95
O509492,2026-03-06,C11126,P2079,2,0.1,76.11,150.73,Apparel,301.46,30.15,271.31,152.22,7.95,6.23
O509493,2026-05-03,C10540,P2027,2,0.0,39.51,103.84,Electronics,207.68,0.0,207.68,79.02,5.16,5.79
O509494,2026-04-26,C10305,P2016,1,0.15,23.99,66.65,Electronics,66.65,10.0,56.65,23.99,2.55,1.44
O509495,2026-04-10,C10528,P2015,1,0.05,32.67,56.68,Home,56.68,2.83,53.85,32.67,5.62,1.57
O509496,2025-08-09,C10279,P2064,1,0.0,92.82,194.3,Sports,194.3,0.0,194.3,92.82,5.65,4.56
O509497,2026-01-11,C10219,P2042,2,0.0,21.36,43.17,Sports,86.34,0.0,86.34,42.72,5.29,2.74
O509498,2025-09-04,C11156,P2036,1,0.05,79.57,186.92,Apparel,186.92,9.35,177.57,79.57,5.98,5.1
O509499,2025-10-09,C10019,P2009,1,0.05,89.03,195.13,Home,195.13,9.76,185.37,89.03,2.81,4.0
O509500,2025-02-12,C10733,P2021,1,0.05,75.19,147.18,Electronics,147.18,7.36,139.82,75.19,2.53,3.14
O509501,2026-06-08,C10491,P2068,1,0.05,54.46,128.05,Home,128.05,6.4,121.65,54.46,3.68,3.34
O509502,2025-06-22,C10989,P2070,1,0.1,80.41,185.88,Sports,185.88,18.59,167.29,80.41,4.85,4.38
O509503,2025-12-10,C10376,P2016,3,0.25,23.99,66.65,Electronics,199.95,49.99,149.96,71.97,7.78,4.13
O509504,2025-02-03,C11098,P2071,2,0.0,72.34,202.22,Beauty,404.44,0.0,404.44,144.68,7.52,9.2
O509505,2026-05-27,C10204,P2051,3,0.15,21.09,56.25,Home,168.75,25.31,143.44,63.27,4.68,4.13
O509506,2025-08-19,C11098,P2071,1,0.2,72.34,202.22,Beauty,202.22,40.44,161.78,72.34,4.09,3.7
O509507,2026-02-03,C10716,P2074,1,0.1,60.53,130.38,Sports,130.38,13.04,117.34,60.53,3.44,3.2
O509508,2025-10-28,C10930,P2058,1,0.15,56.31,124.87,Electronics,124.87,18.73,106.14,56.31,4.22,2.35
O509509,2025-03-06,C10614,P2067,3,0.1,89.48,177.38,Sports,532.14,53.21,478.93,268.44,6.08,10.54
O509510,2025-07-21,C11153,P2004,1,0.15,82.13,229.05,Sports,229.05,34.36,194.69,82.13,3.06,5.25
O509511,2025-07-12,C11064,P2027,1,0.0,39.51,103.84,Electronics,103.84,0.0,103.84,39.51,4.12,3.01
O509512,2025-03-10,C10048,P2072,2,0.25,85.85,152.66,Sports,305.32,76.33,228.99,171.7,4.48,5.45
O509513,2025-10-26,C11133,P2020,2,0.1,96.28,147.84,Home,295.68,29.57,266.11,192.56,7.42,7.12
O509514,2025-10-06,C10256,P2008,2,0.1,64.11,126.24,Beauty,252.48,25.25,227.23,128.22,4.71,4.21
O509515,2026-05-27,C10768,P2077,1,0.25,99.36,190.12,Apparel,190.12,47.53,142.59,99.36,5.03,2.83
O509516,2025-06-25,C11188,P2040,2,0.0,46.24,112.16,Electronics,224.32,0.0,224.32,92.48,5.53,6.58
O509517,2025-03-28,C10852,P2057,2,0.1,24.55,53.8,Beauty,107.6,10.76,96.84,49.1,6.43,1.76
O509518,2025-03-19,C10943,P2055,2,0.05,14.94,29.55,Sports,59.1,2.96,56.14,29.88,4.97,1.5
O509519,2026-01-16,C10226,P2044,1,0.1,96.39,166.51,Electronics,166.51,16.65,149.86,96.39,5.44,3.12
O509520,2025-12-17,C10349,P2034,2,0.15,84.74,206.91,Electronics,413.82,62.07,351.75,169.48,2.5,11.03
O509521,2025-10-01,C10678,P2036,1,0.1,79.57,186.92,Apparel,186.92,18.69,168.23,79.57,5.65,4.88
O509522,2026-06-24,C10109,P2030,2,0.1,81.44,160.67,Electronics,321.34,32.13,289.21,162.88,4.74,9.12
O509523,2025-02-28,C10484,P2026,1,0.0,25.88,63.53,Beauty,63.53,0.0,63.53,25.88,2.96,1.59
O509524,2026-06-07,C10864,P2057,1,0.15,24.55,53.8,Beauty,53.8,8.07,45.73,24.55,4.85,1.45
O509525,2026-06-07,C10491,P2044,1,0.15,96.39,166.51,Electronics,166.51,24.98,141.53,96.39,5.01,3.83
O509526,2026-06-22,C10549,P2060,2,0.1,91.93,225.41,Sports,450.82,45.08,405.74,183.86,5.05,7.46
O509527,2026-01-15,C10431,P2035,2,0.1,33.04,85.13,Beauty,170.26,17.03,153.23,66.08,4.52,3.68
O509528,2026-03-06,C10143,P2075,3,0.0,49.49,125.61,Electronics,376.83,0.0,376.83,148.47,4.34,9.38
O509529,2026-06-20,C11184,P2007,1,0.05,81.19,138.2,Apparel,138.2,6.91,131.29,81.19,4.37,3.61
O509530,2026-05-14,C10000,P2076,1,0.05,94.33,153.36,Apparel,153.36,7.67,145.69,94.33,5.99,3.86
O509531,2025-08-23,C10610,P2004,1,0.05,82.13,229.05,Sports,229.05,11.45,217.6,82.13,3.45,6.82
O509532,2025-03-19,C10761,P2063,3,0.05,107.79,241.07,Sports,723.21,36.16,687.05,323.37,5.1,19.62
O509533,2026-03-13,C10481,P2070,1,0.0,80.41,185.88,Sports,185.88,0.0,185.88,80.41,5.04,4.84
O509534,2025-05-14,C10878,P2074,2,0.2,60.53,130.38,Sports,260.76,52.15,208.61,121.06,3.19,4.09
O509535,2025-09-29,C10314,P2003,3,0.05,103.86,246.21,Sports,738.63,36.93,701.7,311.58,3.92,17.53
O509536,2025-12-22,C10494,P2007,2,0.05,81.19,138.2,Apparel,276.4,13.82,262.58,162.38,3.47,5.69
O509537,2026-01-02,C11008,P2026,2,0.05,25.88,63.53,Beauty,127.06,6.35,120.71,51.76,4.65,2.93
O509538,2025-04-13,C10472,P2022,1,0.2,39.69,79.46,Beauty,79.46,15.89,63.57,39.69,4.94,1.22
O509539,2025-11-14,C10376,P2006,1,0.25,90.83,200.16,Electronics,200.16,50.04,150.12,90.83,4.75,3.12
O509540,2026-06-25,C10817,P2016,1,0.0,23.99,66.65,Electronics,66.65,0.0,66.65,23.99,3.15,1.61
O509541,2025-08-06,C10959,P2015,3,0.0,32.67,56.68,Home,170.04,0.0,170.04,98.01,3.12,4.8
O509542,2025-04-15,C11186,P2079,2,0.1,76.11,150.73,Apparel,301.46,30.15,271.31,152.22,4.06,6.8
O509543,2025-09-30,C11179,P2073,1,0.1,103.53,278.8,Apparel,278.8,27.88,250.92,103.53,7.71,4.88
O509544,2026-03-09,C10344,P2071,1,0.0,72.34,202.22,Beauty,202.22,0.0,202.22,72.34,3.33,4.78
O509545,2025-12-12,C10154,P2076,3,0.0,94.33,153.36,Apparel,460.08,0.0,460.08,282.99,8.11,8.82
O509546,2025-09-09,C10825,P2047,1,0.05,23.95,36.37,Sports,36.37,1.82,34.55,23.95,5.28,0.71
O509547,2026-02-14,C11016,P2036,1,0.05,79.57,186.92,Apparel,186.92,9.35,177.57,79.57,4.1,4.46
O509548,2026-02-01,C10669,P2075,3,0.0,49.49,125.61,Electronics,376.83,0.0,376.83,148.47,5.52,7.96
O509549,2026-03-17,C10330,P2033,1,0.0,102.58,280.83,Apparel,280.83,0.0,280.83,102.58,7.56,8.36
O509550,2026-06-29,C10211,P2044,2,0.05,96.39,166.51,Electronics,333.02,16.65,316.37,192.78,4.78,7.89
O509551,2025-11-27,C10852,P2013,1,0.15,14.91,32.18,Beauty,32.18,4.83,27.35,14.91,5.66,0.71
O509552,2026-06-15,C11141,P2014,1,0.15,105.6,279.48,Beauty,279.48,41.92,237.56,105.6,2.79,4.58
O509553,2025-01-14,C10909,P2054,1,0.1,19.42,50.24,Beauty,50.24,5.02,45.22,19.42,4.41,0.85
O509554,2025-03-08,C10034,P2037,1,0.0,19.43,42.14,Home,42.14,0.0,42.14,19.43,4.0,1.26
O509555,2025-04-22,C11113,P2024,2,0.1,38.64,85.56,Electronics,171.12,17.11,154.01,77.28,6.01,4.87
O509556,2026-03-21,C10083,P2043,3,0.1,34.43,56.92,Electronics,170.76,17.08,153.68,103.29,6.02,2.81
O509557,2025-06-18,C10409,P2035,2,0.05,33.04,85.13,Beauty,170.26,8.51,161.75,66.08,7.71,4.8
O509558,2025-05-05,C10002,P2007,2,0.05,81.19,138.2,Apparel,276.4,13.82,262.58,162.38,4.46,6.4
O509559,2025-02-15,C10133,P2072,2,0.0,85.85,152.66,Sports,305.32,0.0,305.32,171.7,2.5,5.64
O509560,2026-02-17,C10185,P2078,2,0.1,80.99,151.9,Beauty,303.8,30.38,273.42,161.98,2.5,7.97
O509561,2025-12-18,C10739,P2039,3,0.2,88.55,225.55,Beauty,676.65,135.33,541.32,265.65,5.1,11.77
O509562,2025-07-22,C10115,P2017,1,0.15,42.64,69.06,Apparel,69.06,10.36,58.7,42.64,6.42,1.19
O509563,2025-07-06,C10248,P2075,1,0.05,49.49,125.61,Electronics,125.61,6.28,119.33,49.49,4.76,3.15
O509564,2025-09-20,C10251,P2053,1,0.15,95.73,175.96,Electronics,175.96,26.39,149.57,95.73,5.41,3.94
O509565,2025-05-09,C10882,P2046,1,0.05,41.9,79.58,Sports,79.58,3.98,75.6,41.9,4.67,1.96
O509566,2025-01-21,C10203,P2008,1,0.05,64.11,126.24,Beauty,126.24,6.31,119.93,64.11,7.49,2.18
O509567,2025-03-21,C10010,P2006,2,0.0,90.83,200.16,Electronics,400.32,0.0,400.32,181.66,4.12,11.66
O509568,2026-06-07,C10128,P2016,3,0.1,23.99,66.65,Electronics,199.95,20.0,179.96,71.97,4.33,3.27
O509569,2025-07-25,C10022,P2015,2,0.05,32.67,56.68,Home,113.36,5.67,107.69,65.34,3.97,1.97
O509570,2025-12-04,C10488,P2006,1,0.1,90.83,200.16,Electronics,200.16,20.02,180.14,90.83,4.04,4.45
O509571,2026-04-29,C10914,P2067,2,0.1,89.48,177.38,Sports,354.76,35.48,319.28,178.96,7.08,7.9
O509572,2026-01-27,C10551,P2049,3,0.05,75.64,173.14,Apparel,519.42,25.97,493.45,226.92,8.9,15.16
O509573,2025-01-30,C10660,P2004,1,0.0,82.13,229.05,Sports,229.05,0.0,229.05,82.13,3.64,6.87
O509574,2026-03-04,C10330,P2029,1,0.1,30.95,55.54,Apparel,55.54,5.55,49.99,30.95,2.5,1.2
O509575,2025-06-22,C11018,P2045,1,0.15,54.87,109.92,Sports,109.92,16.49,93.43,54.87,3.69,2.23
O509576,2025-07-29,C10715,P2058,1,0.1,56.31,124.87,Electronics,124.87,12.49,112.38,56.31,6.8,2.73
O509577,2025-08-02,C10673,P2034,1,0.0,84.74,206.91,Electronics,206.91,0.0,206.91,84.74,5.41,5.88
O509578,2026-01-01,C10294,P2016,3,0.05,23.99,66.65,Electronics,199.95,10.0,189.95,71.97,5.91,4.01
O509579,2025-09-10,C10467,P2001,2,0.15,67.86,159.31,Electronics,318.62,47.79,270.83,135.72,2.65,7.39
O509580,2025-05-02,C10065,P2056,1,0.05,12.18,29.13,Home,29.13,1.46,27.67,12.18,4.78,0.59
O509581,2026-05-07,C10448,P2014,3,0.1,105.6,279.48,Beauty,838.44,83.84,754.6,316.8,5.73,15.16
O509582,2025-09-30,C10209,P2022,1,0.2,39.69,79.46,Beauty,79.46,15.89,63.57,39.69,5.43,1.56
O509583,2026-03-17,C10548,P2054,2,0.1,19.42,50.24,Beauty,100.48,10.05,90.43,38.84,3.41,1.92
O509584,2025-07-25,C10538,P2053,2,0.1,95.73,175.96,Electronics,351.92,35.19,316.73,191.46,2.99,8.95
O509585,2026-05-11,C10451,P2037,1,0.0,19.43,42.14,Home,42.14,0.0,42.14,19.43,4.58,1.18
O509586,2025-07-24,C10146,P2055,1,0.0,14.94,29.55,Sports,29.55,0.0,29.55,14.94,4.82,0.81
O509587,2025-02-10,C10904,P2031,1,0.05,54.53,117.07,Sports,117.07,5.85,111.22,54.53,3.37,2.72
O509588,2025-11-29,C11045,P2022,1,0.15,39.69,79.46,Beauty,79.46,11.92,67.54,39.69,6.54,1.65
O509589,2026-03-12,C11035,P2044,2,0.2,96.39,166.51,Electronics,333.02,66.6,266.42,192.78,4.7,5.5
O509590,2026-01-04,C10588,P2018,1,0.0,23.1,60.58,Apparel,60.58,0.0,60.58,23.1,4.59,1.85
O509591,2025-12-23,C11038,P2027,1,0.15,39.51,103.84,Electronics,103.84,15.58,88.26,39.51,4.43,2.3
O509592,2025-01-12,C10703,P2040,1,0.0,46.24,112.16,Electronics,112.16,0.0,112.16,46.24,6.14,2.85
O509593,2025-08-28,C11092,P2071,1,0.2,72.34,202.22,Beauty,202.22,40.44,161.78,72.34,5.85,3.8
O509594,2026-03-13,C10645,P2017,1,0.05,42.64,69.06,Apparel,69.06,3.45,65.61,42.64,5.27,2.0
O509595,2025-08-13,C10033,P2025,2,0.0,59.62,149.3,Electronics,298.6,0.0,298.6,119.24,5.24,8.99
O509596,2025-02-17,C10114,P2012,3,0.1,91.5,250.58,Home,751.74,75.17,676.57,274.5,5.49,20.53
O509597,2025-07-07,C10674,P2037,1,0.0,19.43,42.14,Home,42.14,0.0,42.14,19.43,6.46,1.05
O509598,2026-01-10,C10056,P2027,2,0.15,39.51,103.84,Electronics,207.68,31.15,176.53,79.02,4.99,4.87
O509599,2025-11-14,C10882,P2063,2,0.1,107.79,241.07,Sports,482.14,48.21,433.93,215.58,2.5,10.87
O509600,2026-04-07,C10310,P2032,1,0.25,83.59,176.17,Apparel,176.17,44.04,132.13,83.59,5.66,3.4
O509601,2025-10-24,C10339,P2046,1,0.1,41.9,79.58,Sports,79.58,7.96,71.62,41.9,7.77,1.56
O509602,2025-10-18,C10312,P2079,2,0.0,76.11,150.73,Apparel,301.46,0.0,301.46,152.22,3.07,9.56
O509603,2025-08-12,C11079,P2003,2,0.0,103.86,246.21,Sports,492.42,0.0,492.42,207.72,3.75,13.81
O509604,2025-08-16,C10579,P2049,2,0.1,75.64,173.14,Apparel,346.28,34.63,311.65,151.28,3.83,8.67
O509605,2025-10-11,C11136,P2053,2,0.0,95.73,175.96,Electronics,351.92,0.0,351.92,191.46,2.5,6.87
O509606,2025-05-25,C10846,P2024,2,0.0,38.64,85.56,Electronics,171.12,0.0,171.12,77.28,4.66,4.72
O509607,2025-05-06,C11027,P2025,1,0.05,59.62,149.3,Electronics,149.3,7.47,141.84,59.62,4.69,3.49
O509608,2026-06-26,C10600,P2045,1,0.1,54.87,109.92,Sports,109.92,10.99,98.93,54.87,5.17,2.73
O509609,2025-06-12,C10686,P2075,1,0.15,49.49,125.61,Electronics,125.61,18.84,106.77,49.49,4.68,2.54
O509610,2025-02-19,C10306,P2042,2,0.0,21.36,43.17,Sports,86.34,0.0,86.34,42.72,3.28,1.93
O509611,2025-01-31,C10902,P2066,2,0.15,21.23,45.94,Beauty,91.88,13.78,78.1,42.46,6.57,2.32
O509612,2025-04-11,C10004,P2049,3,0.2,75.64,173.14,Apparel,519.42,103.88,415.54,226.92,8.04,11.57
O509613,2025-10-04,C10533,P2057,1,0.1,24.55,53.8,Beauty,53.8,5.38,48.42,24.55,5.17,0.92
O509614,2026-06-11,C10564,P2019,2,0.05,28.46,61.03,Sports,122.06,6.1,115.96,56.92,4.53,2.35
O509615,2025-11-25,C11167,P2055,3,0.0,14.94,29.55,Sports,88.65,0.0,88.65,44.82,2.5,1.97
O509616,2025-11-28,C10345,P2012,1,0.1,91.5,250.58,Home,250.58,25.06,225.52,91.5,4.95,4.38
O509617,2026-02-02,C10784,P2044,1,0.1,96.39,166.51,Electronics,166.51,16.65,149.86,96.39,4.56,4.06
O509618,2025-06-09,C10340,P2048,2,0.15,26.01,65.12,Home,130.24,19.54,110.7,52.02,7.3,2.59
O509619,2026-05-02,C10410,P2014,2,0.0,105.6,279.48,Beauty,558.96,0.0,558.96,211.2,5.0,16.15
O509620,2025-03-02,C10691,P2009,2,0.05,89.03,195.13,Home,390.26,19.51,370.75,178.06,5.07,8.4
O509621,2025-08-09,C11098,P2064,2,0.1,92.82,194.3,Sports,388.6,38.86,349.74,185.64,5.49,9.22
O509622,2025-05-12,C10904,P2071,3,0.05,72.34,202.22,Beauty,606.66,30.33,576.33,217.02,5.41,15.03
O509623,2025-07-25,C10290,P2054,1,0.0,19.42,50.24,Beauty,50.24,0.0,50.24,19.42,3.29,0.99
O509624,2026-05-17,C10598,P2012,2,0.0,91.5,250.58,Home,501.16,0.0,501.16,183.0,2.54,10.71
O509625,2026-01-06,C11054,P2057,1,0.05,24.55,53.8,Beauty,53.8,2.69,51.11,24.55,4.45,1.04
O509626,2026-06-09,C10766,P2007,2,0.0,81.19,138.2,Apparel,276.4,0.0,276.4,162.38,2.95,8.69
O509627,2026-01-12,C10705,P2012,2,0.15,91.5,250.58,Home,501.16,75.17,425.99,183.0,7.16,9.92
O509628,2026-03-02,C10328,P2028,2,0.2,49.21,76.08,Beauty,152.16,30.43,121.73,98.42,4.74,3.19
O509629,2025-05-16,C11158,P2027,1,0.25,39.51,103.84,Electronics,103.84,25.96,77.88,39.51,5.99,2.23
O509630,2025-08-21,C10711,P2072,3,0.25,85.85,152.66,Sports,457.98,114.5,343.48,257.55,4.41,7.15
O509631,2026-01-27,C11003,P2068,2,0.1,54.46,128.05,Home,256.1,25.61,230.49,108.92,6.5,6.23
O509632,2026-03-13,C10059,P2067,3,0.25,89.48,177.38,Sports,532.14,133.04,399.1,268.44,4.88,10.4
O509633,2026-01-20,C10284,P2027,1,0.0,39.51,103.84,Electronics,103.84,0.0,103.84,39.51,3.68,2.81
O509634,2026-05-25,C10449,P2037,2,0.2,19.43,42.14,Home,84.28,16.86,67.42,38.86,6.85,1.32
O509635,2026-01-25,C10635,P2072,1,0.1,85.85,152.66,Sports,152.66,15.27,137.39,85.85,5.41,2.69
O509636,2026-01-25,C11120,P2017,1,0.0,42.64,69.06,Apparel,69.06,0.0,69.06,42.64,4.47,1.5
O509637,2025-05-29,C11117,P2028,1,0.2,49.21,76.08,Beauty,76.08,15.22,60.86,49.21,6.36,1.56
O509638,2025-08-18,C10186,P2046,1,0.05,41.9,79.58,Sports,79.58,3.98,75.6,41.9,6.13,1.54
O509639,2025-08-11,C10995,P2032,1,0.05,83.59,176.17,Apparel,176.17,8.81,167.36,83.59,4.06,4.35
O509640,2026-02-18,C11034,P2061,3,0.15,92.46,150.56,Sports,451.68,67.75,383.93,277.38,5.89,8.74
O509641,2026-01-08,C10265,P2001,1,0.1,67.86,159.31,Electronics,159.31,15.93,143.38,67.86,6.45,3.71
O509642,2026-01-23,C11133,P2037,1,0.1,19.43,42.14,Home,42.14,4.21,37.93,19.43,2.5,0.87
O509643,2026-04-24,C11101,P2067,1,0.05,89.48,177.38,Sports,177.38,8.87,168.51,89.48,2.61,3.37
O509644,2025-01-08,C10963,P2014,1,0.15,105.6,279.48,Beauty,279.48,41.92,237.56,105.6,2.5,6.76
O509645,2025-07-10,C10380,P2047,1,0.05,23.95,36.37,Sports,36.37,1.82,34.55,23.95,4.43,0.91
O509646,2025-03-18,C10048,P2056,3,0.0,12.18,29.13,Home,87.39,0.0,87.39,36.54,4.92,1.6
O509647,2025-08-13,C11141,P2022,1,0.15,39.69,79.46,Beauty,79.46,11.92,67.54,39.69,5.45,1.86
O509648,2026-01-02,C10353,P2013,3,0.0,14.91,32.18,Beauty,96.54,0.0,96.54,44.73,4.19,2.28
O509649,2025-06-14,C10778,P2013,1,0.15,14.91,32.18,Beauty,32.18,4.83,27.35,14.91,6.4,0.79
O509650,2026-02-22,C10511,P2029,1,0.05,30.95,55.54,Apparel,55.54,2.78,52.76,30.95,4.53,1.44
O509651,2025-12-01,C10897,P2069,1,0.1,90.63,175.87,Apparel,175.87,17.59,158.28,90.63,3.65,4.06
O509652,2025-10-18,C11140,P2017,1,0.0,42.64,69.06,Apparel,69.06,0.0,69.06,42.64,5.57,1.88
O509653,2026-04-28,C10371,P2019,1,0.15,28.46,61.03,Sports,61.03,9.15,51.88,28.46,4.2,1.14
O509654,2025-11-15,C10676,P2020,1,0.0,96.28,147.84,Home,147.84,0.0,147.84,96.28,5.84,3.91
O509655,2025-11-02,C10823,P2058,1,0.0,56.31,124.87,Electronics,124.87,0.0,124.87,56.31,7.97,3.13
O509656,2025-04-24,C11095,P2006,2,0.1,90.83,200.16,Electronics,400.32,40.03,360.29,181.66,6.69,9.03
O509657,2025-02-26,C10129,P2061,1,0.05,92.46,150.56,Sports,150.56,7.53,143.03,92.46,5.43,3.74
O509658,2025-08-13,C10124,P2005,1,0.05,21.42,39.38,Sports,39.38,1.97,37.41,21.42,2.5,0.72
O509659,2025-11-19,C10803,P2054,1,0.0,19.42,50.24,Beauty,50.24,0.0,50.24,19.42,4.12,1.1
O509660,2025-09-29,C10474,P2016,2,0.0,23.99,66.65,Electronics,133.3,0.0,133.3,47.98,3.8,2.76
O509661,2025-09-05,C10080,P2017,1,0.05,42.64,69.06,Apparel,69.06,3.45,65.61,42.64,3.96,1.53
O509662,2025-03-21,C11059,P2031,1,0.1,54.53,117.07,Sports,117.07,11.71,105.36,54.53,5.56,2.75
O509663,2025-06-23,C10446,P2055,1,0.1,14.94,29.55,Sports,29.55,2.96,26.6,14.94,2.5,0.84
O509664,2025-12-16,C10820,P2005,2,0.15,21.42,39.38,Sports,78.76,11.81,66.95,42.84,4.39,1.82
O509665,2025-02-03,C10139,P2057,3,0.15,24.55,53.8,Beauty,161.4,24.21,137.19,73.65,4.41,3.49
O509666,2026-06-06,C10460,P2058,2,0.2,56.31,124.87,Electronics,249.74,49.95,199.79,112.62,5.59,5.84
O509667,2025-04-10,C10339,P2075,1,0.0,49.49,125.61,Electronics,125.61,0.0,125.61,49.49,3.98,2.66
O509668,2025-12-24,C11101,P2034,1,0.1,84.74,206.91,Electronics,206.91,20.69,186.22,84.74,7.65,4.46
O509669,2025-07-11,C10194,P2027,1,0.1,39.51,103.84,Electronics,103.84,10.38,93.46,39.51,3.43,1.71
O509670,2025-05-30,C10658,P2003,1,0.0,103.86,246.21,Sports,246.21,0.0,246.21,103.86,5.9,7.28
O509671,2025-09-01,C10771,P2043,2,0.0,34.43,56.92,Electronics,113.84,0.0,113.84,68.86,6.94,2.6
O509672,2025-05-09,C10586,P2037,2,0.0,19.43,42.14,Home,84.28,0.0,84.28,38.86,3.9,1.55
O509673,2026-01-24,C10011,P2027,1,0.0,39.51,103.84,Electronics,103.84,0.0,103.84,39.51,3.86,2.99
O509674,2025-05-19,C10645,P2020,1,0.0,96.28,147.84,Home,147.84,0.0,147.84,96.28,5.92,4.6
O509675,2025-12-09,C10696,P2012,2,0.05,91.5,250.58,Home,501.16,25.06,476.1,183.0,4.07,12.53
O509676,2026-04-03,C10658,P2031,2,0.0,54.53,117.07,Sports,234.14,0.0,234.14,109.06,6.46,6.29
O509677,2025-12-09,C10943,P2067,1,0.0,89.48,177.38,Sports,177.38,0.0,177.38,89.48,4.22,4.17
O509678,2025-04-10,C10908,P2056,2,0.0,12.18,29.13,Home,58.26,0.0,58.26,24.36,2.87,1.12
O509679,2025-08-25,C10855,P2055,1,0.05,14.94,29.55,Sports,29.55,1.48,28.07,14.94,4.23,0.69
O509680,2026-04-08,C10902,P2006,2,0.2,90.83,200.16,Electronics,400.32,80.06,320.26,181.66,4.57,9.27
O509681,2026-02-28,C10332,P2066,1,0.0,21.23,45.94,Beauty,45.94,0.0,45.94,21.23,6.12,1.11
O509682,2025-01-28,C11066,P2069,1,0.1,90.63,175.87,Apparel,175.87,17.59,158.28,90.63,4.58,4.81
O509683,2025-12-17,C10053,P2010,2,0.15,105.58,212.84,Electronics,425.68,63.85,361.83,211.16,5.88,7.51
O509684,2026-02-14,C10519,P2000,1,0.2,20.01,46.3,Beauty,46.3,9.26,37.04,20.01,6.07,1.15
O509685,2025-09-18,C10367,P2035,1,0.15,33.04,85.13,Beauty,85.13,12.77,72.36,33.04,7.38,2.28
O509686,2026-06-02,C10998,P2057,2,0.15,24.55,53.8,Beauty,107.6,16.14,91.46,49.1,6.69,2.02
O509687,2025-09-01,C11026,P2047,3,0.0,23.95,36.37,Sports,109.11,0.0,109.11,71.85,5.45,2.37
O509688,2026-03-14,C11009,P2068,1,0.2,54.46,128.05,Home,128.05,25.61,102.44,54.46,4.31,2.21
O509689,2025-01-08,C10567,P2019,2,0.1,28.46,61.03,Sports,122.06,12.21,109.85,56.92,5.26,3.05
O509690,2026-03-11,C10493,P2007,2,0.05,81.19,138.2,Apparel,276.4,13.82,262.58,162.38,3.9,6.44
O509691,2026-04-02,C10949,P2078,1,0.0,80.99,151.9,Beauty,151.9,0.0,151.9,80.99,5.76,4.47
O509692,2025-06-07,C10070,P2034,2,0.15,84.74,206.91,Electronics,413.82,62.07,351.75,169.48,4.72,7.42
O509693,2025-01-20,C10530,P2027,2,0.25,39.51,103.84,Electronics,207.68,51.92,155.76,79.02,3.76,3.15
O509694,2025-07-24,C10257,P2039,1,0.05,88.55,225.55,Beauty,225.55,11.28,214.27,88.55,4.42,5.57
O509695,2025-02-07,C10778,P2067,1,0.25,89.48,177.38,Sports,177.38,44.34,133.04,89.48,2.5,4.01
O509696,2025-06-07,C10675,P2028,1,0.05,49.21,76.08,Beauty,76.08,3.8,72.28,49.21,7.51,2.17
O509697,2025-11-08,C10326,P2022,1,0.0,39.69,79.46,Beauty,79.46,0.0,79.46,39.69,4.11,1.46
O509698,2025-03-16,C11029,P2051,1,0.1,21.09,56.25,Home,56.25,5.62,50.62,21.09,4.41,0.99
O509699,2026-06-23,C10262,P2029,2,0.0,30.95,55.54,Apparel,111.08,0.0,111.08,61.9,5.18,3.37
O509700,2025-04-17,C10221,P2073,1,0.15,103.53,278.8,Apparel,278.8,41.82,236.98,103.53,6.67,6.37
O509701,2025-08-30,C10096,P2042,2,0.15,21.36,43.17,Sports,86.34,12.95,73.39,42.72,5.05,2.16
O509702,2026-05-13,C10018,P2048,2,0.1,26.01,65.12,Home,130.24,13.02,117.22,52.02,7.14,2.74
O509703,2025-05-09,C10500,P2028,2,0.0,49.21,76.08,Beauty,152.16,0.0,152.16,98.42,6.63,3.83
O509704,2025-01-20,C10542,P2065,3,0.05,74.22,160.54,Electronics,481.62,24.08,457.54,222.66,4.63,13.31
O509705,2026-02-26,C10717,P2071,2,0.05,72.34,202.22,Beauty,404.44,20.22,384.22,144.68,4.37,9.2
O509706,2026-01-31,C10528,P2062,1,0.2,69.71,151.88,Beauty,151.88,30.38,121.5,69.71,7.29,2.28
O509707,2026-04-09,C10178,P2058,1,0.15,56.31,124.87,Electronics,124.87,18.73,106.14,56.31,7.93,2.85
O509708,2025-04-24,C11028,P2045,3,0.15,54.87,109.92,Sports,329.76,49.46,280.3,164.61,6.75,7.97
O509709,2025-07-29,C11168,P2072,1,0.1,85.85,152.66,Sports,152.66,15.27,137.39,85.85,2.5,2.75
O509710,2025-07-07,C10388,P2004,2,0.05,82.13,229.05,Sports,458.1,22.9,435.2,164.26,3.4,12.01
O509711,2026-02-24,C11082,P2067,3,0.2,89.48,177.38,Sports,532.14,106.43,425.71,268.44,3.85,8.85
O509712,2025-02-02,C10579,P2052,1,0.1,85.13,212.17,Beauty,212.17,21.22,190.95,85.13,5.22,5.33
O509713,2026-01-08,C10945,P2062,1,0.05,69.71,151.88,Beauty,151.88,7.59,144.29,69.71,7.46,3.42
O509714,2025-06-21,C10659,P2018,1,0.05,23.1,60.58,Apparel,60.58,3.03,57.55,23.1,7.84,1.72
O509715,2025-02-19,C10874,P2033,1,0.1,102.58,280.83,Apparel,280.83,28.08,252.75,102.58,6.78,5.42
O509716,2025-05-21,C10667,P2024,3,0.15,38.64,85.56,Electronics,256.68,38.5,218.18,115.92,6.19,4.64
O509717,2025-04-23,C11049,P2022,1,0.25,39.69,79.46,Beauty,79.46,19.86,59.6,39.69,7.66,1.72
O509718,2025-03-21,C10634,P2018,1,0.15,23.1,60.58,Apparel,60.58,9.09,51.49,23.1,4.24,1.19
O509719,2026-06-12,C10821,P2033,3,0.05,102.58,280.83,Apparel,842.49,42.12,800.37,307.74,3.82,16.18
O509720,2025-02-02,C10151,P2035,2,0.05,33.04,85.13,Beauty,170.26,8.51,161.75,66.08,7.43,4.04
O509721,2025-05-31,C10423,P2038,1,0.1,61.98,100.85,Sports,100.85,10.09,90.76,61.98,5.43,1.7
O509722,2025-03-26,C10785,P2059,2,0.0,74.58,192.13,Electronics,384.26,0.0,384.26,149.16,4.19,9.42
O509723,2025-02-28,C10174,P2033,1,0.0,102.58,280.83,Apparel,280.83,0.0,280.83,102.58,3.01,6.39
O509724,2026-04-02,C10281,P2004,3,0.15,82.13,229.05,Sports,687.15,103.07,584.08,246.39,5.62,11.01
O509725,2025-01-19,C10480,P2028,2,0.2,49.21,76.08,Beauty,152.16,30.43,121.73,98.42,5.17,3.66
O509726,2025-05-05,C11022,P2064,2,0.1,92.82,194.3,Sports,388.6,38.86,349.74,185.64,6.03,10.34
O509727,2025-01-19,C10689,P2054,2,0.0,19.42,50.24,Beauty,100.48,0.0,100.48,38.84,5.1,3.15
O509728,2025-04-24,C10462,P2058,2,0.05,56.31,124.87,Electronics,249.74,12.49,237.25,112.62,5.16,6.15
O509729,2026-04-18,C11028,P2064,1,0.15,92.82,194.3,Sports,194.3,29.14,165.16,92.82,7.49,4.08
O509730,2025-10-07,C10298,P2038,1,0.1,61.98,100.85,Sports,100.85,10.09,90.76,61.98,5.4,1.65
O509731,2026-01-01,C10725,P2011,2,0.1,25.59,43.62,Electronics,87.24,8.72,78.52,51.18,4.07,1.96
O509732,2025-12-15,C10088,P2047,2,0.2,23.95,36.37,Sports,72.74,14.55,58.19,47.9,5.74,1.44
O509733,2025-02-13,C11035,P2061,1,0.05,92.46,150.56,Sports,150.56,7.53,143.03,92.46,4.09,4.44
O509734,2025-02-27,C10818,P2074,2,0.15,60.53,130.38,Sports,260.76,39.11,221.65,121.06,4.42,5.97
O509735,2025-12-19,C10583,P2069,1,0.1,90.63,175.87,Apparel,175.87,17.59,158.28,90.63,4.78,4.44
O509736,2025-07-08,C10246,P2037,2,0.15,19.43,42.14,Home,84.28,12.64,71.64,38.86,5.7,2.13
O509737,2025-12-28,C10839,P2007,2,0.0,81.19,138.2,Apparel,276.4,0.0,276.4,162.38,5.08,6.81
O509738,2026-03-26,C10499,P2038,1,0.0,61.98,100.85,Sports,100.85,0.0,100.85,61.98,3.74,3.16
O509739,2026-02-12,C10760,P2043,2,0.0,34.43,56.92,Electronics,113.84,0.0,113.84,68.86,2.57,2.42
O509740,2025-06-27,C10604,P2065,1,0.1,74.22,160.54,Electronics,160.54,16.05,144.49,74.22,6.17,3.06
O509741,2025-02-16,C10787,P2039,3,0.15,88.55,225.55,Beauty,676.65,101.5,575.15,265.65,5.68,17.23
O509742,2026-02-11,C10908,P2066,1,0.15,21.23,45.94,Beauty,45.94,6.89,39.05,21.23,6.86,0.96
O509743,2025-08-28,C11018,P2041,3,0.0,53.15,104.66,Apparel,313.98,0.0,313.98,159.45,3.32,6.84
O509744,2026-03-28,C10631,P2043,1,0.1,34.43,56.92,Electronics,56.92,5.69,51.23,34.43,5.51,1.44
O509745,2026-06-11,C10205,P2035,1,0.05,33.04,85.13,Beauty,85.13,4.26,80.87,33.04,8.97,1.97
O509746,2025-12-05,C10957,P2052,2,0.1,85.13,212.17,Beauty,424.34,42.43,381.91,170.26,6.23,8.26
O509747,2025-08-07,C10845,P2009,1,0.05,89.03,195.13,Home,195.13,9.76,185.37,89.03,2.79,4.63
O509748,2026-02-04,C10486,P2029,1,0.1,30.95,55.54,Apparel,55.54,5.55,49.99,30.95,5.43,1.25
O509749,2026-04-20,C11184,P2013,2,0.05,14.91,32.18,Beauty,64.36,3.22,61.14,29.82,7.03,1.3
O509750,2026-05-25,C10261,P2013,1,0.0,14.91,32.18,Beauty,32.18,0.0,32.18,14.91,5.37,1.0
O509751,2026-02-23,C10996,P2040,2,0.2,46.24,112.16,Electronics,224.32,44.86,179.46,92.48,4.35,3.24
O509752,2025-09-13,C10046,P2035,1,0.0,33.04,85.13,Beauty,85.13,0.0,85.13,33.04,3.45,1.83
O509753,2025-02-18,C10548,P2047,1,0.15,23.95,36.37,Sports,36.37,5.46,30.91,23.95,6.56,0.57
O509754,2025-03-25,C10962,P2040,1,0.05,46.24,112.16,Electronics,112.16,5.61,106.55,46.24,4.52,2.32
O509755,2026-01-24,C10144,P2024,1,0.0,38.64,85.56,Electronics,85.56,0.0,85.56,38.64,5.77,1.87
O509756,2025-03-23,C10203,P2044,1,0.2,96.39,166.51,Electronics,166.51,33.3,133.21,96.39,6.62,3.0
O509757,2025-02-18,C10162,P2017,3,0.25,42.64,69.06,Apparel,207.18,51.8,155.38,127.92,9.27,4.74
O509758,2025-11-14,C10796,P2005,2,0.15,21.42,39.38,Sports,78.76,11.81,66.95,42.84,4.82,1.66
O509759,2025-10-12,C10139,P2062,2,0.15,69.71,151.88,Beauty,303.76,45.56,258.2,139.42,5.01,7.8
O509760,2025-05-11,C10695,P2019,1,0.0,28.46,61.03,Sports,61.03,0.0,61.03,28.46,5.86,1.21
O509761,2025-10-01,C10029,P2041,1,0.05,53.15,104.66,Apparel,104.66,5.23,99.43,53.15,2.63,2.19
O509762,2025-03-26,C10071,P2069,3,0.25,90.63,175.87,Apparel,527.61,131.9,395.71,271.89,3.43,11.15
O509763,2025-06-10,C10940,P2075,1,0.1,49.49,125.61,Electronics,125.61,12.56,113.05,49.49,3.66,2.82
O509764,2026-06-23,C10886,P2029,3,0.1,30.95,55.54,Apparel,166.62,16.66,149.96,92.85,4.24,3.13
O509765,2025-04-19,C10438,P2061,2,0.1,92.46,150.56,Sports,301.12,30.11,271.01,184.92,3.73,6.05
O509766,2025-12-07,C10472,P2005,1,0.0,21.42,39.38,Sports,39.38,0.0,39.38,21.42,4.97,0.84
O509767,2025-06-05,C11029,P2057,1,0.25,24.55,53.8,Beauty,53.8,13.45,40.35,24.55,5.68,0.77
O509768,2026-04-08,C10165,P2012,3,0.1,91.5,250.58,Home,751.74,75.17,676.57,274.5,3.32,12.91
O509769,2025-08-30,C10060,P2066,1,0.2,21.23,45.94,Beauty,45.94,9.19,36.75,21.23,8.07,0.91
O509770,2026-04-10,C10329,P2078,2,0.05,80.99,151.9,Beauty,303.8,15.19,288.61,161.98,6.27,6.0
O509771,2025-05-03,C10737,P2056,3,0.0,12.18,29.13,Home,87.39,0.0,87.39,36.54,5.76,2.79
O509772,2025-05-27,C10324,P2009,2,0.05,89.03,195.13,Home,390.26,19.51,370.75,178.06,3.15,7.05
O509773,2026-05-14,C10379,P2034,2,0.05,84.74,206.91,Electronics,413.82,20.69,393.13,169.48,5.53,12.07
O509774,2025-02-22,C10183,P2049,3,0.2,75.64,173.14,Apparel,519.42,103.88,415.54,226.92,6.42,10.09
O509775,2025-08-27,C10767,P2018,1,0.05,23.1,60.58,Apparel,60.58,3.03,57.55,23.1,6.11,1.3
O509776,2025-04-28,C10939,P2059,1,0.15,74.58,192.13,Electronics,192.13,28.82,163.31,74.58,5.56,4.6
O509777,2025-01-02,C11011,P2048,2,0.2,26.01,65.12,Home,130.24,26.05,104.19,52.02,5.51,2.75
O509778,2025-12-30,C10112,P2076,2,0.2,94.33,153.36,Apparel,306.72,61.34,245.38,188.66,3.65,6.48
O509779,2025-11-09,C11197,P2073,2,0.0,103.53,278.8,Apparel,557.6,0.0,557.6,207.06,3.9,14.97
O509780,2025-04-10,C10453,P2024,2,0.0,38.64,85.56,Electronics,171.12,0.0,171.12,77.28,5.42,5.1
O509781,2026-04-30,C10832,P2066,3,0.0,21.23,45.94,Beauty,137.82,0.0,137.82,63.69,4.16,3.34
O509782,2026-02-22,C10951,P2051,3,0.1,21.09,56.25,Home,168.75,16.88,151.88,63.27,2.5,2.89
O509783,2026-04-12,C10259,P2027,3,0.15,39.51,103.84,Electronics,311.52,46.73,264.79,118.53,2.78,8.01
O509784,2026-05-17,C10640,P2046,2,0.1,41.9,79.58,Sports,159.16,15.92,143.24,83.8,4.02,3.71
O509785,2025-09-14,C10588,P2056,2,0.05,12.18,29.13,Home,58.26,2.91,55.35,24.36,4.22,1.3
O509786,2026-02-18,C10010,P2037,1,0.2,19.43,42.14,Home,42.14,8.43,33.71,19.43,6.81,1.04
O509787,2026-01-12,C10300,P2005,2,0.05,21.42,39.38,Sports,78.76,3.94,74.82,42.84,4.24,1.55
O509788,2025-03-02,C10984,P2009,2,0.1,89.03,195.13,Home,390.26,39.03,351.23,178.06,5.75,9.77
O509789,2025-03-13,C10193,P2068,1,0.15,54.46,128.05,Home,128.05,19.21,108.84,54.46,5.55,2.93
O509790,2025-12-20,C11088,P2018,2,0.05,23.1,60.58,Apparel,121.16,6.06,115.1,46.2,4.52,2.79
O509791,2026-04-05,C11001,P2009,1,0.2,89.03,195.13,Home,195.13,39.03,156.1,89.03,2.5,4.23
O509792,2025-04-21,C10936,P2000,1,0.05,20.01,46.3,Beauty,46.3,2.32,43.98,20.01,2.72,1.25
O509793,2026-05-28,C10844,P2026,2,0.1,25.88,63.53,Beauty,127.06,12.71,114.35,51.76,5.28,2.76
O509794,2025-03-26,C10732,P2042,3,0.2,21.36,43.17,Sports,129.51,25.9,103.61,64.08,2.75,2.74
O509795,2026-04-25,C10274,P2069,2,0.1,90.63,175.87,Apparel,351.74,35.17,316.57,181.26,4.99,7.11
O509796,2025-12-13,C10726,P2053,2,0.15,95.73,175.96,Electronics,351.92,52.79,299.13,191.46,4.87,9.04
O509797,2026-03-03,C10578,P2032,2,0.25,83.59,176.17,Apparel,352.34,88.08,264.26,167.18,4.37,6.81
O509798,2025-05-31,C10760,P2033,3,0.15,102.58,280.83,Apparel,842.49,126.37,716.12,307.74,6.2,21.15
O509799,2026-05-05,C10449,P2052,1,0.1,85.13,212.17,Beauty,212.17,21.22,190.95,85.13,6.13,3.83
O509800,2025-08-02,C10723,P2065,2,0.1,74.22,160.54,Electronics,321.08,32.11,288.97,148.44,7.95,5.22
O509801,2025-08-01,C10891,P2008,2,0.15,64.11,126.24,Beauty,252.48,37.87,214.61,128.22,4.92,5.86
O509802,2026-06-06,C11069,P2024,1,0.2,38.64,85.56,Electronics,85.56,17.11,68.45,38.64,5.79,2.08
O509803,2025-07-23,C10298,P2069,1,0.15,90.63,175.87,Apparel,175.87,26.38,149.49,90.63,4.69,3.28
O509804,2025-08-16,C11002,P2033,1,0.15,102.58,280.83,Apparel,280.83,42.12,238.71,102.58,7.5,4.55
O509805,2025-02-05,C10631,P2026,1,0.0,25.88,63.53,Beauty,63.53,0.0,63.53,25.88,3.89,1.36
O509806,2026-05-08,C10672,P2008,3,0.05,64.11,126.24,Beauty,378.72,18.94,359.78,192.33,5.52,8.66
O509807,2025-07-09,C11061,P2050,2,0.1,47.62,83.27,Beauty,166.54,16.65,149.89,95.24,6.07,2.92
O509808,2026-03-09,C11001,P2058,2,0.05,56.31,124.87,Electronics,249.74,12.49,237.25,112.62,3.72,7.53
O509809,2025-12-30,C11103,P2043,3,0.0,34.43,56.92,Electronics,170.76,0.0,170.76,103.29,8.23,4.26
O509810,2025-09-14,C10130,P2004,2,0.1,82.13,229.05,Sports,458.1,45.81,412.29,164.26,6.3,13.1
O509811,2026-01-09,C10112,P2065,3,0.0,74.22,160.54,Electronics,481.62,0.0,481.62,222.66,6.44,9.73
O509812,2026-01-28,C10584,P2031,2,0.1,54.53,117.07,Sports,234.14,23.41,210.73,109.06,4.85,5.26
O509813,2025-05-18,C10960,P2066,1,0.1,21.23,45.94,Beauty,45.94,4.59,41.35,21.23,7.85,1.11
O509814,2025-08-24,C11061,P2060,2,0.1,91.93,225.41,Sports,450.82,45.08,405.74,183.86,5.23,12.53
O509815,2026-06-04,C10094,P2065,1,0.15,74.22,160.54,Electronics,160.54,24.08,136.46,74.22,6.29,2.76
O509816,2026-01-20,C10008,P2022,1,0.25,39.69,79.46,Beauty,79.46,19.86,59.6,39.69,4.3,1.46
O509817,2025-10-01,C10969,P2029,2,0.0,30.95,55.54,Apparel,111.08,0.0,111.08,61.9,4.94,2.99
O509818,2025-01-14,C11056,P2058,2,0.05,56.31,124.87,Electronics,249.74,12.49,237.25,112.62,4.88,5.16
O509819,2026-03-04,C11195,P2027,3,0.0,39.51,103.84,Electronics,311.52,0.0,311.52,118.53,5.49,9.55
O509820,2025-03-06,C10748,P2068,1,0.05,54.46,128.05,Home,128.05,6.4,121.65,54.46,3.59,3.21
O509821,2025-02-03,C10712,P2062,1,0.05,69.71,151.88,Beauty,151.88,7.59,144.29,69.71,5.39,4.46
O509822,2025-08-12,C11060,P2058,1,0.2,56.31,124.87,Electronics,124.87,24.97,99.9,56.31,4.13,1.81
O509823,2025-07-08,C10189,P2057,3,0.0,24.55,53.8,Beauty,161.4,0.0,161.4,73.65,3.69,4.8
O509824,2025-04-10,C10779,P2043,1,0.2,34.43,56.92,Electronics,56.92,11.38,45.54,34.43,2.5,1.15
O509825,2025-01-16,C10577,P2017,3,0.0,42.64,69.06,Apparel,207.18,0.0,207.18,127.92,2.5,4.61
O509826,2025-03-07,C10042,P2060,1,0.05,91.93,225.41,Sports,225.41,11.27,214.14,91.93,5.42,5.23
O509827,2025-01-25,C10263,P2072,3,0.1,85.85,152.66,Sports,457.98,45.8,412.18,257.55,4.64,10.8
O509828,2025-08-07,C10869,P2008,2,0.1,64.11,126.24,Beauty,252.48,25.25,227.23,128.22,2.88,6.56
O509829,2025-04-26,C10400,P2017,1,0.0,42.64,69.06,Apparel,69.06,0.0,69.06,42.64,5.4,1.68
O509830,2025-01-08,C10970,P2079,1,0.15,76.11,150.73,Apparel,150.73,22.61,128.12,76.11,8.47,3.8
O509831,2026-04-02,C10426,P2023,1,0.15,99.43,207.17,Apparel,207.17,31.08,176.09,99.43,2.86,4.52
O509832,2025-02-03,C10408,P2001,1,0.2,67.86,159.31,Electronics,159.31,31.86,127.45,67.86,5.96,3.87
O509833,2025-06-23,C10361,P2004,3,0.1,82.13,229.05,Sports,687.15,68.72,618.44,246.39,5.89,19.48
O509834,2025-02-15,C10342,P2070,1,0.05,80.41,185.88,Sports,185.88,9.29,176.59,80.41,8.69,5.34
O509835,2025-02-11,C10168,P2024,1,0.0,38.64,85.56,Electronics,85.56,0.0,85.56,38.64,7.42,2.37
O509836,2025-02-15,C10045,P2040,1,0.0,46.24,112.16,Electronics,112.16,0.0,112.16,46.24,5.0,3.33
O509837,2025-08-15,C11017,P2071,1,0.05,72.34,202.22,Beauty,202.22,10.11,192.11,72.34,7.22,4.19
O509838,2025-07-15,C10522,P2076,3,0.2,94.33,153.36,Apparel,460.08,92.02,368.06,282.99,4.54,10.08
O509839,2026-01-09,C10023,P2057,1,0.1,24.55,53.8,Beauty,53.8,5.38,48.42,24.55,4.9,1.07
O509840,2025-11-25,C11005,P2007,3,0.1,81.19,138.2,Apparel,414.6,41.46,373.14,243.57,4.81,7.36
O509841,2025-08-20,C10268,P2071,2,0.1,72.34,202.22,Beauty,404.44,40.44,364.0,144.68,7.22,6.83
O509842,2026-02-20,C10762,P2069,1,0.1,90.63,175.87,Apparel,175.87,17.59,158.28,90.63,3.91,4.41
O509843,2025-05-11,C10375,P2078,1,0.15,80.99,151.9,Beauty,151.9,22.78,129.12,80.99,3.31,2.83
O509844,2026-06-16,C10134,P2076,2,0.0,94.33,153.36,Apparel,306.72,0.0,306.72,188.66,5.47,6.24
O509845,2025-07-21,C10546,P2048,1,0.0,26.01,65.12,Home,65.12,0.0,65.12,26.01,2.84,1.76
O509846,2025-04-30,C10925,P2055,2,0.1,14.94,29.55,Sports,59.1,5.91,53.19,29.88,6.9,1.5
O509847,2026-01-23,C11057,P2042,3,0.1,21.36,43.17,Sports,129.51,12.95,116.56,64.08,6.81,2.61
O509848,2026-02-08,C11102,P2074,2,0.1,60.53,130.38,Sports,260.76,26.08,234.68,121.06,6.39,7.22
O509849,2025-06-14,C11108,P2076,1,0.1,94.33,153.36,Apparel,153.36,15.34,138.02,94.33,6.6,2.56
O509850,2025-09-30,C10747,P2005,3,0.15,21.42,39.38,Sports,118.14,17.72,100.42,64.26,7.01,1.97
O509851,2025-06-20,C10681,P2027,2,0.05,39.51,103.84,Electronics,207.68,10.38,197.3,79.02,5.13,3.8
O509852,2026-06-14,C10416,P2038,1,0.0,61.98,100.85,Sports,100.85,0.0,100.85,61.98,3.6,1.92
O509853,2026-06-18,C10588,P2030,3,0.05,81.44,160.67,Electronics,482.01,24.1,457.91,244.32,5.63,11.43
O509854,2025-11-01,C10993,P2023,2,0.15,99.43,207.17,Apparel,414.34,62.15,352.19,198.86,6.27,9.44
O509855,2025-12-31,C10390,P2067,3,0.25,89.48,177.38,Sports,532.14,133.04,399.1,268.44,6.36,8.98
O509856,2025-06-14,C11040,P2061,2,0.0,92.46,150.56,Sports,301.12,0.0,301.12,184.92,5.02,9.42
O509857,2025-10-14,C10274,P2047,1,0.0,23.95,36.37,Sports,36.37,0.0,36.37,23.95,7.47,0.84
O509858,2026-03-10,C10924,P2001,1,0.1,67.86,159.31,Electronics,159.31,15.93,143.38,67.86,5.2,3.59
O509859,2025-04-01,C10046,P2068,2,0.2,54.46,128.05,Home,256.1,51.22,204.88,108.92,3.46,5.85
O509860,2025-08-24,C10577,P2019,1,0.0,28.46,61.03,Sports,61.03,0.0,61.03,28.46,7.7,1.38
O509861,2025-12-05,C10786,P2055,1,0.15,14.94,29.55,Sports,29.55,4.43,25.12,14.94,6.49,0.62
O509862,2026-03-15,C10332,P2015,3,0.1,32.67,56.68,Home,170.04,17.0,153.04,98.01,5.84,3.21
O509863,2025-12-07,C10757,P2056,1,0.2,12.18,29.13,Home,29.13,5.83,23.3,12.18,4.3,0.67
O509864,2026-04-01,C10954,P2078,1,0.0,80.99,151.9,Beauty,151.9,0.0,151.9,80.99,5.48,2.96
O509865,2025-06-11,C11170,P2071,2,0.15,72.34,202.22,Beauty,404.44,60.67,343.77,144.68,3.59,8.8
O509866,2025-04-10,C10274,P2040,1,0.15,46.24,112.16,Electronics,112.16,16.82,95.34,46.24,2.5,2.34
O509867,2025-04-29,C10654,P2008,1,0.1,64.11,126.24,Beauty,126.24,12.62,113.62,64.11,4.13,2.38
O509868,2025-09-17,C10381,P2077,1,0.1,99.36,190.12,Apparel,190.12,19.01,171.11,99.36,4.72,4.32
O509869,2025-06-02,C10406,P2059,1,0.15,74.58,192.13,Electronics,192.13,28.82,163.31,74.58,2.5,3.45
O509870,2025-06-30,C10236,P2028,2,0.2,49.21,76.08,Beauty,152.16,30.43,121.73,98.42,3.02,3.52
O509871,2025-12-10,C11103,P2071,3,0.15,72.34,202.22,Beauty,606.66,91.0,515.66,217.02,6.05,11.63
O509872,2025-08-17,C11112,P2053,1,0.0,95.73,175.96,Electronics,175.96,0.0,175.96,95.73,2.5,5.23
O509873,2026-02-24,C10563,P2052,1,0.05,85.13,212.17,Beauty,212.17,10.61,201.56,85.13,7.38,5.8
O509874,2025-04-07,C10367,P2025,2,0.1,59.62,149.3,Electronics,298.6,29.86,268.74,119.24,5.18,5.38
O509875,2025-01-31,C10318,P2020,1,0.15,96.28,147.84,Home,147.84,22.18,125.66,96.28,5.1,3.69
O509876,2025-10-24,C10734,P2070,3,0.05,80.41,185.88,Sports,557.64,27.88,529.76,241.23,4.78,10.01
O509877,2026-06-25,C10087,P2004,3,0.1,82.13,229.05,Sports,687.15,68.72,618.44,246.39,6.69,18.06
O509878,2025-09-29,C10430,P2011,2,0.2,25.59,43.62,Electronics,87.24,17.45,69.79,51.18,3.99,1.38
O509879,2026-03-01,C10367,P2058,1,0.05,56.31,124.87,Electronics,124.87,6.24,118.63,56.31,6.45,2.59
O509880,2025-09-09,C10067,P2015,2,0.15,32.67,56.68,Home,113.36,17.0,96.36,65.34,2.5,2.59
O509881,2026-06-08,C10195,P2042,1,0.1,21.36,43.17,Sports,43.17,4.32,38.85,21.36,7.39,0.94
O509882,2026-06-29,C10825,P2061,1,0.1,92.46,150.56,Sports,150.56,15.06,135.5,92.46,5.61,3.17
O509883,2025-10-16,C10989,P2030,3,0.25,81.44,160.67,Electronics,482.01,120.5,361.51,244.32,7.6,6.78
O509884,2026-05-10,C11013,P2074,1,0.0,60.53,130.38,Sports,130.38,0.0,130.38,60.53,3.38,2.68
O509885,2025-01-07,C11199,P2031,1,0.2,54.53,117.07,Sports,117.07,23.41,93.66,54.53,2.5,1.73
O509886,2025-03-28,C10251,P2025,1,0.1,59.62,149.3,Electronics,149.3,14.93,134.37,59.62,2.76,3.12
O509887,2025-09-05,C10878,P2023,1,0.05,99.43,207.17,Apparel,207.17,10.36,196.81,99.43,5.59,4.88
O509888,2026-01-10,C10186,P2054,1,0.15,19.42,50.24,Beauty,50.24,7.54,42.7,19.42,4.4,0.78
O509889,2025-10-15,C11058,P2071,1,0.15,72.34,202.22,Beauty,202.22,30.33,171.89,72.34,2.93,4.23
O509890,2026-01-26,C10208,P2032,1,0.0,83.59,176.17,Apparel,176.17,0.0,176.17,83.59,3.03,5.63
O509891,2025-06-03,C10601,P2013,1,0.1,14.91,32.18,Beauty,32.18,3.22,28.96,14.91,4.63,0.72
O509892,2025-03-17,C11136,P2069,2,0.15,90.63,175.87,Apparel,351.74,52.76,298.98,181.26,6.76,7.23
O509893,2025-02-23,C11151,P2022,1,0.05,39.69,79.46,Beauty,79.46,3.97,75.49,39.69,6.06,2.05
O509894,2025-04-11,C10639,P2005,2,0.15,21.42,39.38,Sports,78.76,11.81,66.95,42.84,4.86,1.63
O509895,2026-05-09,C11022,P2053,2,0.25,95.73,175.96,Electronics,351.92,87.98,263.94,191.46,5.52,5.2
O509896,2025-10-10,C10348,P2073,1,0.0,103.53,278.8,Apparel,278.8,0.0,278.8,103.53,4.43,6.56
O509897,2026-03-04,C10631,P2037,1,0.2,19.43,42.14,Home,42.14,8.43,33.71,19.43,6.6,0.88
O509898,2025-12-06,C10849,P2005,1,0.05,21.42,39.38,Sports,39.38,1.97,37.41,21.42,4.52,1.14
O509899,2025-08-05,C10006,P2068,1,0.05,54.46,128.05,Home,128.05,6.4,121.65,54.46,4.83,2.86
O509900,2025-10-11,C10080,P2052,3,0.05,85.13,212.17,Beauty,636.51,31.83,604.68,255.39,4.4,17.43
O509901,2025-03-25,C10365,P2008,1,0.15,64.11,126.24,Beauty,126.24,18.94,107.3,64.11,6.6,2.65
O509902,2025-08-28,C10257,P2033,1,0.1,102.58,280.83,Apparel,280.83,28.08,252.75,102.58,5.26,7.98
O509903,2025-07-06,C10689,P2019,2,0.1,28.46,61.03,Sports,122.06,12.21,109.85,56.92,6.54,3.37
O509904,2025-06-30,C10403,P2045,2,0.1,54.87,109.92,Sports,219.84,21.98,197.86,109.74,4.07,4.85
O509905,2026-05-30,C11114,P2033,3,0.2,102.58,280.83,Apparel,842.49,168.5,673.99,307.74,3.73,14.95
O509906,2025-12-13,C11147,P2016,2,0.15,23.99,66.65,Electronics,133.3,20.0,113.3,47.98,4.03,3.52
O509907,2025-04-27,C10261,P2041,1,0.05,53.15,104.66,Apparel,104.66,5.23,99.43,53.15,4.62,1.98
O509908,2025-06-06,C10231,P2031,2,0.1,54.53,117.07,Sports,234.14,23.41,210.73,109.06,5.9,4.49
O509909,2026-04-24,C10264,P2004,2,0.15,82.13,229.05,Sports,458.1,68.72,389.38,164.26,2.5,12.31
O509910,2025-11-19,C11006,P2048,2,0.25,26.01,65.12,Home,130.24,32.56,97.68,52.02,2.68,3.01
O509911,2026-01-27,C10607,P2002,3,0.0,36.16,61.12,Beauty,183.36,0.0,183.36,108.48,2.5,3.66
O509912,2026-05-28,C11121,P2007,3,0.05,81.19,138.2,Apparel,414.6,20.73,393.87,243.57,5.7,9.25
O509913,2025-08-10,C11152,P2055,2,0.05,14.94,29.55,Sports,59.1,2.96,56.14,29.88,4.53,1.02
O509914,2025-01-03,C10398,P2028,1,0.05,49.21,76.08,Beauty,76.08,3.8,72.28,49.21,6.01,1.79
O509915,2025-05-28,C10939,P2019,2,0.0,28.46,61.03,Sports,122.06,0.0,122.06,56.92,6.24,3.52
O509916,2025-08-12,C10439,P2016,1,0.05,23.99,66.65,Electronics,66.65,3.33,63.32,23.99,4.71,1.27
O509917,2026-01-24,C10182,P2033,1,0.0,102.58,280.83,Apparel,280.83,0.0,280.83,102.58,4.32,7.1
O509918,2026-01-20,C10106,P2016,1,0.0,23.99,66.65,Electronics,66.65,0.0,66.65,23.99,2.5,1.96
O509919,2026-05-30,C11132,P2012,1,0.1,91.5,250.58,Home,250.58,25.06,225.52,91.5,6.32,4.27
O509920,2025-11-14,C10539,P2078,2,0.15,80.99,151.9,Beauty,303.8,45.57,258.23,161.98,4.08,7.22
O509921,2025-07-05,C10061,P2047,1,0.05,23.95,36.37,Sports,36.37,1.82,34.55,23.95,2.5,0.81
O509922,2025-10-10,C11039,P2046,2,0.2,41.9,79.58,Sports,159.16,31.83,127.33,83.8,3.94,3.75
O509923,2025-02-07,C10897,P2068,2,0.1,54.46,128.05,Home,256.1,25.61,230.49,108.92,8.31,7.17
O509924,2025-10-07,C10329,P2037,2,0.15,19.43,42.14,Home,84.28,12.64,71.64,38.86,9.15,2.26
O509925,2025-01-28,C10292,P2032,2,0.2,83.59,176.17,Apparel,352.34,70.47,281.87,167.18,5.32,8.03
O509926,2025-09-05,C10167,P2017,1,0.0,42.64,69.06,Apparel,69.06,0.0,69.06,42.64,5.67,1.74
O509927,2025-08-20,C10047,P2001,3,0.1,67.86,159.31,Electronics,477.93,47.79,430.14,203.58,4.84,11.42
O509928,2026-05-22,C11038,P2048,1,0.15,26.01,65.12,Home,65.12,9.77,55.35,26.01,4.54,1.12
O509929,2025-02-04,C10961,P2042,1,0.1,21.36,43.17,Sports,43.17,4.32,38.85,21.36,8.49,1.14
O509930,2026-03-07,C11112,P2028,1,0.1,49.21,76.08,Beauty,76.08,7.61,68.47,49.21,7.02,1.54
O509931,2025-11-01,C10419,P2030,2,0.0,81.44,160.67,Electronics,321.34,0.0,321.34,162.88,5.47,7.65
O509932,2025-12-09,C10544,P2004,1,0.0,82.13,229.05,Sports,229.05,0.0,229.05,82.13,2.57,5.27
O509933,2026-01-04,C10294,P2045,2,0.0,54.87,109.92,Sports,219.84,0.0,219.84,109.74,6.58,5.79
O509934,2025-05-26,C11143,P2040,1,0.1,46.24,112.16,Electronics,112.16,11.22,100.94,46.24,6.13,3.05
O509935,2026-03-30,C10836,P2048,1,0.1,26.01,65.12,Home,65.12,6.51,58.61,26.01,5.01,1.84
O509936,2026-05-25,C10135,P2067,2,0.0,89.48,177.38,Sports,354.76,0.0,354.76,178.96,3.56,6.6
O509937,2025-09-20,C11160,P2026,1,0.0,25.88,63.53,Beauty,63.53,0.0,63.53,25.88,5.23,1.37
O509938,2025-05-11,C10637,P2077,1,0.25,99.36,190.12,Apparel,190.12,47.53,142.59,99.36,5.97,3.06
O509939,2025-12-30,C10865,P2029,1,0.25,30.95,55.54,Apparel,55.54,13.88,41.66,30.95,2.51,0.96
O509940,2026-04-21,C10666,P2035,1,0.15,33.04,85.13,Beauty,85.13,12.77,72.36,33.04,4.62,1.9
O509941,2025-05-20,C10993,P2049,1,0.05,75.64,173.14,Apparel,173.14,8.66,164.48,75.64,5.45,3.4
O509942,2025-03-17,C10062,P2025,2,0.05,59.62,149.3,Electronics,298.6,14.93,283.67,119.24,4.27,5.37
O509943,2025-04-24,C10175,P2038,3,0.0,61.98,100.85,Sports,302.55,0.0,302.55,185.94,7.24,7.27
O509944,2025-04-10,C10409,P2001,2,0.0,67.86,159.31,Electronics,318.62,0.0,318.62,135.72,5.85,8.32
O509945,2025-02-25,C10215,P2006,2,0.05,90.83,200.16,Electronics,400.32,20.02,380.3,181.66,7.07,10.13
O509946,2025-03-10,C11103,P2031,3,0.15,54.53,117.07,Sports,351.21,52.68,298.53,163.59,2.5,9.17
O509947,2025-04-10,C10245,P2039,1,0.1,88.55,225.55,Beauty,225.55,22.56,203.0,88.55,2.5,5.87
O509948,2026-05-24,C10459,P2011,1,0.1,25.59,43.62,Electronics,43.62,4.36,39.26,25.59,3.57,1.25
O509949,2025-04-17,C10415,P2025,1,0.05,59.62,149.3,Electronics,149.3,7.47,141.84,59.62,3.58,4.24
O509950,2025-07-15,C10717,P2049,1,0.0,75.64,173.14,Apparel,173.14,0.0,173.14,75.64,6.12,3.7
O509951,2025-02-19,C10274,P2016,1,0.05,23.99,66.65,Electronics,66.65,3.33,63.32,23.99,7.72,2.01
O509952,2025-11-29,C10591,P2009,3,0.2,89.03,195.13,Home,585.39,117.08,468.31,267.09,5.04,9.3
O509953,2025-07-05,C10792,P2035,2,0.05,33.04,85.13,Beauty,170.26,8.51,161.75,66.08,2.5,4.65
O509954,2025-01-31,C10357,P2016,3,0.0,23.99,66.65,Electronics,199.95,0.0,199.95,71.97,4.94,5.49
O509955,2026-01-26,C10220,P2056,3,0.1,12.18,29.13,Home,87.39,8.74,78.65,36.54,7.41,1.83
O509956,2025-07-16,C10953,P2028,2,0.1,49.21,76.08,Beauty,152.16,15.22,136.94,98.42,7.32,2.59
O509957,2025-05-11,C11197,P2035,1,0.0,33.04,85.13,Beauty,85.13,0.0,85.13,33.04,3.63,2.12
O509958,2025-06-03,C10297,P2052,1,0.15,85.13,212.17,Beauty,212.17,31.83,180.34,85.13,7.28,5.48
O509959,2025-09-22,C11015,P2051,2,0.05,21.09,56.25,Home,112.5,5.62,106.88,42.18,4.24,3.22
O509960,2025-04-09,C10971,P2072,1,0.05,85.85,152.66,Sports,152.66,7.63,145.03,85.85,2.7,3.05
O509961,2025-11-16,C10506,P2064,2,0.0,92.82,194.3,Sports,388.6,0.0,388.6,185.64,5.48,12.42
O509962,2025-11-24,C10695,P2018,1,0.1,23.1,60.58,Apparel,60.58,6.06,54.52,23.1,3.06,1.22
O509963,2026-03-09,C10219,P2039,2,0.15,88.55,225.55,Beauty,451.1,67.67,383.44,177.1,5.57,10.1
O509964,2025-12-21,C10191,P2059,1,0.0,74.58,192.13,Electronics,192.13,0.0,192.13,74.58,2.81,5.88
O509965,2025-03-04,C10673,P2024,1,0.0,38.64,85.56,Electronics,85.56,0.0,85.56,38.64,7.51,1.61
O509966,2026-01-04,C10076,P2006,3,0.1,90.83,200.16,Electronics,600.48,60.05,540.43,272.49,6.58,15.75
O509967,2026-04-12,C10252,P2026,1,0.0,25.88,63.53,Beauty,63.53,0.0,63.53,25.88,3.14,1.54
O509968,2026-01-13,C10511,P2076,2,0.1,94.33,153.36,Apparel,306.72,30.67,276.05,188.66,5.31,6.79
O509969,2026-04-17,C10453,P2051,1,0.15,21.09,56.25,Home,56.25,8.44,47.81,21.09,4.57,1.34
O509970,2026-06-03,C10887,P2037,1,0.15,19.43,42.14,Home,42.14,6.32,35.82,19.43,2.5,0.81
O509971,2025-03-09,C10385,P2066,1,0.1,21.23,45.94,Beauty,45.94,4.59,41.35,21.23,6.31,1.23
O509972,2025-09-27,C11151,P2003,3,0.05,103.86,246.21,Sports,738.63,36.93,701.7,311.58,5.31,12.66
O509973,2025-09-30,C10354,P2025,1,0.05,59.62,149.3,Electronics,149.3,7.47,141.84,59.62,4.68,4.06
O509974,2025-07-24,C10310,P2045,1,0.2,54.87,109.92,Sports,109.92,21.98,87.94,54.87,3.27,2.06
O509975,2026-01-10,C11128,P2025,3,0.0,59.62,149.3,Electronics,447.9,0.0,447.9,178.86,5.64,10.51
O509976,2026-05-07,C10684,P2033,1,0.15,102.58,280.83,Apparel,280.83,42.12,238.71,102.58,6.09,5.51
O509977,2025-05-28,C10709,P2067,1,0.0,89.48,177.38,Sports,177.38,0.0,177.38,89.48,5.28,3.74
O509978,2026-05-15,C10254,P2021,2,0.0,75.19,147.18,Electronics,294.36,0.0,294.36,150.38,4.1,7.54
O509979,2025-06-05,C10543,P2005,2,0.15,21.42,39.38,Sports,78.76,11.81,66.95,42.84,6.54,1.62
O509980,2025-04-03,C11001,P2027,3,0.1,39.51,103.84,Electronics,311.52,31.15,280.37,118.53,4.82,8.22
O509981,2026-01-05,C10970,P2026,3,0.25,25.88,63.53,Beauty,190.59,47.65,142.94,77.64,5.04,4.49
O509982,2025-10-30,C11102,P2015,1,0.0,32.67,56.68,Home,56.68,0.0,56.68,32.67,8.71,1.09
O509983,2025-09-24,C11124,P2057,3,0.1,24.55,53.8,Beauty,161.4,16.14,145.26,73.65,2.5,3.14
O509984,2026-03-09,C10463,P2071,2,0.1,72.34,202.22,Beauty,404.44,40.44,364.0,144.68,2.5,10.84
O509985,2025-01-22,C10502,P2059,3,0.05,74.58,192.13,Electronics,576.39,28.82,547.57,223.74,5.29,12.91
O509986,2026-04-09,C10761,P2031,2,0.0,54.53,117.07,Sports,234.14,0.0,234.14,109.06,3.43,4.34
O509987,2025-09-22,C10931,P2054,2,0.05,19.42,50.24,Beauty,100.48,5.02,95.46,38.84,7.78,3.03
O509988,2025-04-01,C10408,P2017,2,0.2,42.64,69.06,Apparel,138.12,27.62,110.5,85.28,4.73,2.19
O509989,2025-03-24,C10284,P2057,1,0.1,24.55,53.8,Beauty,53.8,5.38,48.42,24.55,2.5,1.06
O509990,2025-07-28,C10343,P2048,1,0.05,26.01,65.12,Home,65.12,3.26,61.86,26.01,2.91,1.59
O509991,2025-05-14,C10649,P2007,2,0.1,81.19,138.2,Apparel,276.4,27.64,248.76,162.38,4.79,4.87
O509992,2025-06-12,C10258,P2068,1,0.1,54.46,128.05,Home,128.05,12.81,115.24,54.46,6.11,3.48
O509993,2026-06-01,C10996,P2051,1,0.0,21.09,56.25,Home,56.25,0.0,56.25,21.09,4.94,1.62
O509994,2025-12-25,C10225,P2031,1,0.15,54.53,117.07,Sports,117.07,17.56,99.51,54.53,7.36,2.52
O509995,2025-04-29,C10821,P2056,1,0.0,12.18,29.13,Home,29.13,0.0,29.13,12.18,3.72,0.64
O509996,2025-10-15,C11130,P2064,2,0.2,92.82,194.3,Sports,388.6,77.72,310.88,185.64,5.21,8.02
O509997,2025-06-05,C10200,P2064,1,0.0,92.82,194.3,Sports,194.3,0.0,194.3,92.82,7.02,4.85
O509998,2025-12-20,C10823,P2058,3,0.1,56.31,124.87,Electronics,374.61,37.46,337.15,168.93,4.72,7.98
O509999,2025-04-19,C11123,P2041,1,0.1,53.15,104.66,Apparel,104.66,10.47,94.19,53.15,3.81,2.28
O510000,2025-06-22,C10149,P2000,1,0.1,20.01,46.3,Beauty,46.3,4.63,41.67,20.01,5.33,0.83
O510001,2025-02-22,C10314,P2003,3,0.1,103.86,246.21,Sports,738.63,73.86,664.77,311.58,2.5,13.18
O510002,2025-12-15,C10761,P2025,3,0.1,59.62,149.3,Electronics,447.9,44.79,403.11,178.86,2.76,9.74
O510003,2026-04-20,C10311,P2029,2,0.2,30.95,55.54,Apparel,111.08,22.22,88.86,61.9,6.97,1.75
O510004,2026-02-25,C11112,P2002,1,0.0,36.16,61.12,Beauty,61.12,0.0,61.12,36.16,5.38,1.74
O510005,2025-11-04,C11055,P2002,2,0.15,36.16,61.12,Beauty,122.24,18.34,103.9,72.32,5.81,2.6
O510006,2025-12-08,C10442,P2047,1,0.25,23.95,36.37,Sports,36.37,9.09,27.28,23.95,3.21,0.75
O510007,2026-05-27,C10037,P2016,2,0.05,23.99,66.65,Electronics,133.3,6.67,126.64,47.98,5.2,3.85
O510008,2026-04-01,C10469,P2040,1,0.15,46.24,112.16,Electronics,112.16,16.82,95.34,46.24,7.72,2.2
O510009,2025-04-16,C10539,P2028,1,0.15,49.21,76.08,Beauty,76.08,11.41,64.67,49.21,3.53,1.73
O510010,2026-06-12,C11194,P2072,1,0.1,85.85,152.66,Sports,152.66,15.27,137.39,85.85,6.3,4.24
O510011,2026-03-18,C10907,P2017,2,0.1,42.64,69.06,Apparel,138.12,13.81,124.31,85.28,3.54,2.3
O510012,2025-01-23,C10564,P2026,1,0.1,25.88,63.53,Beauty,63.53,6.35,57.18,25.88,4.94,1.41
O510013,2025-08-02,C10587,P2065,1,0.15,74.22,160.54,Electronics,160.54,24.08,136.46,74.22,5.68,4.34
O510014,2026-01-05,C10998,P2040,1,0.0,46.24,112.16,Electronics,112.16,0.0,112.16,46.24,8.33,2.28
O510015,2026-03-09,C10730,P2041,1,0.15,53.15,104.66,Apparel,104.66,15.7,88.96,53.15,4.74,2.52
O510016,2025-09-28,C10237,P2003,1,0.0,103.86,246.21,Sports,246.21,0.0,246.21,103.86,7.62,4.67
O510017,2025-03-29,C10597,P2068,1,0.2,54.46,128.05,Home,128.05,25.61,102.44,54.46,5.9,2.32
O510018,2025-11-11,C10599,P2038,3,0.2,61.98,100.85,Sports,302.55,60.51,242.04,185.94,4.38,6.42
O510019,2025-06-12,C11085,P2039,1,0.2,88.55,225.55,Beauty,225.55,45.11,180.44,88.55,2.5,4.61
O510020,2025-02-18,C10982,P2026,1,0.2,25.88,63.53,Beauty,63.53,12.71,50.82,25.88,4.28,1.19
O510021,2026-03-10,C10347,P2077,1,0.1,99.36,190.12,Apparel,190.12,19.01,171.11,99.36,4.63,4.59
O510022,2025-07-25,C10661,P2009,1,0.15,89.03,195.13,Home,195.13,29.27,165.86,89.03,6.97,4.83
O510023,2025-08-20,C10075,P2027,1,0.1,39.51,103.84,Electronics,103.84,10.38,93.46,39.51,6.52,2.64
O510024,2026-01-05,C10308,P2000,2,0.1,20.01,46.3,Beauty,92.6,9.26,83.34,40.02,5.91,1.72
O510025,2026-02-06,C10532,P2077,1,0.0,99.36,190.12,Apparel,190.12,0.0,190.12,99.36,4.47,5.83
O510026,2025-10-08,C10343,P2060,2,0.05,91.93,225.41,Sports,450.82,22.54,428.28,183.86,5.56,12.67
O510027,2025-06-14,C10959,P2054,1,0.1,19.42,50.24,Beauty,50.24,5.02,45.22,19.42,3.26,0.87
O510028,2025-05-28,C10326,P2018,1,0.05,23.1,60.58,Apparel,60.58,3.03,57.55,23.1,4.87,1.58
O510029,2025-09-23,C11013,P2037,2,0.0,19.43,42.14,Home,84.28,0.0,84.28,38.86,3.2,2.47
O510030,2025-06-20,C10772,P2021,2,0.15,75.19,147.18,Electronics,294.36,44.15,250.21,150.38,7.63,5.1
O510031,2026-04-15,C10587,P2011,2,0.1,25.59,43.62,Electronics,87.24,8.72,78.52,51.18,5.27,1.82
O510032,2025-06-03,C10491,P2073,1,0.0,103.53,278.8,Apparel,278.8,0.0,278.8,103.53,7.58,6.69
O510033,2026-02-12,C11061,P2041,2,0.05,53.15,104.66,Apparel,209.32,10.47,198.85,106.3,6.39,4.06
O510034,2025-10-11,C10055,P2044,1,0.1,96.39,166.51,Electronics,166.51,16.65,149.86,96.39,4.31,4.65
O510035,2025-05-27,C10927,P2038,1,0.05,61.98,100.85,Sports,100.85,5.04,95.81,61.98,2.5,2.26
O510036,2025-08-29,C10544,P2008,1,0.15,64.11,126.24,Beauty,126.24,18.94,107.3,64.11,5.45,2.69
O510037,2025-01-29,C10275,P2023,1,0.05,99.43,207.17,Apparel,207.17,10.36,196.81,99.43,6.63,4.77
O510038,2025-01-13,C11122,P2058,1,0.25,56.31,124.87,Electronics,124.87,31.22,93.65,56.31,2.5,1.76
O510039,2025-06-14,C10235,P2070,2,0.0,80.41,185.88,Sports,371.76,0.0,371.76,160.82,5.16,10.43
O510040,2025-05-24,C10962,P2047,2,0.15,23.95,36.37,Sports,72.74,10.91,61.83,47.9,3.88,1.78
O510041,2025-05-28,C10538,P2044,1,0.25,96.39,166.51,Electronics,166.51,41.63,124.88,96.39,5.62,2.68
O510042,2025-05-22,C10635,P2032,3,0.15,83.59,176.17,Apparel,528.51,79.28,449.23,250.77,5.35,12.93
O510043,2025-08-29,C10084,P2065,2,0.05,74.22,160.54,Electronics,321.08,16.05,305.03,148.44,3.52,7.42
O510044,2026-06-16,C10670,P2024,3,0.15,38.64,85.56,Electronics,256.68,38.5,218.18,115.92,2.62,4.56
O510045,2025-04-22,C10217,P2005,1,0.1,21.42,39.38,Sports,39.38,3.94,35.44,21.42,4.46,0.83
O510046,2025-05-08,C10224,P2068,3,0.0,54.46,128.05,Home,384.15,0.0,384.15,163.38,6.2,11.49
O510047,2026-01-06,C11181,P2021,1,0.0,75.19,147.18,Electronics,147.18,0.0,147.18,75.19,5.68,2.72
O510048,2025-09-10,C11130,P2060,2,0.0,91.93,225.41,Sports,450.82,0.0,450.82,183.86,4.15,13.94
O510049,2025-08-30,C10149,P2060,1,0.25,91.93,225.41,Sports,225.41,56.35,169.06,91.93,4.22,3.92
O510050,2026-05-11,C10658,P2038,1,0.05,61.98,100.85,Sports,100.85,5.04,95.81,61.98,6.2,2.07
O510051,2025-10-25,C10710,P2071,2,0.05,72.34,202.22,Beauty,404.44,20.22,384.22,144.68,5.23,9.97
O510052,2026-03-04,C10829,P2062,2,0.05,69.71,151.88,Beauty,303.76,15.19,288.57,139.42,5.67,6.86
O510053,2025-01-06,C10423,P2023,2,0.1,99.43,207.17,Apparel,414.34,41.43,372.91,198.86,5.31,8.65
O510054,2025-01-15,C10595,P2051,1,0.1,21.09,56.25,Home,56.25,5.62,50.62,21.09,4.37,1.28
O510055,2025-05-04,C11132,P2020,1,0.15,96.28,147.84,Home,147.84,22.18,125.66,96.28,4.1,3.45
O510056,2025-04-27,C10549,P2059,3,0.0,74.58,192.13,Electronics,576.39,0.0,576.39,223.74,5.24,12.31
O510057,2026-03-19,C10485,P2056,2,0.1,12.18,29.13,Home,58.26,5.83,52.43,24.36,9.06,1.2
O510058,2025-11-22,C11035,P2002,1,0.05,36.16,61.12,Beauty,61.12,3.06,58.06,36.16,3.79,1.45
O510059,2025-08-27,C11143,P2076,3,0.0,94.33,153.36,Apparel,460.08,0.0,460.08,282.99,4.86,11.12
O510060,2025-08-05,C10083,P2051,2,0.15,21.09,56.25,Home,112.5,16.88,95.62,42.18,4.63,2.71
O510061,2025-08-21,C11040,P2075,1,0.1,49.49,125.61,Electronics,125.61,12.56,113.05,49.49,4.81,3.19
O510062,2026-01-11,C10952,P2032,1,0.1,83.59,176.17,Apparel,176.17,17.62,158.55,83.59,4.0,4.37
O510063,2025-02-07,C10306,P2013,3,0.1,14.91,32.18,Beauty,96.54,9.65,86.89,44.73,5.46,2.63
O510064,2026-01-16,C11137,P2050,3,0.1,47.62,83.27,Beauty,249.81,24.98,224.83,142.86,4.85,6.61
O510065,2026-03-06,C10504,P2020,1,0.1,96.28,147.84,Home,147.84,14.78,133.06,96.28,8.32,2.87
O510066,2026-06-08,C10495,P2002,1,0.1,36.16,61.12,Beauty,61.12,6.11,55.01,36.16,6.15,1.43
O510067,2025-02-20,C10171,P2024,1,0.2,38.64,85.56,Electronics,85.56,17.11,68.45,38.64,5.59,2.11
O510068,2025-05-20,C10627,P2037,1,0.1,19.43,42.14,Home,42.14,4.21,37.93,19.43,5.03,0.82
O510069,2025-09-15,C10061,P2065,2,0.15,74.22,160.54,Electronics,321.08,48.16,272.92,148.44,6.84,6.77
O510070,2025-06-22,C10989,P2025,2,0.0,59.62,149.3,Electronics,298.6,0.0,298.6,119.24,3.83,7.24
O510071,2025-08-18,C10633,P2054,2,0.15,19.42,50.24,Beauty,100.48,15.07,85.41,38.84,6.04,2.68
O510072,2025-10-24,C10629,P2026,2,0.15,25.88,63.53,Beauty,127.06,19.06,108.0,51.76,7.05,2.63
O510073,2025-08-28,C10809,P2026,2,0.0,25.88,63.53,Beauty,127.06,0.0,127.06,51.76,5.13,2.95
O510074,2025-08-11,C10570,P2065,1,0.1,74.22,160.54,Electronics,160.54,16.05,144.49,74.22,4.33,3.04
O510075,2025-02-22,C10384,P2046,2,0.1,41.9,79.58,Sports,159.16,15.92,143.24,83.8,5.95,3.14
O510076,2025-03-30,C10672,P2021,1,0.05,75.19,147.18,Electronics,147.18,7.36,139.82,75.19,4.77,2.85
O510077,2025-04-29,C11096,P2027,1,0.1,39.51,103.84,Electronics,103.84,10.38,93.46,39.51,4.89,2.59
O510078,2025-06-16,C10516,P2017,2,0.2,42.64,69.06,Apparel,138.12,27.62,110.5,85.28,4.28,3.43
O510079,2025-06-24,C10470,P2005,2,0.1,21.42,39.38,Sports,78.76,7.88,70.88,42.84,6.17,1.3
O510080,2025-04-21,C10738,P2043,2,0.05,34.43,56.92,Electronics,113.84,5.69,108.15,68.86,4.6,2.36
O510081,2025-02-03,C10128,P2016,1,0.0,23.99,66.65,Electronics,66.65,0.0,66.65,23.99,6.03,1.77
O510082,2025-04-10,C10202,P2063,1,0.0,107.79,241.07,Sports,241.07,0.0,241.07,107.79,5.37,5.35
O510083,2026-03-27,C11102,P2013,1,0.1,14.91,32.18,Beauty,32.18,3.22,28.96,14.91,5.98,0.72
O510084,2026-04-23,C10957,P2075,1,0.05,49.49,125.61,Electronics,125.61,6.28,119.33,49.49,4.56,2.83
O510085,2025-03-04,C10100,P2069,2,0.15,90.63,175.87,Apparel,351.74,52.76,298.98,181.26,6.47,7.64
O510086,2025-07-08,C11163,P2035,1,0.15,33.04,85.13,Beauty,85.13,12.77,72.36,33.04,5.3,1.87
O510087,2025-05-15,C10394,P2068,1,0.25,54.46,128.05,Home,128.05,32.01,96.04,54.46,5.0,3.04
O510088,2026-04-19,C10127,P2063,2,0.05,107.79,241.07,Sports,482.14,24.11,458.03,215.58,4.28,11.5
O510089,2025-06-17,C10927,P2045,1,0.2,54.87,109.92,Sports,109.92,21.98,87.94,54.87,5.07,1.65
O510090,2026-02-01,C10103,P2027,3,0.0,39.51,103.84,Electronics,311.52,0.0,311.52,118.53,5.17,9.19
O510091,2025-11-07,C10722,P2053,1,0.0,95.73,175.96,Electronics,175.96,0.0,175.96,95.73,2.5,3.77
O510092,2025-07-30,C10298,P2010,1,0.2,105.58,212.84,Electronics,212.84,42.57,170.27,105.58,6.79,5.35
O510093,2025-10-21,C10298,P2015,2,0.05,32.67,56.68,Home,113.36,5.67,107.69,65.34,6.09,2.32
O510094,2026-01-12,C10567,P2040,1,0.0,46.24,112.16,Electronics,112.16,0.0,112.16,46.24,5.42,2.44
O510095,2025-12-07,C10464,P2072,1,0.0,85.85,152.66,Sports,152.66,0.0,152.66,85.85,5.41,3.58
O510096,2026-03-26,C10403,P2034,1,0.15,84.74,206.91,Electronics,206.91,31.04,175.87,84.74,4.42,3.71
O510097,2026-06-25,C11092,P2048,3,0.2,26.01,65.12,Home,195.36,39.07,156.29,78.03,2.58,3.64
O510098,2025-12-10,C10421,P2071,2,0.15,72.34,202.22,Beauty,404.44,60.67,343.77,144.68,6.77,8.1
O510099,2025-11-29,C10020,P2011,1,0.05,25.59,43.62,Electronics,43.62,2.18,41.44,25.59,7.39,0.85
O510100,2025-10-25,C11029,P2008,1,0.2,64.11,126.24,Beauty,126.24,25.25,100.99,64.11,6.96,2.54
O510101,2025-07-05,C10032,P2073,3,0.05,103.53,278.8,Apparel,836.4,41.82,794.58,310.59,7.62,19.12
O510102,2026-05-22,C10118,P2029,2,0.1,30.95,55.54,Apparel,111.08,11.11,99.97,61.9,5.79,2.34
O510103,2026-04-26,C10955,P2058,2,0.15,56.31,124.87,Electronics,249.74,37.46,212.28,112.62,8.68,6.14
O510104,2025-10-28,C10245,P2073,2,0.0,103.53,278.8,Apparel,557.6,0.0,557.6,207.06,6.88,11.27
O510105,2025-06-13,C10099,P2001,1,0.1,67.86,159.31,Electronics,159.31,15.93,143.38,67.86,3.4,2.86
O510106,2025-09-13,C10024,P2022,2,0.05,39.69,79.46,Beauty,158.92,7.95,150.97,79.38,6.32,3.39
O510107,2025-06-06,C10389,P2035,3,0.0,33.04,85.13,Beauty,255.39,0.0,255.39,99.12,4.25,8.14
O510108,2025-06-26,C10842,P2066,3,0.05,21.23,45.94,Beauty,137.82,6.89,130.93,63.69,2.5,3.63
O510109,2025-11-27,C10715,P2075,2,0.25,49.49,125.61,Electronics,251.22,62.8,188.42,98.98,5.17,5.62
O510110,2025-02-18,C10202,P2035,3,0.1,33.04,85.13,Beauty,255.39,25.54,229.85,99.12,3.79,7.12
O510111,2025-11-30,C10210,P2020,1,0.0,96.28,147.84,Home,147.84,0.0,147.84,96.28,3.99,2.92
O510112,2025-09-10,C10096,P2004,2,0.15,82.13,229.05,Sports,458.1,68.72,389.38,164.26,4.41,8.72
O510113,2025-06-03,C10755,P2020,2,0.0,96.28,147.84,Home,295.68,0.0,295.68,192.56,5.44,7.23
O510114,2026-04-10,C10584,P2075,1,0.1,49.49,125.61,Electronics,125.61,12.56,113.05,49.49,7.68,2.71
O510115,2025-04-22,C11084,P2066,1,0.15,21.23,45.94,Beauty,45.94,6.89,39.05,21.23,3.69,1.15
O510116,2026-02-02,C10204,P2067,2,0.1,89.48,177.38,Sports,354.76,35.48,319.28,178.96,5.37,8.38
O510117,2025-01-21,C10448,P2009,1,0.0,89.03,195.13,Home,195.13,0.0,195.13,89.03,6.15,4.78
O510118,2025-06-17,C10996,P2020,1,0.05,96.28,147.84,Home,147.84,7.39,140.45,96.28,4.98,4.3
O510119,2025-04-06,C10717,P2043,2,0.1,34.43,56.92,Electronics,113.84,11.38,102.46,68.86,4.37,2.7
O510120,2025-08-25,C10457,P2077,1,0.05,99.36,190.12,Apparel,190.12,9.51,180.61,99.36,4.51,3.86
O510121,2026-02-27,C10488,P2079,1,0.1,76.11,150.73,Apparel,150.73,15.07,135.66,76.11,5.2,3.63
O510122,2025-01-03,C10701,P2077,3,0.0,99.36,190.12,Apparel,570.36,0.0,570.36,298.08,4.96,13.95
O510123,2025-08-31,C10838,P2069,3,0.05,90.63,175.87,Apparel,527.61,26.38,501.23,271.89,5.41,15.73
O510124,2025-05-24,C10934,P2053,1,0.25,95.73,175.96,Electronics,175.96,43.99,131.97,95.73,6.53,2.45
O510125,2025-01-11,C10770,P2030,2,0.05,81.44,160.67,Electronics,321.34,16.07,305.27,162.88,2.55,5.71
O510126,2025-02-26,C10872,P2013,1,0.0,14.91,32.18,Beauty,32.18,0.0,32.18,14.91,2.5,0.67
O510127,2025-07-28,C10162,P2066,2,0.1,21.23,45.94,Beauty,91.88,9.19,82.69,42.46,5.39,1.83
O510128,2025-05-10,C10166,P2059,1,0.05,74.58,192.13,Electronics,192.13,9.61,182.52,74.58,5.02,4.26
O510129,2025-10-26,C11005,P2024,1,0.1,38.64,85.56,Electronics,85.56,8.56,77.0,38.64,6.09,1.55
O510130,2025-10-24,C10265,P2009,1,0.0,89.03,195.13,Home,195.13,0.0,195.13,89.03,3.99,5.41
O510131,2025-08-16,C10537,P2011,2,0.1,25.59,43.62,Electronics,87.24,8.72,78.52,51.18,8.79,1.93
O510132,2025-11-02,C10415,P2003,1,0.1,103.86,246.21,Sports,246.21,24.62,221.59,103.86,4.01,5.79
O510133,2025-04-20,C10901,P2059,2,0.15,74.58,192.13,Electronics,384.26,57.64,326.62,149.16,6.73,6.56
O510134,2025-08-23,C10873,P2039,2,0.05,88.55,225.55,Beauty,451.1,22.56,428.54,177.1,4.67,8.71
O510135,2025-07-18,C10208,P2031,2,0.1,54.53,117.07,Sports,234.14,23.41,210.73,109.06,3.66,4.22
O510136,2025-12-30,C11136,P2001,2,0.0,67.86,159.31,Electronics,318.62,0.0,318.62,135.72,4.93,6.02
O510137,2025-02-27,C10428,P2073,2,0.05,103.53,278.8,Apparel,557.6,27.88,529.72,207.06,4.25,9.99
O510138,2026-01-25,C10745,P2063,1,0.2,107.79,241.07,Sports,241.07,48.21,192.86,107.79,3.72,3.98
O510139,2025-06-18,C10681,P2028,1,0.15,49.21,76.08,Beauty,76.08,11.41,64.67,49.21,5.52,1.65
O510140,2025-04-16,C10299,P2059,1,0.05,74.58,192.13,Electronics,192.13,9.61,182.52,74.58,7.73,5.61
O510141,2026-01-10,C10286,P2077,2,0.1,99.36,190.12,Apparel,380.24,38.02,342.22,198.72,5.74,8.56
O510142,2025-10-29,C10101,P2030,1,0.1,81.44,160.67,Electronics,160.67,16.07,144.6,81.44,3.99,4.52
O510143,2026-06-15,C10234,P2010,1,0.15,105.58,212.84,Electronics,212.84,31.93,180.91,105.58,4.26,4.19
O510144,2026-06-01,C11138,P2055,1,0.1,14.94,29.55,Sports,29.55,2.96,26.6,14.94,2.5,0.78
O510145,2025-06-01,C10649,P2005,1,0.1,21.42,39.38,Sports,39.38,3.94,35.44,21.42,3.87,1.11
O510146,2025-07-11,C10705,P2067,2,0.05,89.48,177.38,Sports,354.76,17.74,337.02,178.96,5.84,10.28
O510147,2026-01-24,C10620,P2023,3,0.05,99.43,207.17,Apparel,621.51,31.08,590.43,298.29,5.11,15.95
O510148,2025-08-04,C10909,P2010,3,0.1,105.58,212.84,Electronics,638.52,63.85,574.67,316.74,8.3,16.94
O510149,2025-02-28,C11024,P2016,2,0.05,23.99,66.65,Electronics,133.3,6.67,126.64,47.98,6.24,3.82
O510150,2026-02-05,C10821,P2044,3,0.05,96.39,166.51,Electronics,499.53,24.98,474.55,289.17,6.61,10.94
O510151,2026-04-12,C10039,P2044,1,0.0,96.39,166.51,Electronics,166.51,0.0,166.51,96.39,6.28,5.2
O510152,2025-02-12,C10794,P2065,2,0.15,74.22,160.54,Electronics,321.08,48.16,272.92,148.44,6.48,5.03
O510153,2025-03-29,C11018,P2043,2,0.0,34.43,56.92,Electronics,113.84,0.0,113.84,68.86,3.79,3.19
O510154,2025-03-11,C11032,P2074,3,0.25,60.53,130.38,Sports,391.14,97.78,293.36,181.59,5.33,5.55
O510155,2026-03-12,C10856,P2024,2,0.15,38.64,85.56,Electronics,171.12,25.67,145.45,77.28,6.47,3.17
O510156,2025-07-20,C10286,P2034,1,0.05,84.74,206.91,Electronics,206.91,10.35,196.56,84.74,3.96,3.79
O510157,2025-03-21,C10465,P2061,1,0.1,92.46,150.56,Sports,150.56,15.06,135.5,92.46,6.54,3.88
O510158,2025-04-18,C10452,P2066,1,0.15,21.23,45.94,Beauty,45.94,6.89,39.05,21.23,6.29,0.97
O510159,2026-04-15,C10221,P2038,1,0.2,61.98,100.85,Sports,100.85,20.17,80.68,61.98,4.06,1.54
O510160,2025-10-16,C10162,P2048,2,0.1,26.01,65.12,Home,130.24,13.02,117.22,52.02,4.43,3.7
O510161,2026-01-22,C10335,P2023,2,0.05,99.43,207.17,Apparel,414.34,20.72,393.62,198.86,4.88,10.94
O510162,2026-06-11,C10309,P2048,1,0.0,26.01,65.12,Home,65.12,0.0,65.12,26.01,4.0,1.25
O510163,2025-04-28,C10633,P2044,1,0.1,96.39,166.51,Electronics,166.51,16.65,149.86,96.39,3.91,4.58
O510164,2025-03-18,C11043,P2071,3,0.25,72.34,202.22,Beauty,606.66,151.66,455.0,217.02,3.79,9.09
O510165,2025-11-24,C10326,P2037,1,0.05,19.43,42.14,Home,42.14,2.11,40.03,19.43,5.76,0.84
O510166,2025-10-05,C10908,P2014,1,0.1,105.6,279.48,Beauty,279.48,27.95,251.53,105.6,7.35,7.47
O510167,2026-05-12,C10877,P2070,1,0.25,80.41,185.88,Sports,185.88,46.47,139.41,80.41,7.33,3.31
O510168,2025-02-27,C10634,P2003,1,0.25,103.86,246.21,Sports,246.21,61.55,184.66,103.86,4.94,4.82
O510169,2025-04-11,C10033,P2029,2,0.0,30.95,55.54,Apparel,111.08,0.0,111.08,61.9,7.47,2.91
O510170,2026-02-26,C10970,P2056,1,0.0,12.18,29.13,Home,29.13,0.0,29.13,12.18,5.32,0.58
O510171,2026-05-19,C10872,P2045,2,0.15,54.87,109.92,Sports,219.84,32.98,186.86,109.74,5.46,5.3
O510172,2026-03-28,C10412,P2066,2,0.15,21.23,45.94,Beauty,91.88,13.78,78.1,42.46,4.13,2.13
O510173,2025-08-18,C10845,P2044,2,0.2,96.39,166.51,Electronics,333.02,66.6,266.42,192.78,5.78,5.77
O510174,2025-07-06,C10380,P2035,2,0.15,33.04,85.13,Beauty,170.26,25.54,144.72,66.08,6.45,4.26
O510175,2026-01-03,C10303,P2077,1,0.05,99.36,190.12,Apparel,190.12,9.51,180.61,99.36,5.37,4.99
O510176,2025-05-10,C10510,P2026,2,0.15,25.88,63.53,Beauty,127.06,19.06,108.0,51.76,6.09,2.47
O510177,2025-12-15,C10223,P2048,1,0.25,26.01,65.12,Home,65.12,16.28,48.84,26.01,4.63,1.32
O510178,2025-08-20,C10554,P2029,2,0.1,30.95,55.54,Apparel,111.08,11.11,99.97,61.9,5.57,3.19
O510179,2026-06-22,C10051,P2009,3,0.25,89.03,195.13,Home,585.39,146.35,439.04,267.09,5.68,10.88
O510180,2026-01-19,C10633,P2069,2,0.05,90.63,175.87,Apparel,351.74,17.59,334.15,181.26,4.11,8.21
O510181,2025-12-22,C10208,P2022,2,0.0,39.69,79.46,Beauty,158.92,0.0,158.92,79.38,6.63,2.99
O510182,2026-06-23,C10820,P2055,1,0.1,14.94,29.55,Sports,29.55,2.96,26.6,14.94,5.46,0.7
O510183,2025-12-12,C10187,P2034,2,0.1,84.74,206.91,Electronics,413.82,41.38,372.44,169.48,3.83,7.06
O510184,2025-10-29,C10361,P2032,1,0.1,83.59,176.17,Apparel,176.17,17.62,158.55,83.59,5.22,2.99
O510185,2025-11-02,C10806,P2053,1,0.0,95.73,175.96,Electronics,175.96,0.0,175.96,95.73,3.59,4.33
O510186,2026-03-20,C10959,P2052,2,0.0,85.13,212.17,Beauty,424.34,0.0,424.34,170.26,5.93,7.77
O510187,2026-06-12,C10537,P2018,2,0.15,23.1,60.58,Apparel,121.16,18.17,102.99,46.2,6.06,3.14
O510188,2026-05-16,C10502,P2062,3,0.0,69.71,151.88,Beauty,455.64,0.0,455.64,209.13,4.67,8.99
O510189,2025-04-16,C10287,P2066,3,0.05,21.23,45.94,Beauty,137.82,6.89,130.93,63.69,4.06,3.52
O510190,2026-04-26,C10624,P2051,2,0.1,21.09,56.25,Home,112.5,11.25,101.25,42.18,3.24,3.09
O510191,2026-02-22,C10229,P2010,2,0.15,105.58,212.84,Electronics,425.68,63.85,361.83,211.16,2.5,9.15
O510192,2025-09-23,C10340,P2000,3,0.0,20.01,46.3,Beauty,138.9,0.0,138.9,60.03,5.79,2.96
O510193,2025-05-05,C10308,P2008,2,0.0,64.11,126.24,Beauty,252.48,0.0,252.48,128.22,5.41,5.83
O510194,2025-01-11,C10178,P2038,2,0.0,61.98,100.85,Sports,201.7,0.0,201.7,123.96,8.17,5.1
O510195,2025-01-09,C10864,P2064,2,0.05,92.82,194.3,Sports,388.6,19.43,369.17,185.64,6.24,10.2
O510196,2025-08-05,C10790,P2043,1,0.15,34.43,56.92,Electronics,56.92,8.54,48.38,34.43,3.8,1.1
O510197,2025-01-01,C10926,P2050,3,0.1,47.62,83.27,Beauty,249.81,24.98,224.83,142.86,5.89,5.09
O510198,2025-02-19,C10093,P2030,1,0.25,81.44,160.67,Electronics,160.67,40.17,120.5,81.44,5.37,2.3
O510199,2025-12-05,C10268,P2044,2,0.05,96.39,166.51,Electronics,333.02,16.65,316.37,192.78,4.51,8.01
O510200,2025-07-16,C11180,P2012,1,0.1,91.5,250.58,Home,250.58,25.06,225.52,91.5,5.96,4.11
O510201,2025-09-20,C10353,P2069,1,0.1,90.63,175.87,Apparel,175.87,17.59,158.28,90.63,3.32,4.82
O510202,2025-11-25,C10951,P2014,3,0.15,105.6,279.48,Beauty,838.44,125.77,712.67,316.8,7.82,20.2
O510203,2025-04-30,C11104,P2061,2,0.15,92.46,150.56,Sports,301.12,45.17,255.95,184.92,4.79,6.29
O510204,2025-04-24,C11157,P2013,1,0.15,14.91,32.18,Beauty,32.18,4.83,27.35,14.91,4.12,0.51
O510205,2026-04-07,C10065,P2034,2,0.1,84.74,206.91,Electronics,413.82,41.38,372.44,169.48,8.35,7.71
O510206,2025-06-07,C10835,P2011,2,0.1,25.59,43.62,Electronics,87.24,8.72,78.52,51.18,4.18,2.0
O510207,2026-04-23,C10979,P2031,2,0.0,54.53,117.07,Sports,234.14,0.0,234.14,109.06,5.44,6.36
O510208,2026-01-21,C10057,P2079,3,0.0,76.11,150.73,Apparel,452.19,0.0,452.19,228.33,3.62,11.14
O510209,2025-10-22,C10724,P2003,1,0.0,103.86,246.21,Sports,246.21,0.0,246.21,103.86,4.12,6.51
O510210,2025-08-05,C10757,P2035,1,0.0,33.04,85.13,Beauty,85.13,0.0,85.13,33.04,2.5,1.81
O510211,2025-05-18,C10487,P2058,2,0.2,56.31,124.87,Electronics,249.74,49.95,199.79,112.62,5.47,4.05
O510212,2025-02-02,C10963,P2032,3,0.0,83.59,176.17,Apparel,528.51,0.0,528.51,250.77,7.51,10.39
O510213,2025-08-07,C10433,P2066,2,0.05,21.23,45.94,Beauty,91.88,4.59,87.29,42.46,5.69,2.44
O510214,2025-10-17,C10751,P2060,2,0.1,91.93,225.41,Sports,450.82,45.08,405.74,183.86,6.13,12.22
O510215,2025-05-13,C10019,P2020,2,0.1,96.28,147.84,Home,295.68,29.57,266.11,192.56,6.36,8.03
O510216,2026-05-16,C10509,P2021,1,0.2,75.19,147.18,Electronics,147.18,29.44,117.74,75.19,4.7,2.5
O510217,2026-06-07,C10604,P2049,1,0.2,75.64,173.14,Apparel,173.14,34.63,138.51,75.64,3.31,2.75
O510218,2025-03-20,C10533,P2042,1,0.15,21.36,43.17,Sports,43.17,6.48,36.69,21.36,5.18,1.05
O510219,2025-08-28,C10057,P2055,3,0.05,14.94,29.55,Sports,88.65,4.43,84.22,44.82,4.06,1.81
O510220,2025-12-25,C10421,P2019,1,0.15,28.46,61.03,Sports,61.03,9.15,51.88,28.46,5.38,0.98
O510221,2025-01-15,C11156,P2000,3,0.1,20.01,46.3,Beauty,138.9,13.89,125.01,60.03,5.44,3.52
O510222,2026-06-29,C10199,P2063,2,0.0,107.79,241.07,Sports,482.14,0.0,482.14,215.58,6.1,9.39
O510223,2025-01-21,C11034,P2052,1,0.25,85.13,212.17,Beauty,212.17,53.04,159.13,85.13,4.2,3.51
O510224,2025-11-24,C11044,P2055,1,0.0,14.94,29.55,Sports,29.55,0.0,29.55,14.94,4.73,0.84
O510225,2025-12-22,C10248,P2022,3,0.1,39.69,79.46,Beauty,238.38,23.84,214.54,119.07,5.93,6.24
O510226,2026-02-02,C10997,P2079,2,0.1,76.11,150.73,Apparel,301.46,30.15,271.31,152.22,2.5,7.83
O510227,2026-05-26,C10948,P2017,2,0.25,42.64,69.06,Apparel,138.12,34.53,103.59,85.28,7.5,2.07
O510228,2025-10-20,C10817,P2052,3,0.05,85.13,212.17,Beauty,636.51,31.83,604.68,255.39,6.75,19.28
O510229,2025-11-25,C10879,P2053,2,0.1,95.73,175.96,Electronics,351.92,35.19,316.73,191.46,4.82,6.18
O510230,2026-03-08,C10477,P2068,1,0.25,54.46,128.05,Home,128.05,32.01,96.04,54.46,5.32,2.59
O510231,2026-04-06,C10822,P2031,3,0.0,54.53,117.07,Sports,351.21,0.0,351.21,163.59,5.45,7.85
O510232,2025-04-10,C10569,P2022,2,0.0,39.69,79.46,Beauty,158.92,0.0,158.92,79.38,5.49,3.9
O510233,2025-10-07,C11102,P2058,2,0.15,56.31,124.87,Electronics,249.74,37.46,212.28,112.62,7.16,5.41
O510234,2025-03-20,C10768,P2036,2,0.1,79.57,186.92,Apparel,373.84,37.38,336.46,159.14,5.36,9.31
O510235,2025-02-12,C10200,P2044,1,0.15,96.39,166.51,Electronics,166.51,24.98,141.53,96.39,4.46,3.06
O510236,2025-10-09,C11102,P2060,3,0.15,91.93,225.41,Sports,676.23,101.43,574.8,275.79,4.28,13.78
O510237,2025-08-25,C10473,P2029,1,0.1,30.95,55.54,Apparel,55.54,5.55,49.99,30.95,5.15,1.05
O510238,2025-01-28,C10895,P2032,2,0.1,83.59,176.17,Apparel,352.34,35.23,317.11,167.18,6.45,8.27
O510239,2025-03-17,C10678,P2012,2,0.15,91.5,250.58,Home,501.16,75.17,425.99,183.0,2.96,13.5
O510240,2025-10-16,C10678,P2025,2,0.2,59.62,149.3,Electronics,298.6,59.72,238.88,119.24,4.16,5.74
O510241,2026-02-05,C11114,P2019,1,0.1,28.46,61.03,Sports,61.03,6.1,54.93,28.46,8.97,1.4
O510242,2025-03-21,C10344,P2052,2,0.2,85.13,212.17,Beauty,424.34,84.87,339.47,170.26,5.98,6.26
O510243,2025-10-23,C11124,P2043,2,0.1,34.43,56.92,Electronics,113.84,11.38,102.46,68.86,5.12,2.09
O510244,2025-06-08,C11138,P2009,1,0.1,89.03,195.13,Home,195.13,19.51,175.62,89.03,4.55,3.94
O510245,2026-06-23,C11099,P2058,1,0.1,56.31,124.87,Electronics,124.87,12.49,112.38,56.31,5.02,3.24
O510246,2026-06-19,C10687,P2057,3,0.05,24.55,53.8,Beauty,161.4,8.07,153.33,73.65,5.43,4.81
O510247,2025-02-22,C10479,P2054,2,0.2,19.42,50.24,Beauty,100.48,20.1,80.38,38.84,6.19,2.54
O510248,2025-07-23,C10381,P2028,1,0.05,49.21,76.08,Beauty,76.08,3.8,72.28,49.21,5.81,1.58
O510249,2026-06-29,C10285,P2063,1,0.0,107.79,241.07,Sports,241.07,0.0,241.07,107.79,7.17,6.13
O510250,2025-08-15,C10666,P2075,2,0.1,49.49,125.61,Electronics,251.22,25.12,226.1,98.98,4.83,6.88
O510251,2025-07-31,C10332,P2061,1,0.1,92.46,150.56,Sports,150.56,15.06,135.5,92.46,6.21,2.65
O510252,2025-10-08,C11138,P2008,1,0.15,64.11,126.24,Beauty,126.24,18.94,107.3,64.11,3.16,2.55
O510253,2025-10-30,C10582,P2051,2,0.1,21.09,56.25,Home,112.5,11.25,101.25,42.18,5.95,1.9
O510254,2026-04-07,C10692,P2073,2,0.25,103.53,278.8,Apparel,557.6,139.4,418.2,207.06,4.09,10.15
O510255,2025-04-27,C10973,P2058,1,0.25,56.31,124.87,Electronics,124.87,31.22,93.65,56.31,6.57,2.87
O510256,2025-08-14,C10311,P2047,2,0.15,23.95,36.37,Sports,72.74,10.91,61.83,47.9,6.38,1.63
O510257,2025-03-18,C10648,P2008,1,0.2,64.11,126.24,Beauty,126.24,25.25,100.99,64.11,4.4,2.44
O510258,2025-03-17,C11149,P2063,1,0.15,107.79,241.07,Sports,241.07,36.16,204.91,107.79,5.59,5.48
O510259,2025-12-09,C10153,P2027,2,0.2,39.51,103.84,Electronics,207.68,41.54,166.14,79.02,4.16,4.71
O510260,2025-12-21,C10129,P2070,1,0.0,80.41,185.88,Sports,185.88,0.0,185.88,80.41,3.2,3.79
O510261,2025-12-03,C10202,P2079,2,0.1,76.11,150.73,Apparel,301.46,30.15,271.31,152.22,2.5,5.98
O510262,2026-06-30,C10359,P2021,2,0.0,75.19,147.18,Electronics,294.36,0.0,294.36,150.38,5.2,5.38
O510263,2025-04-08,C10026,P2000,1,0.1,20.01,46.3,Beauty,46.3,4.63,41.67,20.01,7.34,1.05
O510264,2025-01-24,C10371,P2064,2,0.25,92.82,194.3,Sports,388.6,97.15,291.45,185.64,2.62,5.69
O510265,2025-05-11,C10301,P2022,1,0.1,39.69,79.46,Beauty,79.46,7.95,71.51,39.69,7.41,2.15
O510266,2025-08-09,C11163,P2034,1,0.15,84.74,206.91,Electronics,206.91,31.04,175.87,84.74,4.74,5.03
O510267,2026-01-24,C10602,P2038,2,0.1,61.98,100.85,Sports,201.7,20.17,181.53,123.96,5.77,4.98
O510268,2025-08-12,C10233,P2010,2,0.1,105.58,212.84,Electronics,425.68,42.57,383.11,211.16,6.05,11.35
O510269,2025-11-23,C10905,P2070,2,0.05,80.41,185.88,Sports,371.76,18.59,353.17,160.82,6.01,10.6
O510270,2025-11-22,C10474,P2009,2,0.15,89.03,195.13,Home,390.26,58.54,331.72,178.06,5.01,8.22
O510271,2025-01-16,C10593,P2005,2,0.1,21.42,39.38,Sports,78.76,7.88,70.88,42.84,3.54,1.98
O510272,2025-12-26,C10499,P2063,2,0.1,107.79,241.07,Sports,482.14,48.21,433.93,215.58,5.73,8.33
O510273,2026-03-28,C10657,P2028,1,0.2,49.21,76.08,Beauty,76.08,15.22,60.86,49.21,5.12,1.47
O510274,2025-05-03,C10746,P2050,1,0.05,47.62,83.27,Beauty,83.27,4.16,79.11,47.62,5.67,2.47
O510275,2026-06-05,C10768,P2022,3,0.0,39.69,79.46,Beauty,238.38,0.0,238.38,119.07,4.89,7.35
O510276,2026-01-10,C11155,P2038,1,0.1,61.98,100.85,Sports,100.85,10.09,90.76,61.98,2.5,2.65
O510277,2025-06-12,C10246,P2034,1,0.0,84.74,206.91,Electronics,206.91,0.0,206.91,84.74,2.5,4.88
O510278,2026-03-22,C10384,P2071,1,0.1,72.34,202.22,Beauty,202.22,20.22,182.0,72.34,3.77,4.79
O510279,2025-04-30,C10560,P2011,1,0.25,25.59,43.62,Electronics,43.62,10.9,32.71,25.59,6.26,0.98
O510280,2025-12-20,C11122,P2057,3,0.05,24.55,53.8,Beauty,161.4,8.07,153.33,73.65,4.37,4.76
O510281,2025-10-28,C10301,P2053,1,0.0,95.73,175.96,Electronics,175.96,0.0,175.96,95.73,4.31,4.99
O510282,2025-03-03,C10862,P2002,1,0.15,36.16,61.12,Beauty,61.12,9.17,51.95,36.16,4.67,1.2
O510283,2026-02-08,C11032,P2020,1,0.0,96.28,147.84,Home,147.84,0.0,147.84,96.28,6.83,3.95
O510284,2026-04-07,C10392,P2053,1,0.2,95.73,175.96,Electronics,175.96,35.19,140.77,95.73,4.15,3.15
O510285,2025-08-27,C10726,P2040,2,0.05,46.24,112.16,Electronics,224.32,11.22,213.1,92.48,2.5,5.31
O510286,2026-02-13,C10525,P2034,1,0.0,84.74,206.91,Electronics,206.91,0.0,206.91,84.74,4.37,4.99
O510287,2025-11-21,C10350,P2011,3,0.15,25.59,43.62,Electronics,130.86,19.63,111.23,76.77,5.09,3.34
O510288,2026-03-21,C10261,P2027,1,0.0,39.51,103.84,Electronics,103.84,0.0,103.84,39.51,4.45,2.97
O510289,2025-06-19,C10932,P2038,1,0.0,61.98,100.85,Sports,100.85,0.0,100.85,61.98,6.44,2.96
O510290,2025-07-10,C10465,P2048,3,0.15,26.01,65.12,Home,195.36,29.3,166.06,78.03,4.7,3.51
O510291,2026-06-23,C10540,P2000,2,0.2,20.01,46.3,Beauty,92.6,18.52,74.08,40.02,6.09,1.8
O510292,2025-02-25,C10598,P2017,1,0.2,42.64,69.06,Apparel,69.06,13.81,55.25,42.64,5.31,1.0
O510293,2025-05-08,C10195,P2032,2,0.25,83.59,176.17,Apparel,352.34,88.08,264.26,167.18,5.7,5.23
O510294,2025-02-16,C10753,P2053,2,0.1,95.73,175.96,Electronics,351.92,35.19,316.73,191.46,3.68,8.48
O510295,2026-02-04,C10745,P2021,1,0.0,75.19,147.18,Electronics,147.18,0.0,147.18,75.19,6.6,4.45
O510296,2026-03-16,C10694,P2049,1,0.05,75.64,173.14,Apparel,173.14,8.66,164.48,75.64,4.1,3.29
O510297,2025-07-14,C10961,P2068,3,0.0,54.46,128.05,Home,384.15,0.0,384.15,163.38,5.52,10.13
O510298,2025-05-08,C10708,P2010,1,0.0,105.58,212.84,Electronics,212.84,0.0,212.84,105.58,6.36,5.23
O510299,2025-10-15,C10087,P2036,1,0.25,79.57,186.92,Apparel,186.92,46.73,140.19,79.57,5.07,4.44
O510300,2025-01-09,C11132,P2044,2,0.2,96.39,166.51,Electronics,333.02,66.6,266.42,192.78,9.27,7.42
O510301,2025-10-07,C10586,P2027,2,0.15,39.51,103.84,Electronics,207.68,31.15,176.53,79.02,5.95,3.28
O510302,2025-09-17,C10605,P2078,1,0.15,80.99,151.9,Beauty,151.9,22.78,129.12,80.99,2.83,2.84
O510303,2025-10-29,C10320,P2011,3,0.1,25.59,43.62,Electronics,130.86,13.09,117.77,76.77,4.39,2.87
O510304,2025-06-28,C10602,P2032,1,0.0,83.59,176.17,Apparel,176.17,0.0,176.17,83.59,4.18,3.77
O510305,2025-04-13,C10582,P2045,1,0.0,54.87,109.92,Sports,109.92,0.0,109.92,54.87,3.29,2.84
O510306,2025-01-16,C11105,P2031,1,0.1,54.53,117.07,Sports,117.07,11.71,105.36,54.53,3.83,2.11
O510307,2026-06-06,C10488,P2065,1,0.0,74.22,160.54,Electronics,160.54,0.0,160.54,74.22,2.73,4.13
O510308,2025-03-11,C10781,P2044,1,0.0,96.39,166.51,Electronics,166.51,0.0,166.51,96.39,3.25,3.99
O510309,2025-11-12,C10500,P2025,1,0.05,59.62,149.3,Electronics,149.3,7.47,141.84,59.62,3.2,4.05
O510310,2025-12-03,C11162,P2037,1,0.1,19.43,42.14,Home,42.14,4.21,37.93,19.43,2.5,0.75
O510311,2025-05-02,C10604,P2017,1,0.05,42.64,69.06,Apparel,69.06,3.45,65.61,42.64,5.43,1.76
O510312,2025-11-08,C10111,P2065,1,0.0,74.22,160.54,Electronics,160.54,0.0,160.54,74.22,4.34,4.65
O510313,2026-04-18,C10711,P2072,3,0.1,85.85,152.66,Sports,457.98,45.8,412.18,257.55,5.29,10.03
O510314,2025-07-28,C10296,P2003,2,0.0,103.86,246.21,Sports,492.42,0.0,492.42,207.72,7.68,14.31
O510315,2026-05-06,C10833,P2078,1,0.15,80.99,151.9,Beauty,151.9,22.78,129.12,80.99,5.9,3.31
O510316,2025-02-05,C10871,P2066,2,0.05,21.23,45.94,Beauty,91.88,4.59,87.29,42.46,5.73,1.65
O510317,2025-03-20,C11102,P2012,2,0.05,91.5,250.58,Home,501.16,25.06,476.1,183.0,3.11,12.75
O510318,2026-05-02,C10918,P2062,2,0.15,69.71,151.88,Beauty,303.76,45.56,258.2,139.42,4.25,4.79
O510319,2026-03-15,C10296,P2032,3,0.05,83.59,176.17,Apparel,528.51,26.43,502.08,250.77,8.3,15.67
O510320,2025-03-03,C11148,P2049,1,0.0,75.64,173.14,Apparel,173.14,0.0,173.14,75.64,3.53,4.75
O510321,2026-05-27,C10585,P2009,1,0.2,89.03,195.13,Home,195.13,39.03,156.1,89.03,5.21,3.66
O510322,2025-10-09,C11056,P2024,1,0.15,38.64,85.56,Electronics,85.56,12.83,72.73,38.64,2.5,1.48
O510323,2026-04-17,C10654,P2038,2,0.0,61.98,100.85,Sports,201.7,0.0,201.7,123.96,3.12,6.0
O510324,2026-04-01,C10187,P2032,2,0.0,83.59,176.17,Apparel,352.34,0.0,352.34,167.18,3.25,9.46
O510325,2026-02-26,C10957,P2056,1,0.1,12.18,29.13,Home,29.13,2.91,26.22,12.18,5.45,0.55
O510326,2026-06-04,C10522,P2052,1,0.1,85.13,212.17,Beauty,212.17,21.22,190.95,85.13,5.48,3.69
O510327,2026-06-09,C10893,P2059,1,0.25,74.58,192.13,Electronics,192.13,48.03,144.1,74.58,5.93,3.33
O510328,2026-05-20,C10929,P2075,1,0.15,49.49,125.61,Electronics,125.61,18.84,106.77,49.49,4.02,2.29
O510329,2025-03-25,C10358,P2026,3,0.05,25.88,63.53,Beauty,190.59,9.53,181.06,77.64,6.67,5.57
O510330,2025-04-22,C10494,P2036,1,0.1,79.57,186.92,Apparel,186.92,18.69,168.23,79.57,2.69,5.38
O510331,2026-06-11,C10326,P2065,1,0.2,74.22,160.54,Electronics,160.54,32.11,128.43,74.22,4.45,2.97
O510332,2026-04-29,C10489,P2074,1,0.0,60.53,130.38,Sports,130.38,0.0,130.38,60.53,6.66,4.1
O510333,2025-09-27,C11130,P2058,1,0.0,56.31,124.87,Electronics,124.87,0.0,124.87,56.31,7.92,3.1
O510334,2026-01-09,C11101,P2073,3,0.1,103.53,278.8,Apparel,836.4,83.64,752.76,310.59,5.36,20.79
O510335,2025-06-23,C10811,P2027,2,0.0,39.51,103.84,Electronics,207.68,0.0,207.68,79.02,3.97,5.96
O510336,2025-11-08,C10583,P2047,2,0.0,23.95,36.37,Sports,72.74,0.0,72.74,47.9,5.65,1.79
O510337,2025-08-31,C11091,P2064,2,0.25,92.82,194.3,Sports,388.6,97.15,291.45,185.64,6.93,6.31
O510338,2025-11-22,C10524,P2047,1,0.0,23.95,36.37,Sports,36.37,0.0,36.37,23.95,8.29,1.11
O510339,2025-03-28,C11154,P2031,1,0.2,54.53,117.07,Sports,117.07,23.41,93.66,54.53,4.85,2.32
O510340,2025-08-24,C10009,P2028,1,0.15,49.21,76.08,Beauty,76.08,11.41,64.67,49.21,4.33,1.65
O510341,2026-01-09,C10482,P2009,1,0.1,89.03,195.13,Home,195.13,19.51,175.62,89.03,4.74,4.52
O510342,2026-02-09,C10118,P2058,2,0.0,56.31,124.87,Electronics,249.74,0.0,249.74,112.62,4.53,5.5
O510343,2025-12-31,C10670,P2047,1,0.0,23.95,36.37,Sports,36.37,0.0,36.37,23.95,5.97,0.83
O510344,2025-04-17,C10910,P2011,1,0.05,25.59,43.62,Electronics,43.62,2.18,41.44,25.59,5.59,1.27
O510345,2026-01-19,C10314,P2068,2,0.1,54.46,128.05,Home,256.1,25.61,230.49,108.92,6.73,6.58
O510346,2025-02-02,C10766,P2043,2,0.05,34.43,56.92,Electronics,113.84,5.69,108.15,68.86,6.1,2.42
O510347,2025-12-22,C10303,P2037,1,0.05,19.43,42.14,Home,42.14,2.11,40.03,19.43,4.0,0.92
O510348,2026-02-17,C11105,P2070,1,0.0,80.41,185.88,Sports,185.88,0.0,185.88,80.41,2.59,4.61
O510349,2025-06-05,C10449,P2042,2,0.1,21.36,43.17,Sports,86.34,8.63,77.71,42.72,2.61,1.76
O510350,2026-04-10,C10563,P2002,2,0.05,36.16,61.12,Beauty,122.24,6.11,116.13,72.32,2.94,2.79
O510351,2026-05-31,C10049,P2068,2,0.0,54.46,128.05,Home,256.1,0.0,256.1,108.92,2.5,5.15
O510352,2025-02-04,C10817,P2048,2,0.1,26.01,65.12,Home,130.24,13.02,117.22,52.02,4.51,3.67
O510353,2025-04-09,C10631,P2006,2,0.2,90.83,200.16,Electronics,400.32,80.06,320.26,181.66,6.26,9.49
O510354,2025-03-29,C10484,P2040,1,0.0,46.24,112.16,Electronics,112.16,0.0,112.16,46.24,3.95,2.25
O510355,2025-01-01,C10822,P2076,1,0.1,94.33,153.36,Apparel,153.36,15.34,138.02,94.33,5.17,3.67
O510356,2026-04-28,C10006,P2027,1,0.15,39.51,103.84,Electronics,103.84,15.58,88.26,39.51,3.13,2.59
O510357,2026-02-22,C10850,P2006,2,0.1,90.83,200.16,Electronics,400.32,40.03,360.29,181.66,8.45,10.47
O510358,2025-01-05,C10937,P2078,1,0.15,80.99,151.9,Beauty,151.9,22.78,129.12,80.99,8.41,2.93
O510359,2025-12-23,C10652,P2052,2,0.2,85.13,212.17,Beauty,424.34,84.87,339.47,170.26,3.78,9.21
O510360,2025-12-27,C10547,P2001,1,0.15,67.86,159.31,Electronics,159.31,23.9,135.41,67.86,4.13,3.4
O510361,2025-04-23,C10756,P2074,1,0.1,60.53,130.38,Sports,130.38,13.04,117.34,60.53,7.21,2.4
O510362,2025-02-23,C10970,P2029,1,0.1,30.95,55.54,Apparel,55.54,5.55,49.99,30.95,5.24,1.33
O510363,2025-01-03,C10418,P2013,1,0.15,14.91,32.18,Beauty,32.18,4.83,27.35,14.91,6.74,0.75
O510364,2025-04-06,C10361,P2045,3,0.15,54.87,109.92,Sports,329.76,49.46,280.3,164.61,5.36,8.61
O510365,2026-03-04,C10106,P2010,3,0.1,105.58,212.84,Electronics,638.52,63.85,574.67,316.74,6.76,15.59
O510366,2025-10-28,C10936,P2002,1,0.05,36.16,61.12,Beauty,61.12,3.06,58.06,36.16,3.45,1.25
O510367,2025-12-06,C11137,P2003,2,0.0,103.86,246.21,Sports,492.42,0.0,492.42,207.72,6.74,10.49
O510368,2026-04-17,C11004,P2006,1,0.0,90.83,200.16,Electronics,200.16,0.0,200.16,90.83,5.91,4.07
O510369,2025-02-11,C10916,P2071,2,0.1,72.34,202.22,Beauty,404.44,40.44,364.0,144.68,6.95,10.64
O510370,2026-02-27,C10145,P2009,2,0.1,89.03,195.13,Home,390.26,39.03,351.23,178.06,6.84,7.6
O510371,2025-06-30,C10317,P2032,2,0.05,83.59,176.17,Apparel,352.34,17.62,334.72,167.18,5.4,6.27
O510372,2026-05-30,C10947,P2013,2,0.2,14.91,32.18,Beauty,64.36,12.87,51.49,29.82,5.07,1.46
O510373,2025-03-18,C10106,P2000,1,0.05,20.01,46.3,Beauty,46.3,2.32,43.98,20.01,4.96,0.94
O510374,2025-04-27,C10443,P2006,1,0.05,90.83,200.16,Electronics,200.16,10.01,190.15,90.83,4.31,3.99
O510375,2026-06-28,C11102,P2008,1,0.25,64.11,126.24,Beauty,126.24,31.56,94.68,64.11,4.04,2.99
O510376,2025-07-19,C10105,P2035,2,0.05,33.04,85.13,Beauty,170.26,8.51,161.75,66.08,6.68,3.05
O510377,2026-04-16,C10891,P2068,1,0.0,54.46,128.05,Home,128.05,0.0,128.05,54.46,2.64,3.62
O510378,2026-03-10,C10431,P2079,3,0.15,76.11,150.73,Apparel,452.19,67.83,384.36,228.33,4.92,11.99
O510379,2025-01-14,C10198,P2007,2,0.0,81.19,138.2,Apparel,276.4,0.0,276.4,162.38,6.29,5.39
O510380,2025-12-24,C10734,P2062,1,0.2,69.71,151.88,Beauty,151.88,30.38,121.5,69.71,6.88,3.61
O510381,2026-03-19,C10077,P2028,1,0.25,49.21,76.08,Beauty,76.08,19.02,57.06,49.21,4.59,1.76
O510382,2025-12-23,C10569,P2038,1,0.05,61.98,100.85,Sports,100.85,5.04,95.81,61.98,6.68,2.72
O510383,2025-07-12,C10223,P2035,1,0.0,33.04,85.13,Beauty,85.13,0.0,85.13,33.04,7.53,2.23
O510384,2025-01-30,C10977,P2073,1,0.15,103.53,278.8,Apparel,278.8,41.82,236.98,103.53,2.5,5.39
O510385,2026-03-18,C10148,P2019,2,0.15,28.46,61.03,Sports,122.06,18.31,103.75,56.92,6.95,2.4
O510386,2026-06-09,C10337,P2041,3,0.1,53.15,104.66,Apparel,313.98,31.4,282.58,159.45,3.79,7.75
O510387,2026-03-05,C10203,P2039,1,0.05,88.55,225.55,Beauty,225.55,11.28,214.27,88.55,3.36,4.67
O510388,2025-11-13,C10702,P2054,1,0.0,19.42,50.24,Beauty,50.24,0.0,50.24,19.42,7.66,0.97
O510389,2025-10-20,C10447,P2067,1,0.15,89.48,177.38,Sports,177.38,26.61,150.77,89.48,5.47,2.83
O510390,2025-02-12,C10396,P2031,1,0.0,54.53,117.07,Sports,117.07,0.0,117.07,54.53,4.05,2.5
O510391,2025-10-27,C10980,P2074,3,0.2,60.53,130.38,Sports,391.14,78.23,312.91,181.59,6.0,8.84
O510392,2025-03-15,C10882,P2034,1,0.15,84.74,206.91,Electronics,206.91,31.04,175.87,84.74,4.65,4.13
O510393,2026-06-17,C10819,P2033,1,0.1,102.58,280.83,Apparel,280.83,28.08,252.75,102.58,7.25,6.91
O510394,2026-02-16,C11134,P2013,1,0.2,14.91,32.18,Beauty,32.18,6.44,25.74,14.91,5.07,0.61
O510395,2026-01-20,C10028,P2048,1,0.0,26.01,65.12,Home,65.12,0.0,65.12,26.01,3.8,1.36
O510396,2025-02-02,C10911,P2032,1,0.0,83.59,176.17,Apparel,176.17,0.0,176.17,83.59,6.44,4.37
O510397,2025-11-21,C10701,P2067,2,0.05,89.48,177.38,Sports,354.76,17.74,337.02,178.96,5.27,7.0
O510398,2025-07-23,C10941,P2027,1,0.2,39.51,103.84,Electronics,103.84,20.77,83.07,39.51,2.5,2.04
O510399,2025-01-25,C11160,P2079,2,0.0,76.11,150.73,Apparel,301.46,0.0,301.46,152.22,5.96,9.37
O510400,2025-03-16,C11087,P2046,2,0.1,41.9,79.58,Sports,159.16,15.92,143.24,83.8,5.63,3.33
O510401,2026-06-07,C10576,P2073,2,0.05,103.53,278.8,Apparel,557.6,27.88,529.72,207.06,5.29,12.14
O510402,2025-11-19,C10664,P2054,3,0.05,19.42,50.24,Beauty,150.72,7.54,143.18,58.26,5.57,4.29
O510403,2026-06-08,C10688,P2061,2,0.05,92.46,150.56,Sports,301.12,15.06,286.06,184.92,5.18,8.9
O510404,2025-02-07,C10955,P2039,2,0.15,88.55,225.55,Beauty,451.1,67.67,383.44,177.1,5.21,11.19
O510405,2025-05-15,C10909,P2016,1,0.1,23.99,66.65,Electronics,66.65,6.67,59.99,23.99,5.68,1.6
O510406,2025-06-27,C10113,P2026,2,0.0,25.88,63.53,Beauty,127.06,0.0,127.06,51.76,5.17,3.08
O510407,2026-03-11,C11105,P2032,2,0.05,83.59,176.17,Apparel,352.34,17.62,334.72,167.18,6.7,8.35
O510408,2026-02-25,C11107,P2072,2,0.25,85.85,152.66,Sports,305.32,76.33,228.99,171.7,6.72,6.04
O510409,2026-04-07,C10496,P2066,2,0.0,21.23,45.94,Beauty,91.88,0.0,91.88,42.46,3.24,1.79
O510410,2025-07-05,C11098,P2010,3,0.15,105.58,212.84,Electronics,638.52,95.78,542.74,316.74,6.89,12.29
O510411,2025-09-21,C10192,P2064,1,0.0,92.82,194.3,Sports,194.3,0.0,194.3,92.82,7.25,5.98
O510412,2025-08-11,C10473,P2007,1,0.0,81.19,138.2,Apparel,138.2,0.0,138.2,81.19,6.13,2.56
O510413,2025-01-09,C10444,P2053,1,0.15,95.73,175.96,Electronics,175.96,26.39,149.57,95.73,5.2,3.46
O510414,2025-01-07,C11001,P2052,1,0.0,85.13,212.17,Beauty,212.17,0.0,212.17,85.13,2.5,6.49
O510415,2025-06-20,C10208,P2010,2,0.15,105.58,212.84,Electronics,425.68,63.85,361.83,211.16,2.5,9.54
O510416,2025-05-24,C10607,P2045,2,0.05,54.87,109.92,Sports,219.84,10.99,208.85,109.74,7.03,3.79
O510417,2026-02-28,C11050,P2004,1,0.15,82.13,229.05,Sports,229.05,34.36,194.69,82.13,3.27,5.29
O510418,2026-02-21,C10488,P2026,1,0.05,25.88,63.53,Beauty,63.53,3.18,60.35,25.88,3.62,1.21
O510419,2026-01-04,C10643,P2046,1,0.1,41.9,79.58,Sports,79.58,7.96,71.62,41.9,5.53,1.39
O510420,2025-01-24,C10630,P2078,2,0.0,80.99,151.9,Beauty,303.8,0.0,303.8,161.98,2.5,5.9
O510421,2025-08-31,C10259,P2079,2,0.15,76.11,150.73,Apparel,301.46,45.22,256.24,152.22,5.99,6.62
O510422,2025-02-26,C10694,P2061,1,0.15,92.46,150.56,Sports,150.56,22.58,127.98,92.46,5.01,3.55
O510423,2026-02-03,C10593,P2058,1,0.0,56.31,124.87,Electronics,124.87,0.0,124.87,56.31,3.74,2.54
O510424,2025-02-20,C10073,P2044,3,0.2,96.39,166.51,Electronics,499.53,99.91,399.62,289.17,7.23,9.27
O510425,2026-05-09,C11199,P2041,2,0.15,53.15,104.66,Apparel,209.32,31.4,177.92,106.3,5.91,4.87
O510426,2025-03-22,C10682,P2020,2,0.05,96.28,147.84,Home,295.68,14.78,280.9,192.56,3.01,6.4
O510427,2025-06-04,C10764,P2039,2,0.1,88.55,225.55,Beauty,451.1,45.11,405.99,177.1,7.48,10.52
O510428,2025-11-05,C10588,P2021,1,0.0,75.19,147.18,Electronics,147.18,0.0,147.18,75.19,6.19,4.19
O510429,2025-09-03,C10878,P2003,3,0.0,103.86,246.21,Sports,738.63,0.0,738.63,311.58,6.02,14.13
O510430,2025-08-04,C10122,P2038,1,0.2,61.98,100.85,Sports,100.85,20.17,80.68,61.98,4.0,1.64
O510431,2025-04-15,C10314,P2012,1,0.0,91.5,250.58,Home,250.58,0.0,250.58,91.5,5.83,7.7
O510432,2025-06-18,C10915,P2013,3,0.0,14.91,32.18,Beauty,96.54,0.0,96.54,44.73,8.63,1.78
O510433,2025-12-05,C10588,P2025,2,0.2,59.62,149.3,Electronics,298.6,59.72,238.88,119.24,3.52,5.38
O510434,2025-08-16,C10695,P2037,2,0.1,19.43,42.14,Home,84.28,8.43,75.85,38.86,7.06,1.65
O510435,2026-05-16,C11135,P2026,1,0.15,25.88,63.53,Beauty,63.53,9.53,54.0,25.88,4.23,1.7
O510436,2025-04-02,C11103,P2072,1,0.25,85.85,152.66,Sports,152.66,38.16,114.5,85.85,7.3,3.38
O510437,2026-02-24,C11024,P2005,3,0.25,21.42,39.38,Sports,118.14,29.54,88.61,64.26,6.58,2.33
O510438,2025-11-15,C10700,P2052,2,0.0,85.13,212.17,Beauty,424.34,0.0,424.34,170.26,4.71,9.8
O510439,2025-12-25,C10392,P2077,3,0.2,99.36,190.12,Apparel,570.36,114.07,456.29,298.08,4.37,14.06
O510440,2026-02-03,C10789,P2050,3,0.05,47.62,83.27,Beauty,249.81,12.49,237.32,142.86,4.45,5.51
O510441,2025-06-21,C10570,P2058,1,0.15,56.31,124.87,Electronics,124.87,18.73,106.14,56.31,7.41,2.53
O510442,2025-07-16,C10275,P2008,2,0.15,64.11,126.24,Beauty,252.48,37.87,214.61,128.22,2.88,6.74
O510443,2025-04-29,C10574,P2037,3,0.15,19.43,42.14,Home,126.42,18.96,107.46,58.29,5.97,2.96
O510444,2025-11-10,C10297,P2026,3,0.1,25.88,63.53,Beauty,190.59,19.06,171.53,77.64,3.09,4.77
O510445,2026-05-17,C10618,P2066,1,0.1,21.23,45.94,Beauty,45.94,4.59,41.35,21.23,4.23,1.3
O510446,2025-06-05,C11199,P2034,1,0.1,84.74,206.91,Electronics,206.91,20.69,186.22,84.74,5.66,4.37
O510447,2026-02-04,C10857,P2072,1,0.25,85.85,152.66,Sports,152.66,38.16,114.5,85.85,2.83,3.25
O510448,2025-11-16,C10930,P2049,2,0.1,75.64,173.14,Apparel,346.28,34.63,311.65,151.28,4.9,9.09
O510449,2025-10-24,C10556,P2011,2,0.2,25.59,43.62,Electronics,87.24,17.45,69.79,51.18,2.5,1.61
O510450,2025-03-31,C10834,P2071,2,0.15,72.34,202.22,Beauty,404.44,60.67,343.77,144.68,5.12,8.5
O510451,2025-12-10,C11066,P2077,1,0.1,99.36,190.12,Apparel,190.12,19.01,171.11,99.36,7.25,5.27
O510452,2025-03-30,C11156,P2058,1,0.05,56.31,124.87,Electronics,124.87,6.24,118.63,56.31,3.71,3.29
O510453,2026-04-27,C10651,P2015,2,0.05,32.67,56.68,Home,113.36,5.67,107.69,65.34,5.73,2.32
O510454,2025-11-29,C11173,P2007,3,0.15,81.19,138.2,Apparel,414.6,62.19,352.41,243.57,4.41,6.59
O510455,2026-01-26,C10467,P2025,1,0.1,59.62,149.3,Electronics,149.3,14.93,134.37,59.62,6.83,3.59
O510456,2026-02-09,C10072,P2030,3,0.2,81.44,160.67,Electronics,482.01,96.4,385.61,244.32,7.49,9.7
O510457,2025-07-27,C10674,P2012,2,0.15,91.5,250.58,Home,501.16,75.17,425.99,183.0,3.88,12.62
O510458,2025-03-30,C10334,P2079,2,0.0,76.11,150.73,Apparel,301.46,0.0,301.46,152.22,2.5,6.18
O510459,2025-05-23,C10813,P2003,1,0.1,103.86,246.21,Sports,246.21,24.62,221.59,103.86,4.01,4.92
O510460,2025-01-03,C11090,P2028,1,0.2,49.21,76.08,Beauty,76.08,15.22,60.86,49.21,6.49,1.56
O510461,2025-07-30,C10758,P2045,3,0.15,54.87,109.92,Sports,329.76,49.46,280.3,164.61,3.57,6.16
O510462,2025-12-15,C10972,P2076,1,0.15,94.33,153.36,Apparel,153.36,23.0,130.36,94.33,5.02,3.46
O510463,2025-07-23,C10745,P2042,1,0.05,21.36,43.17,Sports,43.17,2.16,41.01,21.36,3.14,1.14
O510464,2025-08-10,C10156,P2029,2,0.0,30.95,55.54,Apparel,111.08,0.0,111.08,61.9,6.61,3.05
O510465,2025-04-11,C11091,P2057,2,0.05,24.55,53.8,Beauty,107.6,5.38,102.22,49.1,5.99,2.19
O510466,2026-06-25,C10888,P2065,2,0.05,74.22,160.54,Electronics,321.08,16.05,305.03,148.44,6.66,6.14
O510467,2026-05-08,C10555,P2055,1,0.0,14.94,29.55,Sports,29.55,0.0,29.55,14.94,5.51,0.67
O510468,2026-06-12,C10208,P2010,2,0.1,105.58,212.84,Electronics,425.68,42.57,383.11,211.16,3.15,6.94
O510469,2025-02-10,C11162,P2006,2,0.25,90.83,200.16,Electronics,400.32,100.08,300.24,181.66,5.75,6.0
O510470,2025-12-15,C10927,P2019,1,0.0,28.46,61.03,Sports,61.03,0.0,61.03,28.46,3.64,1.24
O510471,2025-08-31,C10240,P2044,1,0.1,96.39,166.51,Electronics,166.51,16.65,149.86,96.39,7.51,2.93
O510472,2026-01-25,C10855,P2065,2,0.05,74.22,160.54,Electronics,321.08,16.05,305.03,148.44,3.32,5.93
O510473,2025-07-23,C11134,P2025,2,0.1,59.62,149.3,Electronics,298.6,29.86,268.74,119.24,5.95,6.91
O510474,2025-12-05,C10959,P2063,3,0.1,107.79,241.07,Sports,723.21,72.32,650.89,323.37,4.89,15.24
O510475,2025-08-04,C10097,P2026,1,0.05,25.88,63.53,Beauty,63.53,3.18,60.35,25.88,6.23,1.27
O510476,2025-04-21,C10751,P2073,3,0.0,103.53,278.8,Apparel,836.4,0.0,836.4,310.59,5.52,17.12
O510477,2025-11-03,C10691,P2027,1,0.2,39.51,103.84,Electronics,103.84,20.77,83.07,39.51,6.16,1.83
O510478,2025-01-07,C10456,P2050,2,0.15,47.62,83.27,Beauty,166.54,24.98,141.56,95.24,5.75,4.17
O510479,2026-01-24,C10929,P2028,2,0.25,49.21,76.08,Beauty,152.16,38.04,114.12,98.42,3.75,2.56
O510480,2025-03-01,C10153,P2061,2,0.05,92.46,150.56,Sports,301.12,15.06,286.06,184.92,5.73,6.31
O510481,2026-06-24,C10156,P2024,1,0.15,38.64,85.56,Electronics,85.56,12.83,72.73,38.64,2.59,1.33
O510482,2025-05-09,C11068,P2039,1,0.15,88.55,225.55,Beauty,225.55,33.83,191.72,88.55,3.53,5.64
O510483,2025-03-11,C10504,P2048,1,0.05,26.01,65.12,Home,65.12,3.26,61.86,26.01,4.9,1.39
O510484,2025-02-07,C10219,P2031,1,0.2,54.53,117.07,Sports,117.07,23.41,93.66,54.53,2.77,2.86
O510485,2025-12-29,C10978,P2066,3,0.25,21.23,45.94,Beauty,137.82,34.46,103.36,63.69,4.33,2.77
O510486,2026-02-12,C10811,P2068,1,0.15,54.46,128.05,Home,128.05,19.21,108.84,54.46,8.59,2.49
O510487,2025-12-10,C10310,P2071,1,0.15,72.34,202.22,Beauty,202.22,30.33,171.89,72.34,6.0,4.31
O510488,2026-03-14,C10576,P2033,3,0.2,102.58,280.83,Apparel,842.49,168.5,673.99,307.74,3.68,14.94
O510489,2025-01-11,C10968,P2040,1,0.25,46.24,112.16,Electronics,112.16,28.04,84.12,46.24,4.34,2.57
O510490,2026-06-05,C11005,P2062,1,0.15,69.71,151.88,Beauty,151.88,22.78,129.1,69.71,5.78,3.82
O510491,2025-01-28,C10377,P2039,3,0.1,88.55,225.55,Beauty,676.65,67.67,608.99,265.65,5.97,13.47
O510492,2026-03-08,C10167,P2006,3,0.0,90.83,200.16,Electronics,600.48,0.0,600.48,272.49,4.61,16.99
O510493,2026-05-16,C10902,P2074,2,0.0,60.53,130.38,Sports,260.76,0.0,260.76,121.06,4.95,5.06
O510494,2025-07-23,C10865,P2071,1,0.05,72.34,202.22,Beauty,202.22,10.11,192.11,72.34,4.66,4.2
O510495,2025-08-24,C10497,P2025,2,0.0,59.62,149.3,Electronics,298.6,0.0,298.6,119.24,5.27,7.45
O510496,2026-04-04,C10772,P2012,2,0.05,91.5,250.58,Home,501.16,25.06,476.1,183.0,2.5,10.73
O510497,2025-11-16,C11165,P2054,3,0.0,19.42,50.24,Beauty,150.72,0.0,150.72,58.26,2.5,4.29
O510498,2025-05-01,C10532,P2008,2,0.0,64.11,126.24,Beauty,252.48,0.0,252.48,128.22,4.49,5.04
O510499,2026-02-12,C10819,P2029,1,0.1,30.95,55.54,Apparel,55.54,5.55,49.99,30.95,5.91,1.16
